#
# A fatal error has been detected by the Java Runtime Environment:
#
#  Internal Error (0xc06d007e), pid=104700, tid=149640
#
# JRE version: OpenJDK Runtime Environment (21.0.10) (build 21.0.10+-14961533-b1163.108)
# Java VM: OpenJDK 64-Bit Server VM (21.0.10+-14961533-b1163.108, mixed mode, tiered, compressed oops, compressed class ptrs, g1 gc, windows-amd64)
# Problematic frame:
# C  [KERNELBASE.dll+0xc1c0a]
#
# No core dump will be written. Minidumps are not enabled by default on client versions of Windows
#
# If you would like to submit a bug report, please visit:
#   https://youtrack.jetbrains.com/issues/JBR
# The crash happened outside the Java Virtual Machine in native code.
# See problematic frame for where to report the bug.
#

---------------  S U M M A R Y ------------

Command Line: abort vfprintf -XX:ErrorFile=C:\Users\Traveltodo\java_error_in_studio_%p.log -XX:HeapDumpPath=C:\Users\Traveltodo\java_error_in_studio.hprof -Xms256m -Xmx2048m -XX:JbrShrinkingGcMaxHeapFreeRatio=40 -XX:ReservedCodeCacheSize=512m -XX:+HeapDumpOnOutOfMemoryError -XX:-OmitStackTraceInFastThrow -XX:CICompilerCount=2 -XX:+IgnoreUnrecognizedVMOptions -XX:+UnlockDiagnosticVMOptions -XX:TieredOldPercentage=100000 -ea -Dsun.io.useCanonCaches=false -Dsun.java2d.metal=true -Djbr.catch.SIGABRT=true -Djdk.http.auth.tunneling.disabledSchemes="" -Djdk.attach.allowAttachSelf=true -Djdk.module.illegalAccess.silent=true -Djdk.nio.maxCachedBufferSize=2097152 -Djava.util.zip.use.nio.for.zip.file.access=true -Dkotlinx.coroutines.debug=off -Dskiko.rendering.useScreenMenuBar=false -Djava.nio.file.spi.DefaultFileSystemProvider=com.intellij.platform.core.nio.fs.MultiRoutingFileSystemProvider -Dflags.configuration.level=COMPLETE -Dflags.debug.enabled=false -Xms128m -Xmx1024m -XX:ReservedCodeCacheSize=512m -XX:+IgnoreUnrecognizedVMOptions -XX:+UseG1GC -XX:SoftRefLRUPolicyMSPerMB=50 -XX:CICompilerCount=2 -XX:+HeapDumpOnOutOfMemoryError -XX:-OmitStackTraceInFastThrow -ea -Dsun.io.useCanonCaches=false -Djdk.http.auth.tunneling.disabledSchemes="" -Djdk.attach.allowAttachSelf=true -Djdk.module.illegalAccess.silent=true -Dkotlinx.coroutines.debug=off -XX:ErrorFile=$USER_HOME/java_error_in_idea_%p.log -XX:HeapDumpPath=$USER_HOME/java_error_in_idea.hprof --add-opens=java.base/jdk.internal.org.objectweb.asm=ALL-UNNAMED --add-opens=java.base/jdk.internal.org.objectweb.asm.tree=ALL-UNNAMED -javaagent:C:\Program Files\JetBrains\PhpStorm 2024.2.1\ja-netfilter.jar=jetbrains -Djb.vmOptionsFile=C:\Program Files\JetBrains\PhpStorm 2024.2.1\vmoptions\studio.vmoptions -Xbootclasspath/a:C:\Program Files\Android\Android Studio1\lib\nio-fs.jar -Djava.system.class.loader=com.intellij.util.lang.PathClassLoader -Didea.vendor.name=Google -Didea.paths.selector=AndroidStudio2026.1.1 -Djna.boot.library.path=C:\Program Files\Android\Android Studio1/lib/jna/amd64 -Djna.nosys=true -Djna.noclasspath=true -Dpty4j.preferred.native.folder=C:\Program Files\Android\Android Studio1/lib/pty4j -Dio.netty.allocator.type=pooled -Dskiko.library.path=C:\Program Files\Android\Android Studio1/lib/skiko-awt-runtime-all -Dintellij.platform.runtime.repository.path=C:\Program Files\Android\Android Studio1/modules/module-descriptors.dat -Didea.platform.prefix=AndroidStudio -XX:FlightRecorderOptions=stackdepth=256 --add-opens=java.base/sun.net.www.protocol.https=ALL-UNNAMED -Djava.security.manager=allow -XX:CompileCommand=exclude,org.jetbrains.kotlin.serialization.deserialization.TypeDeserializer::simpleType -XX:CompileCommand=exclude,org.jetbrains.kotlin.serialization.deserialization.TypeDeserializer::toAttributes -Dsplash=true -Daether.connector.resumeDownloads=false -Dcompose.swing.render.on.graphics=true --enable-native-access=ALL-UNNAMED --add-opens=java.base/java.io=ALL-UNNAMED --add-opens=java.base/java.lang=ALL-UNNAMED --add-opens=java.base/java.lang.ref=ALL-UNNAMED --add-opens=java.base/java.lang.reflect=ALL-UNNAMED --add-opens=java.base/java.net=ALL-UNNAMED --add-opens=java.base/java.nio=ALL-UNNAMED --add-opens=java.base/java.nio.charset=ALL-UNNAMED --add-opens=java.base/java.text=ALL-UNNAMED --add-opens=java.base/java.time=ALL-UNNAMED --add-opens=java.base/java.util=ALL-UNNAMED --add-opens=java.base/java.util.concurrent=ALL-UNNAMED --add-opens=java.base/java.util.concurrent.atomic=ALL-UNNAMED --add-opens=java.base/java.util.concurrent.locks=ALL-UNNAMED --add-opens=java.base/jdk.internal.ref=ALL-UNNAMED --add-opens=java.base/jdk.internal.vm=ALL-UNNAMED --add-opens=java.base/sun.net.dns=ALL-UNNAMED --add-opens=java.base/sun.nio=ALL-UNNAMED --add-opens=java.base/sun.nio.ch=ALL-UNNAMED --add-opens=java.base/sun.nio.fs=ALL-UNNAMED --add-opens=java.base/sun.security.ssl=ALL-UNNAMED --add-opens=java.base/sun.security.util=ALL-UNNAMED --add-opens=java.desktop/com.sun.java.swing=ALL-UNNAMED --add-opens=java.desktop/java.awt=ALL-UNNAMED --add-opens=java.desktop/java.awt.dnd.peer=ALL-UNNAMED --add-opens=java.desktop/java.awt.event=ALL-UNNAMED --add-opens=java.desktop/java.awt.font=ALL-UNNAMED --add-opens=java.desktop/java.awt.image=ALL-UNNAMED --add-opens=java.desktop/java.awt.peer=ALL-UNNAMED --add-opens=java.desktop/javax.swing=ALL-UNNAMED --add-opens=java.desktop/javax.swing.plaf.basic=ALL-UNNAMED --add-opens=java.desktop/javax.swing.text=ALL-UNNAMED --add-opens=java.desktop/javax.swing.text.html=ALL-UNNAMED --add-opens=java.desktop/javax.swing.text.html.parser=ALL-UNNAMED --add-opens=java.desktop/sun.awt=ALL-UNNAMED --add-opens=java.desktop/sun.awt.datatransfer=ALL-UNNAMED --add-opens=java.desktop/sun.awt.image=ALL-UNNAMED --add-opens=java.desktop/sun.awt.windows=ALL-UNNAMED --add-opens=java.desktop/sun.font=ALL-UNNAMED --add-opens=java.desktop/sun.java2d=ALL-UNNAMED --add-opens=java.desktop/sun.swing=ALL-UNNAMED --add-opens=java.management/sun.management=ALL-UNNAMED --add-opens=jdk.attach/sun.tools.attach=ALL-UNNAMED --add-opens=jdk.compiler/com.sun.tools.javac.api=ALL-UNNAMED --add-opens=jdk.internal.jvmstat/sun.jvmstat.monitor=ALL-UNNAMED --add-opens=jdk.jdi/com.sun.tools.jdi=ALL-UNNAMED -Dide.native.launcher=true com.android.tools.idea.MainWrapper C:\Users\Traveltodo\Desktop\Nouveau dossier\mr-burritos-mobile\manager-app\android

Host: 13th Gen Intel(R) Core(TM) i7-13700H, 20 cores, 29G,  Windows 11 , 64 bit Build 26100 (10.0.26100.8737)
Time: Fri Jul 10 18:46:16 2026 Paris, Madrid elapsed time: 99.912440 seconds (0d 0h 1m 39s)

---------------  T H R E A D  ---------------

Current thread (0x0000020d6d2ee930):  JavaThread "DefaultDispatcher-worker-89" daemon [_thread_in_native, id=149640, stack(0x0000002744800000,0x0000002744a00000) (2048K)]

Stack: [0x0000002744800000,0x0000002744a00000],  sp=0x00000027449fd010,  free space=2036k
Native frames: (J=compiled Java code, j=interpreted, Vv=VM code, C=native code)
C  [KERNELBASE.dll+0xc1c0a]
C  0x00007ffaf8b37bba

Java frames: (J=compiled Java code, j=interpreted, Vv=VM code)
j  com.sun.management.internal.OperatingSystemImpl.getCpuLoad0()D+0 jdk.management@21.0.10
j  com.sun.management.internal.OperatingSystemImpl.getCpuLoad()D+1 jdk.management@21.0.10
j  com.intellij.diagnostic.IdeHeartbeatEventReporterService.heartBeatRoutine(Lkotlin/coroutines/Continuation;)Ljava/lang/Object;+204
j  com.intellij.diagnostic.IdeHeartbeatEventReporterService.access$heartBeatRoutine(Lcom/intellij/diagnostic/IdeHeartbeatEventReporterService;Lkotlin/coroutines/Continuation;)Ljava/lang/Object;+2
j  com.intellij.diagnostic.IdeHeartbeatEventReporterService$heartBeatRoutine$1.invokeSuspend(Ljava/lang/Object;)Ljava/lang/Object;+24
J 25630 c2 kotlin.coroutines.jvm.internal.BaseContinuationImpl.resumeWith(Ljava/lang/Object;)V (124 bytes) @ 0x0000020c9d29cb80 [0x0000020c9d29cae0+0x00000000000000a0]
J 4917 c1 kotlinx.coroutines.DispatchedTask.run()V (438 bytes) @ 0x0000020c8d1aa5a4 [0x0000020c8d1a9ec0+0x00000000000006e4]
J 7569 c1 kotlinx.coroutines.scheduling.CoroutineScheduler.runSafely(Lkotlinx/coroutines/scheduling/Task;)V (73 bytes) @ 0x0000020c8c9cb6b4 [0x0000020c8c9cb640+0x0000000000000074]
J 7536 c1 kotlinx.coroutines.scheduling.CoroutineScheduler$Worker.executeTask(Lkotlinx/coroutines/scheduling/Task;)V (194 bytes) @ 0x0000020c8d4cc71c [0x0000020c8d4cc4e0+0x000000000000023c]
J 23961% c1 kotlinx.coroutines.scheduling.CoroutineScheduler$Worker.runWorker()V (113 bytes) @ 0x0000020c8ed6a9dc [0x0000020c8ed69f80+0x0000000000000a5c]
j  kotlinx.coroutines.scheduling.CoroutineScheduler$Worker.run()V+1
v  ~StubRoutines::call_stub 0x0000020c9c60100d

siginfo: EXCEPTION_?? (0xc06d007e), ExceptionInformation=0x00000027449fd130 


Registers:
RAX=0x0000000000000000, RBX=0x00000027449fd1b0, RCX=0x0000000000000000, RDX=0x0000000000000000
RSP=0x00000027449fd010, RBP=0x0000000000000001, RSI=0x0000000000000000, RDI=0x00000000c06d007e
R8 =0x0000000000000000, R9 =0x0000000000000000, R10=0x0000000000000000, R11=0x0000000000000000
R12=0x00007ffaf8b4f498, R13=0x00007ffaf8b46560, R14=0x00007ffaf8b4f4b0, R15=0x0000000000000001
RIP=0x00007ffb176a1c0a, EFLAGS=0x0000000000000202

XMM[0]=0x0000000000000000 0x0000000000000000
XMM[1]=0x00007ffb1a240cc1 0x00000027449fcb70
XMM[2]=0x0000000000000100 0x000000000000000c
XMM[3]=0x0000000000000000 0x0000000000000000
XMM[4]=0x0000000000000006 0x0000000000000100
XMM[5]=0x00007ffb1a160aa0 0x000000000000000c
XMM[6]=0xc5f505e1cd763052 0xcf3cb8ba64a07bb9
XMM[7]=0x6acfd1ef1d0bc49d 0x3b6d48202ceb77af
XMM[8]=0x0662a674bbb51452 0xded560a54245fb4e
XMM[9]=0x7f04a76d7f04a76d 0x7f04a76d7b345a22
XMM[10]=0x0000000000000000 0x00000000fc2fb2b5
XMM[11]=0xe342b569e342b569 0xe342b5695e770f8b
XMM[12]=0x0000000000000000 0x000000007b345a22
XMM[13]=0x0000000000000000 0x0000000000000000
XMM[14]=0x0000000000000000 0x0000000000000000
XMM[15]=0x0000000000000000 0x0000000000000000
  MXCSR=0x00001fa0


Register to memory mapping:

RAX=0x0 is null
RBX=0x00000027449fd1b0 is pointing into the stack for thread: 0x0000020d6d2ee930
RCX=0x0 is null
RDX=0x0 is null
RSP=0x00000027449fd010 is pointing into the stack for thread: 0x0000020d6d2ee930
RBP=0x0000000000000001 is an unknown value
RSI=0x0 is null
RDI=0x00000000c06d007e is pointing into object: [J 
{0x00000000c06b9c88} - klass: {type array long}
 - length: 16385
R8 =0x0 is null
R9 =0x0 is null
R10=0x0 is null
R11=0x0 is null
R12=0x00007ffaf8b4f498 points into unknown readable memory: 0x00007ffaf8b3667b | 7b 66 b3 f8 fa 7f 00 00
R13=0x00007ffaf8b46560 points into unknown readable memory: 0x0000000000000000 | 00 00 00 00 00 00 00 00
R14=0x00007ffaf8b4f4b0 points into unknown readable memory: 0x0000000000000000 | 00 00 00 00 00 00 00 00
R15=0x0000000000000001 is an unknown value

Top of Stack: (sp=0x00000027449fd010)
0x00000027449fd010:   00000000c0000135 00000027449fd1b0
0x00000027449fd020:   0000000000000000 00000000c06d007e
0x00000027449fd030:   00000080c06d007e 0000000000000000
0x00000027449fd040:   00007ffb176a1c0a 0000000000000001
0x00000027449fd050:   00000027449fd130 0000000000000000
0x00000027449fd060:   0000000000000000 0000000000000000
0x00000027449fd070:   0000000000000000 0000000000000000
0x00000027449fd080:   0000000000000000 0000000000000000
0x00000027449fd090:   0000000000000000 0000000000000000
0x00000027449fd0a0:   0000000000000000 0000000000000000
0x00000027449fd0b0:   0000000000000000 0000000000000000
0x00000027449fd0c0:   0000000000000000 0000000000000000
0x00000027449fd0d0:   0000ef34909f01c8 0000000000000000
0x00000027449fd0e0:   0000000000000000 0000000000000000
0x00000027449fd0f0:   00007ffaf8b464d8 00000027449fd180
0x00000027449fd100:   0000000000000000 00007ffaf8b37bba
0x00000027449fd110:   0000000000000000 00007ffb1812692a
0x00000027449fd120:   00000027449fd260 00000027449fd490
0x00000027449fd130:   00007ffb00000048 00007ffaf8b464d8
0x00000027449fd140:   00007ffaf8b4f498 00007ffaf8b38310
0x00000027449fd150:   0000000000000001 00007ffaf8b46532
0x00000027449fd160:   0000000000000000 0000000000000000
0x00000027449fd170:   000000000000007e 0000000000000000
0x00000027449fd180:   0000020d745f91d8 0000000000000004
0x00000027449fd190:   0000000000000000 0000000000000000
0x00000027449fd1a0:   00000027449fda99 00007ffaf8b366c6
0x00000027449fd1b0:   00000027449fd130 00007ffaf8b4fcf0
0x00000027449fd1c0:   0000020d745f8ef0 0000020d745f91b8
0x00000027449fd1d0:   0000000000000000 0000000000000000
0x00000027449fd1e0:   0000000000000000 0000000000000000
0x00000027449fd1f0:   0000000000000000 0000000000000000
0x00000027449fd200:   0000000000000000 0000000000000000 

Instructions: (pc=0x00007ffb176a1c0a)
0x00007ffb176a1b0a:   00 e8 20 ff f7 ff 48 8b cb e8 d8 4f f6 ff 48 85
0x00007ffb176a1b1a:   f6 74 08 48 8b ce e8 cb 4f f6 ff 48 85 ff 74 08
0x00007ffb176a1b2a:   48 8b cf e8 be 4f f6 ff 8b 4c 24 40 48 ff 15 63
0x00007ffb176a1b3a:   79 1d 00 0f 1f 44 00 00 90 48 8b 8c 24 a0 02 00
0x00007ffb176a1b4a:   00 48 33 cc e8 5d 41 0d 00 4c 8d 9c 24 b0 02 00
0x00007ffb176a1b5a:   00 49 8b 5b 38 49 8b 73 40 49 8b e3 41 5f 41 5e
0x00007ffb176a1b6a:   41 5d 41 5c 5f c3 cc cc cc cc cc cc cc cc cc cc
0x00007ffb176a1b7a:   cc cc cc cc cc cc 40 53 55 56 57 48 81 ec d8 00
0x00007ffb176a1b8a:   00 00 48 8b 05 3d 55 2e 00 48 33 c4 48 89 84 24
0x00007ffb176a1b9a:   c0 00 00 00 8b f2 41 8b e8 33 d2 8b f9 48 8d 4c
0x00007ffb176a1baa:   24 3c 49 8b d9 44 8d 42 7c e8 f9 50 06 00 33 c9
0x00007ffb176a1bba:   89 7c 24 20 83 e6 01 48 89 4c 24 28 89 74 24 24
0x00007ffb176a1bca:   48 8d 05 af ff ff ff 48 89 44 24 30 48 85 db 74
0x00007ffb176a1bda:   51 41 b8 0f 00 00 00 48 8d 4c 24 40 41 3b e8 48
0x00007ffb176a1bea:   8b d3 44 0f 46 c5 44 89 44 24 38 49 c1 e0 03 e8
0x00007ffb176a1bfa:   69 40 0d 00 48 8d 4c 24 20 48 ff 15 de 7f 1d 00
0x00007ffb176a1c0a:   0f 1f 44 00 00 48 8b 8c 24 c0 00 00 00 48 33 cc
0x00007ffb176a1c1a:   e8 91 40 0d 00 48 81 c4 d8 00 00 00 5f 5e 5d 5b
0x00007ffb176a1c2a:   c3 cc 89 4c 24 38 eb cc cc cc cc cc cc cc cc cc
0x00007ffb176a1c3a:   cc cc cc cc cc cc 48 89 5c 24 10 48 89 74 24 18
0x00007ffb176a1c4a:   57 48 83 ec 30 48 8b d9 33 ff f6 c1 08 0f 84 a7
0x00007ffb176a1c5a:   00 00 00 48 8b 0d ac b2 2e 00 48 ff 15 c5 79 1d
0x00007ffb176a1c6a:   00 0f 1f 44 00 00 90 48 8d 53 f8 48 8d 0d 64 b2
0x00007ffb176a1c7a:   2e 00 48 ff 15 7d 79 1d 00 0f 1f 44 00 00 84 c0
0x00007ffb176a1c8a:   74 2f 48 8b 3b 48 89 7c 24 20 48 85 ff 74 1b 0f
0x00007ffb176a1c9a:   b7 4b fa ba ff 00 00 00 8d 41 01 66 89 43 fa 66
0x00007ffb176a1caa:   3b ca 75 1e 66 89 4b fa eb 18 b9 9d 00 00 00 eb
0x00007ffb176a1cba:   05 b9 06 00 00 00 48 ff 15 d9 77 1d 00 0f 1f 44
0x00007ffb176a1cca:   00 00 eb 0f 33 ff 48 89 7c 24 20 8b c8 e8 c4 15
0x00007ffb176a1cda:   f6 ff 90 48 8b 0d 2c b2 2e 00 48 ff 15 3d 79 1d
0x00007ffb176a1cea:   00 0f 1f 44 00 00 48 8b c7 48 8b 5c 24 48 48 8b
0x00007ffb176a1cfa:   74 24 50 48 83 c4 30 5f c3 cc 48 8b 05 65 c5 2e 


Stack slot to memory mapping:

stack at sp + 0 slots: 0x00000000c0000135 is pointing into object: [J 
{0x00000000c0000000} - klass: {type array long}
 - length: 32769
stack at sp + 1 slots: 0x00000027449fd1b0 is pointing into the stack for thread: 0x0000020d6d2ee930
stack at sp + 2 slots: 0x0 is null
stack at sp + 3 slots: 0x00000000c06d007e is pointing into object: [J 
{0x00000000c06b9c88} - klass: {type array long}
 - length: 16385
stack at sp + 4 slots: 0x00000080c06d007e is an unknown value
stack at sp + 5 slots: 0x0 is null
stack at sp + 6 slots: 0x00007ffb176a1c0a KERNELBASE.dll
stack at sp + 7 slots: 0x0000000000000001 is an unknown value


Compiled method (c2) 100778 25630   !   4       kotlin.coroutines.jvm.internal.BaseContinuationImpl::resumeWith (124 bytes)
 total in heap  [0x0000020c9d29c910,0x0000020c9d29d0b8] = 1960
 relocation     [0x0000020c9d29ca70,0x0000020c9d29cad8] = 104
 main code      [0x0000020c9d29cae0,0x0000020c9d29cdd8] = 760
 stub code      [0x0000020c9d29cdd8,0x0000020c9d29ce00] = 40
 oops           [0x0000020c9d29ce00,0x0000020c9d29ce08] = 8
 metadata       [0x0000020c9d29ce08,0x0000020c9d29ce58] = 80
 scopes data    [0x0000020c9d29ce58,0x0000020c9d29cf50] = 248
 scopes pcs     [0x0000020c9d29cf50,0x0000020c9d29d010] = 192
 dependencies   [0x0000020c9d29d010,0x0000020c9d29d028] = 24
 handler table  [0x0000020c9d29d028,0x0000020c9d29d0b8] = 144

[Constant Pool (empty)]

[MachCode]
[Entry Point]
  # {method} {0x0000020cb3c9dde0} 'resumeWith' '(Ljava/lang/Object;)V' in 'kotlin/coroutines/jvm/internal/BaseContinuationImpl'
  # this:     rdx:rdx   = 'kotlin/coroutines/jvm/internal/BaseContinuationImpl'
  # parm0:    r8:r8     = 'java/lang/Object'
  #           [sp+0x30]  (sp of caller)
  0x0000020c9d29cae0: 448b 5208 | 49c1 e203 

  0x0000020c9d29cae8: ;   {runtime_call ic_miss_stub}
  0x0000020c9d29cae8: 493b c20f | 858f 1c3b | ff66 6690 | 0f1f 8400 | 0000 0000 | 6666 6690 
[Verified Entry Point]
  0x0000020c9d29cb00: 8984 2400 | 80ff ff55 | 4883 ec20 | 4181 7f20 | 2d00 0000 | 0f85 af02 | 0000 4c89 | 0424 488b 
  0x0000020c9d29cb20: ;   {oop(a 'java/lang/Class'{0x00000000c0789988} = 'kotlin/coroutines/jvm/internal/CoroutineDumpState')}
  0x0000020c9d29cb20: ea49 ba88 | 9978 c000 | 0000 0045 | 0fb6 5a70 | 4585 db74 

  0x0000020c9d29cb34: ;   {oop(a 'kotlinx/coroutines/debug/internal/DebugProbesImpl'{0x00000000c9d93560})}
  0x0000020c9d29cb34: 1b48 ba60 | 35d9 c900 | 0000 004c 

  0x0000020c9d29cb40: ;   {optimized virtual_call}
  0x0000020c9d29cb40: 8bc5 90e8 

  0x0000020c9d29cb44: ; ImmutableOopMap {rbp=Oop [0]=Oop }
                      ;*invokevirtual probeCoroutineResumed$kotlinx_coroutines_core {reexecute=0 rethrow=0 return_oop=0}
                      ; - kotlin.coroutines.jvm.internal.DebugProbesKt::probeCoroutineResumed@10 (line 21)
                      ; - kotlin.coroutines.jvm.internal.BaseContinuationImpl::resumeWith@13 (line 29)
  0x0000020c9d29cb44: 9882 f9ff 

  0x0000020c9d29cb48: ;   {other}
  0x0000020c9d29cb48: 0f1f 8400 | 3802 0000 | 4c8b dd41 | 8b6b 0c85 | ed0f 8495 | 0100 004c | 8bd5 4c8b | 0424 4c89 
  0x0000020c9d29cb68: 1424 498b | eb48 8bd5 | 9048 b8ff | ffff ffff 

  0x0000020c9d29cb78: ;   {virtual_call}
  0x0000020c9d29cb78: ffff ffe8 

  0x0000020c9d29cb7c: ; ImmutableOopMap {rbp=Oop [0]=Oop }
                      ;*invokevirtual invokeSuspend {reexecute=0 rethrow=0 return_oop=1}
                      ; - kotlin.coroutines.jvm.internal.BaseContinuationImpl::resumeWith@40 (line 34)
  0x0000020c9d29cb7c: 6873 47ff 

  0x0000020c9d29cb80: ;   {other}
  0x0000020c9d29cb80: 0f1f 8400 | 7002 0001 

  0x0000020c9d29cb88: ;   {oop(a 'kotlin/coroutines/intrinsics/CoroutineSingletons'{0x00000000c0789a00})}
  0x0000020c9d29cb88: 49ba 009a | 78c0 0000 | 0000 493b | c20f 84bc | 0000 0048 | 8944 2408 | 488b d566 | 9048 b8ff 
  0x0000020c9d29cba8: ffff ffff 

  0x0000020c9d29cbac: ;   {virtual_call}
  0x0000020c9d29cbac: ffff ffe8 

  0x0000020c9d29cbb0: ; ImmutableOopMap {[0]=Oop [8]=Oop }
                      ;*invokevirtual releaseIntercepted {reexecute=0 rethrow=0 return_oop=0}
                      ; - kotlin.coroutines.jvm.internal.BaseContinuationImpl::resumeWith@90 (line 40)
  0x0000020c9d29cbb0: d476 47ff 

  0x0000020c9d29cbb4: ;   {other}
  0x0000020c9d29cbb4: 0f1f 8400 | a402 0002 | 4c8b 0424 | 458b 5008 

  0x0000020c9d29cbc4: ;   {metadata('kotlin/coroutines/jvm/internal/BaseContinuationImpl')}
  0x0000020c9d29cbc4: 49bb 78e7 | 1400 0100 | 0000 4833 | f64a 8d34 | d64c 8b56 | 384d 3bd3 | 0f85 8800 | 0000 4d8b 
  0x0000020c9d29cbe4: 9f58 0400 

  0x0000020c9d29cbe8: ; ImmutableOopMap {r8=Oop [0]=Oop [8]=Oop }
                      ;*goto {reexecute=1 rethrow=0 return_oop=0}
                      ; - (reexecute) kotlin.coroutines.jvm.internal.BaseContinuationImpl::resumeWith@121 (line 30)
                      ;   {poll}
  0x0000020c9d29cbe8: 0041 8503 | 4c8b 5620 

  0x0000020c9d29cbf0: ;   {metadata('kotlin/coroutines/Continuation')}
  0x0000020c9d29cbf0: 48b8 18e3 | 1400 0100 | 0000 4c3b | d00f 858b 

  0x0000020c9d29cc00: ;   {oop(a 'java/lang/Class'{0x00000000c0789988} = 'kotlin/coroutines/jvm/internal/CoroutineDumpState')}
  0x0000020c9d29cc00: 0000 0049 | ba88 9978 | c000 0000 | 0045 0fb6 | 5270 4585 

  0x0000020c9d29cc14: ;   {oop(a 'kotlinx/coroutines/debug/internal/DebugProbesImpl'{0x00000000c9d93560})}
  0x0000020c9d29cc14: d274 1d48 | ba60 35d9 | c900 0000 

  0x0000020c9d29cc20: ;   {optimized virtual_call}
  0x0000020c9d29cc20: 0066 90e8 

  0x0000020c9d29cc24: ; ImmutableOopMap {[0]=Oop [8]=Oop }
                      ;*invokevirtual probeCoroutineResumed$kotlinx_coroutines_core {reexecute=0 rethrow=0 return_oop=0}
                      ; - kotlin.coroutines.jvm.internal.DebugProbesKt::probeCoroutineResumed@10 (line 21)
                      ; - kotlin.coroutines.jvm.internal.BaseContinuationImpl::resumeWith@13 (line 29)
  0x0000020c9d29cc24: b881 f9ff 

  0x0000020c9d29cc28: ;   {other}
  0x0000020c9d29cc28: 0f1f 8400 | 1803 0004 | 4c8b 0424 | 4d8b d041 | 8b6a 0c85 | ed0f 84c9 | 0000 004c | 8bdd 4c8b 
  0x0000020c9d29cc48: 4424 084c | 891c 2449 | 8bea e916 | ffff ff48 | 83c4 205d 

  0x0000020c9d29cc5c: ;   {poll_return}
  0x0000020c9d29cc5c: 493b a750 | 0400 000f | 874a 0100 | 00c3 488b | 1424 4c8b | 4424 0866 | 9048 b850 | 40fc 790d 
  0x0000020c9d29cc7c: ;   {virtual_call}
  0x0000020c9d29cc7c: 0200 00e8 

  0x0000020c9d29cc80: ; ImmutableOopMap {}
                      ;*invokeinterface resumeWith {reexecute=0 rethrow=0 return_oop=0}
                      ; - kotlin.coroutines.jvm.internal.BaseContinuationImpl::resumeWith@114 (line 47)
  0x0000020c9d29cc80: 5474 47ff 

  0x0000020c9d29cc84: ;   {other}
  0x0000020c9d29cc84: 0f1f 8400 | 7403 0005 | ebc9 4833 | ff4c 8b9e | a000 0000 | 498b d348 | c1e2 320f | 8921 0000 
  0x0000020c9d29cca4: 00f3 480f | b8d2 488b | 5e28 483b | 04d3 7415 | 490f bae3 | 0e73 0b49 

  0x0000020c9d29ccbc: ;   {runtime_call StubRoutines (compiler stubs)}
  0x0000020c9d29ccbc: c1cb 0de8 | d329 3dff | eb03 48ff | c748 85ff | 0f84 31ff | ffff bade | ffff ff48 | ff74 2408 
  0x0000020c9d29ccdc: 488f 0424 | 4c89 4424 

  0x0000020c9d29cce4: ;   {runtime_call UncommonTrapBlob}
  0x0000020c9d29cce4: 0866 90e8 

  0x0000020c9d29cce8: ; ImmutableOopMap {[0]=Oop [8]=Oop }
                      ;*checkcast {reexecute=0 rethrow=0 return_oop=0}
                      ; - kotlin.coroutines.jvm.internal.BaseContinuationImpl::resumeWith@10 (line 29)
  0x0000020c9d29cce8: 1476 3bff 

  0x0000020c9d29ccec: ;   {other}
  0x0000020c9d29ccec: 0f1f 8400 | dc03 0006 | ba45 ffff | ff4c 895c 

  0x0000020c9d29ccfc: ;   {runtime_call UncommonTrapBlob}
  0x0000020c9d29ccfc: 2408 90e8 

  0x0000020c9d29cd00: ; ImmutableOopMap {rbp=NarrowOop [0]=Oop [8]=Oop }
                      ;*ifnonnull {reexecute=1 rethrow=0 return_oop=0}
                      ; - (reexecute) kotlin.jvm.internal.Intrinsics::checkNotNull@1 (line 24)
                      ; - kotlin.coroutines.jvm.internal.BaseContinuationImpl::resumeWith@31 (line 31)
  0x0000020c9d29cd00: fc75 3bff 

  0x0000020c9d29cd04: ;   {other}
  0x0000020c9d29cd04: 0f1f 8400 | f403 0007 | ba45 ffff | ff48 ff74 | 2408 488f | 0424 4c89 

  0x0000020c9d29cd1c: ;   {runtime_call UncommonTrapBlob}
  0x0000020c9d29cd1c: 5424 08e8 

  0x0000020c9d29cd20: ; ImmutableOopMap {rbp=NarrowOop [0]=Oop [8]=Oop }
                      ;*ifnonnull {reexecute=1 rethrow=0 return_oop=0}
                      ; - (reexecute) kotlin.jvm.internal.Intrinsics::checkNotNull@1 (line 24)
                      ; - kotlin.coroutines.jvm.internal.BaseContinuationImpl::resumeWith@31 (line 31)
  0x0000020c9d29cd20: dc75 3bff 

  0x0000020c9d29cd24: ;   {other}
  0x0000020c9d29cd24: 0f1f 8400 | 1404 0008 | 4889 4424 | 0849 8b87 | b801 0000 | 4c8b d049 | 83c2 104d | 3b97 c801 
  0x0000020c9d29cd44: 0000 7330 | 4d89 97b8 | 0100 0041 | 0f0d 8ac0 | 0000 0048 | c700 0100 

  0x0000020c9d29cd5c: ;   {metadata('kotlin/Result$Failure')}
  0x0000020c9d29cd5c: 0000 c740 | 0822 bd02 | 204c 8b54 | 2408 4489 | 500c 4889 | 4424 08e9 | 28fe ffff 

  0x0000020c9d29cd78: ;   {metadata('kotlin/Result$Failure')}
  0x0000020c9d29cd78: 48ba 10e9 | 1500 0100 

  0x0000020c9d29cd80: ;   {runtime_call _new_instance_Java}
  0x0000020c9d29cd80: 0000 90e8 

  0x0000020c9d29cd84: ; ImmutableOopMap {rbp=Oop [0]=Oop [8]=Oop }
                      ;*new {reexecute=0 rethrow=0 return_oop=1}
                      ; - kotlin.ResultKt::createFailure@6 (line 122)
                      ; - kotlin.coroutines.jvm.internal.BaseContinuationImpl::resumeWith@76 (line 38)
  0x0000020c9d29cd84: f80c 47ff 

  0x0000020c9d29cd88: ;   {other}
  0x0000020c9d29cd88: 0f1f 8400 | 7804 0009 | ebd3 488b | d0eb 1248 | 8bd0 eb0d | 488b d0eb | 0848 8bd0 | eb03 488b 
  0x0000020c9d29cda8: d048 83c4 

  0x0000020c9d29cdac: ;   {runtime_call _rethrow_Java}
  0x0000020c9d29cdac: 205d e9cd 

  0x0000020c9d29cdb0: ;   {internal_word}
  0x0000020c9d29cdb0: 2847 ff49 | ba5c cc29 | 9d0c 0200 | 004d 8997 | 6804 0000 

  0x0000020c9d29cdc4: ;   {runtime_call SafepointBlob}
  0x0000020c9d29cdc4: e937 863b 

  0x0000020c9d29cdc8: ;   {runtime_call StubRoutines (final stubs)}
  0x0000020c9d29cdc8: ffe8 32e9 | 39ff e947 | fdff fff4 | f4f4 f4f4 
[Stub Code]
  0x0000020c9d29cdd8: ;   {no_reloc}
  0x0000020c9d29cdd8: 48bb 0000 | 0000 0000 

  0x0000020c9d29cde0: ;   {runtime_call nmethod}
  0x0000020c9d29cde0: 0000 e9fb 

  0x0000020c9d29cde4: ;   {runtime_call ExceptionBlob}
  0x0000020c9d29cde4: ffff ffe9 | 94d3 46ff 
[Deopt Handler Code]
  0x0000020c9d29cdec: e800 0000 | 0048 832c 

  0x0000020c9d29cdf4: ;   {runtime_call DeoptimizationBlob}
  0x0000020c9d29cdf4: 2405 e9a5 | 783b fff4 | f4f4 f4f4 
[/MachCode]


Compiled method (c1) 100820 4917   !   2       kotlinx.coroutines.DispatchedTask::run (438 bytes)
 total in heap  [0x0000020c8d1a9990,0x0000020c8d1ace38] = 13480
 relocation     [0x0000020c8d1a9af0,0x0000020c8d1a9ec0] = 976
 main code      [0x0000020c8d1a9ec0,0x0000020c8d1ab170] = 4784
 stub code      [0x0000020c8d1ab170,0x0000020c8d1ab3a0] = 560
 oops           [0x0000020c8d1ab3a0,0x0000020c8d1ab3c0] = 32
 metadata       [0x0000020c8d1ab3c0,0x0000020c8d1ab468] = 168
 scopes data    [0x0000020c8d1ab468,0x0000020c8d1abd60] = 2296
 scopes pcs     [0x0000020c8d1abd60,0x0000020c8d1ac3d0] = 1648
 dependencies   [0x0000020c8d1ac3d0,0x0000020c8d1ac400] = 48
 handler table  [0x0000020c8d1ac400,0x0000020c8d1acd90] = 2448
 nul chk table  [0x0000020c8d1acd90,0x0000020c8d1ace38] = 168

[Constant Pool (empty)]

[MachCode]
[Entry Point]
  # {method} {0x0000020cb3cf9a60} 'run' '()V' in 'kotlinx/coroutines/DispatchedTask'
  #           [sp+0x190]  (sp of caller)
  0x0000020c8d1a9ec0: 448b 5208 | 49c1 e203 

  0x0000020c8d1a9ec8: ;   {runtime_call ic_miss_stub}
  0x0000020c8d1a9ec8: 4c3b d00f | 85af 484a | 0f66 6666 | 0f1f 8400 | 0000 0000 | 6666 6690 
[Verified Entry Point]
  0x0000020c8d1a9ee0: 8984 2400 | 80ff ff55 | 4881 ec80 | 0100 0090 | 4181 7f20 | 2d00 0000 

  0x0000020c8d1a9ef8: ;   {runtime_call StubRoutines (final stubs)}
  0x0000020c8d1a9ef8: 7405 e801 | 1849 0f48 | 8994 24b0 | 0000 0048 | bef0 5de0 | b30c 0200 | 008b 7e08 | 83c7 0289 
  0x0000020c8d1a9f18: 7e08 81e7 | fe0f 0000 | 85ff 0f84 | e10e 0000 | 8b72 1883 | feff 0f84 | 4e0e 0000 | 488b f248 
  0x0000020c8d1a9f38: 8bd6 6666 | 9048 b8ff | ffff ffff 

  0x0000020c8d1a9f44: ;   {virtual_call}
  0x0000020c8d1a9f44: ffff ffe8 

  0x0000020c8d1a9f48: ; ImmutableOopMap {[176]=Oop }
                      ;*invokevirtual getDelegate$kotlinx_coroutines_core {reexecute=0 rethrow=0 return_oop=0}
                      ; - kotlinx.coroutines.DispatchedTask::run@34 (line 80)
  0x0000020c8d1a9f48: eca0 560f 

  0x0000020c8d1a9f4c: ;   {other}
  0x0000020c8d1a9f4c: 0f1f 8400 | bc05 0000 | 4889 8424 | b800 0000 | 4885 c00f | 859a 0000 | 0066 6690 

  0x0000020c8d1a9f68: ;   {no_reloc}
  0x0000020c8d1a9f68: e9cc 0e00 | 0000 0000 | 0000 498b | 87b8 0100 | 0048 8d78 | 3049 3bbf | c801 0000 | 0f87 b90e 
  0x0000020c8d1a9f88: 0000 4989 | bfb8 0100 | 0048 c700 | 0100 0000 | 488b ca48 | c1e9 0389 | 4808 4833 | c989 480c 
  0x0000020c8d1a9fa8: 4833 c948 | 8948 1048 | 8948 1848 | 8948 2048 

  0x0000020c8d1a9fb8: ;   {oop("null cannot be cast to non-null type kotlinx.coroutines.internal.DispatchedContinuation<T of kotlinx.coroutines.DispatchedTask>"{0x00000000c1859420})}
  0x0000020c8d1a9fb8: 8948 2849 | b820 9485 | c100 0000 | 0048 8bd0 | 4889 8424 | c000 0000 | 0f1f 8000 

  0x0000020c8d1a9fd4: ;   {optimized virtual_call}
  0x0000020c8d1a9fd4: 0000 00e8 

  0x0000020c8d1a9fd8: ; ImmutableOopMap {[176]=Oop [184]=Oop [192]=Oop }
                      ;*invokespecial <init> {reexecute=0 rethrow=0 return_oop=0}
                      ; - kotlin.jvm.internal.Intrinsics::throwJavaNpe@5 (line 50)
                      ; - kotlin.jvm.internal.Intrinsics::checkNotNull@5 (line 31)
                      ; - kotlinx.coroutines.DispatchedTask::run@40 (line 80)
  0x0000020c8d1a9fd8: a44a 4a0f 

  0x0000020c8d1a9fdc: ;   {other}
  0x0000020c8d1a9fdc: 0f1f 8400 | 4c06 0001 

  0x0000020c8d1a9fe4: ;   {oop(a 'java/lang/Class'{0x00000000c0789a18} = 'kotlin/jvm/internal/Intrinsics')}
  0x0000020c8d1a9fe4: 48ba 189a | 78c0 0000 | 0000 8b72 | 2c48 85f6 | 0f84 170c | 0000 e905 | 0c00 0048 | 85c0 0f84 
  0x0000020c8d1aa004: 1f00 0000 

  0x0000020c8d1aa008: ;   {metadata('kotlinx/coroutines/internal/DispatchedContinuation')}
  0x0000020c8d1aa008: 48bb 30cd | 1500 0100 | 0000 8b70 | 0848 c1e6 | 0348 3bde | 0f85 330e | 0000 e900 | 0000 0048 
  0x0000020c8d1aa028: 8bd0 8b72 | 2048 89b4 | 24d0 0000 | 008b 7a28 | 488b d648 | 89bc 24c8 | 0000 0066 | 9048 b870 
  0x0000020c8d1aa048: 4623 090d 

  0x0000020c8d1aa04c: ;   {virtual_call}
  0x0000020c8d1aa04c: 0200 00e8 

  0x0000020c8d1aa050: ; ImmutableOopMap {[176]=Oop [200]=Oop [208]=Oop }
                      ;*invokeinterface getContext {reexecute=0 rethrow=0 return_oop=0}
                      ; - kotlinx.coroutines.DispatchedTask::run@61 (line 222)
  0x0000020c8d1aa050: 5ca1 560f 

  0x0000020c8d1aa054: ;   {other}
  0x0000020c8d1aa054: 0f1f 8400 | c406 0002 | 488b d04c | 8b84 24c8 | 0000 0048 | 8984 24d8 

  0x0000020c8d1aa06c: ;   {static_call}
  0x0000020c8d1aa06c: 0000 00e8 

  0x0000020c8d1aa070: ; ImmutableOopMap {[176]=Oop [208]=Oop [216]=Oop }
                      ;*invokestatic updateThreadContext {reexecute=0 rethrow=0 return_oop=0}
                      ; - kotlinx.coroutines.DispatchedTask::run@71 (line 223)
  0x0000020c8d1aa070: 6cd2 1110 

  0x0000020c8d1aa074: ;   {other}
  0x0000020c8d1aa074: 0f1f 8400 | e406 0003 

  0x0000020c8d1aa07c: ;   {oop(a 'kotlinx/coroutines/internal/Symbol'{0x00000000c1358738})}
  0x0000020c8d1aa07c: 49ba 3887 | 35c1 0000 | 0000 493b | c20f 8432 | 0000 0048 | 8b94 24d0 | 0000 004c | 8b84 24d8 
  0x0000020c8d1aa09c: 0000 004c | 8bc8 4889 | 8424 e000 | 0000 0f1f 

  0x0000020c8d1aa0ac: ;   {static_call}
  0x0000020c8d1aa0ac: 4400 00e8 

  0x0000020c8d1aa0b0: ; ImmutableOopMap {[176]=Oop [208]=Oop [216]=Oop [224]=Oop }
                      ;*invokestatic updateUndispatchedCompletion {reexecute=0 rethrow=0 return_oop=0}
                      ; - kotlinx.coroutines.DispatchedTask::run@89 (line 226)
  0x0000020c8d1aa0b0: cc11 d0ff 

  0x0000020c8d1aa0b4: ;   {other}
  0x0000020c8d1aa0b4: 0f1f 8400 | 2407 0004 | e912 0000 | 0048 8984 | 24e0 0000 

  0x0000020c8d1aa0c8: ;   {oop(nullptr)}
  0x0000020c8d1aa0c8: 0048 b800 | 0000 0000 | 0000 0048 | 8984 24e8 

  0x0000020c8d1aa0d8: ;   {oop(a 'java/lang/ThreadLocal$SuppliedThreadLocal'{0x00000000c1357e98})}
  0x0000020c8d1aa0d8: 0000 0048 | ba98 7e35 | c100 0000 | 004d 8b87 | 8803 0000 

  0x0000020c8d1aa0ec: ;   {optimized virtual_call}
  0x0000020c8d1aa0ec: 4d8b 00e8 

  0x0000020c8d1aa0f0: ; ImmutableOopMap {[176]=Oop [208]=Oop [216]=Oop [224]=Oop [232]=Oop }
                      ;*invokevirtual get {reexecute=0 rethrow=0 return_oop=0}
                      ; - java.lang.ThreadLocal::get@4
                      ; - kotlinx.coroutines.DispatchedTask::run@105 (line 232)
  0x0000020c8d1aa0f0: 6c71 bd0f 

  0x0000020c8d1aa0f4: ;   {other}
  0x0000020c8d1aa0f4: 0f1f 8400 | 6407 0005 | 4885 c00f | 843f 0000 

  0x0000020c8d1aa104: ;   {metadata('kotlin/coroutines/CoroutineContext')}
  0x0000020c8d1aa104: 0048 bab8 | f914 0001 | 0000 0044 | 8b48 0849 | c1e1 0349 | 3b51 200f | 8423 0000 | 004c 3bca 
  0x0000020c8d1aa124: 0f84 1a00 | 0000 4151 

  0x0000020c8d1aa12c: ;   {runtime_call slow_subtype_check Runtime1 stub}
  0x0000020c8d1aa12c: 52e8 cec3 | 550f 4159 | 4159 4585 | c90f 8424 | 0d00 00e9 | 0000 0000 | 488b f04d | 8b87 8803 
  0x0000020c8d1aa14c: 0000 498b | 388b 574c | 4885 d248 | 89b4 24f0 | 0000 000f | 842c 0000 | 0048 3b02 

  0x0000020c8d1aa168: ;   {oop(a 'java/lang/ThreadLocal$SuppliedThreadLocal'{0x00000000c1357e98})}
  0x0000020c8d1aa168: 49b8 987e | 35c1 0000 | 0000 4c8b | 8c24 d800 | 0000 0f1f 

  0x0000020c8d1aa17c: ;   {optimized virtual_call}
  0x0000020c8d1aa17c: 4400 00e8 

  0x0000020c8d1aa180: ; ImmutableOopMap {[176]=Oop [208]=Oop [216]=Oop [224]=Oop [232]=Oop [240]=Oop }
                      ;*invokevirtual set {reexecute=0 rethrow=0 return_oop=0}
                      ; - java.lang.ThreadLocal::set@13
                      ; - java.lang.ThreadLocal::set@5
                      ; - kotlinx.coroutines.DispatchedTask::run@118 (line 233)
  0x0000020c8d1aa180: 7c5e d90f 

  0x0000020c8d1aa184: ;   {other}
  0x0000020c8d1aa184: 0f1f 8400 | f407 0006 | e923 0000 

  0x0000020c8d1aa190: ;   {oop(a 'java/lang/ThreadLocal$SuppliedThreadLocal'{0x00000000c1357e98})}
  0x0000020c8d1aa190: 0048 ba98 | 7e35 c100 | 0000 004c | 8bc7 4c8b | 8c24 d800 

  0x0000020c8d1aa1a4: ;   {optimized virtual_call}
  0x0000020c8d1aa1a4: 0000 90e8 

  0x0000020c8d1aa1a8: ; ImmutableOopMap {[176]=Oop [208]=Oop [216]=Oop [224]=Oop [232]=Oop [240]=Oop }
                      ;*invokevirtual createMap {reexecute=0 rethrow=0 return_oop=0}
                      ; - java.lang.ThreadLocal::set@22
                      ; - java.lang.ThreadLocal::set@5
                      ; - kotlinx.coroutines.DispatchedTask::run@118 (line 233)
  0x0000020c8d1aa1a8: d448 4a0f 

  0x0000020c8d1aa1ac: ;   {other}
  0x0000020c8d1aa1ac: 0f1f 8400 | 1c08 0007 | 488b 9424 | d000 0000 | 9048 b870 | 4923 090d 

  0x0000020c8d1aa1c4: ;   {virtual_call}
  0x0000020c8d1aa1c4: 0200 00e8 

  0x0000020c8d1aa1c8: ; ImmutableOopMap {[176]=Oop [208]=Oop [216]=Oop [224]=Oop [232]=Oop [240]=Oop }
                      ;*invokeinterface getContext {reexecute=0 rethrow=0 return_oop=0}
                      ; - kotlinx.coroutines.DispatchedTask::run@126 (line 83)
  0x0000020c8d1aa1c8: e49f 560f 

  0x0000020c8d1aa1cc: ;   {other}
  0x0000020c8d1aa1cc: 0f1f 8400 | 3c08 0008 | 488b 9424 | b000 0000 | 4889 8424 | f800 0000 | 9048 b8ff | ffff ffff 
  0x0000020c8d1aa1ec: ;   {virtual_call}
  0x0000020c8d1aa1ec: ffff ffe8 

  0x0000020c8d1aa1f0: ; ImmutableOopMap {[176]=Oop [208]=Oop [216]=Oop [224]=Oop [232]=Oop [240]=Oop [248]=Oop }
                      ;*invokevirtual takeState$kotlinx_coroutines_core {reexecute=0 rethrow=0 return_oop=0}
                      ; - kotlinx.coroutines.DispatchedTask::run@134 (line 84)
  0x0000020c8d1aa1f0: 94a0 560f 

  0x0000020c8d1aa1f4: ;   {other}
  0x0000020c8d1aa1f4: 0f1f 8400 | 6408 0009 | 4889 8424 | 0001 0000 | 4c8b c048 | 8b94 24b0 | 0000 0066 | 0f1f 4400 
  0x0000020c8d1aa214: 0048 b8ff | ffff ffff 

  0x0000020c8d1aa21c: ;   {virtual_call}
  0x0000020c8d1aa21c: ffff ffe8 

  0x0000020c8d1aa220: ; ImmutableOopMap {[176]=Oop [208]=Oop [216]=Oop [224]=Oop [232]=Oop [240]=Oop [248]=Oop [256]=Oop }
                      ;*invokevirtual getExceptionalResult$kotlinx_coroutines_core {reexecute=0 rethrow=0 return_oop=0}
                      ; - kotlinx.coroutines.DispatchedTask::run@142 (line 85)
  0x0000020c8d1aa220: c49c 560f 

  0x0000020c8d1aa224: ;   {other}
  0x0000020c8d1aa224: 0f1f 8400 | 9408 000a | 4889 8424 | 0801 0000 | 4885 c048 | 8b94 24b0 | 0000 000f | 8538 0000 
  0x0000020c8d1aa244: 0044 8b42 | 1841 83f8 | 010f 8417 | 0000 0041 | 83f8 0241 | b800 0000 | 0075 0641 | b801 0000 
  0x0000020c8d1aa264: 00e9 0600 | 0000 41b8 | 0100 0000 | 4183 e001 | 4585 c00f | 850f 0000 

  0x0000020c8d1aa27c: ;   {oop(nullptr)}
  0x0000020c8d1aa27c: 0048 be00 | 0000 0000 | 0000 00e9 | 7900 0000 | 488b 8424 | f800 0000 

  0x0000020c8d1aa294: ;   {oop(a 'kotlinx/coroutines/Job$Key'{0x00000000c13441a8})}
  0x0000020c8d1aa294: 49b8 a841 | 34c1 0000 | 0000 488b | d00f 1f40 | 0048 b8c0 | b115 0001 

  0x0000020c8d1aa2ac: ;   {virtual_call}
  0x0000020c8d1aa2ac: 0000 00e8 

  0x0000020c8d1aa2b0: ; ImmutableOopMap {[176]=Oop [208]=Oop [216]=Oop [224]=Oop [232]=Oop [240]=Oop [256]=Oop [264]=Oop }
                      ;*invokeinterface get {reexecute=0 rethrow=0 return_oop=0}
                      ; - kotlinx.coroutines.DispatchedTask::run@170 (line 91)
  0x0000020c8d1aa2b0: 8c66 bd0f 

  0x0000020c8d1aa2b4: ;   {other}
  0x0000020c8d1aa2b4: 0f1f 8400 | 2409 000b | 4885 c00f | 843a 0000 

  0x0000020c8d1aa2c4: ;   {metadata('kotlinx/coroutines/Job')}
  0x0000020c8d1aa2c4: 0048 bb58 | 8515 0001 | 0000 008b | 7808 48c1 | e703 483b | 5f20 0f84 | 1f00 0000 | 483b fb0f 
  0x0000020c8d1aa2e4: 8416 0000 

  0x0000020c8d1aa2e8: ;   {runtime_call slow_subtype_check Runtime1 stub}
  0x0000020c8d1aa2e8: 0057 53e8 | 10c2 550f | 5f5f 85ff | 0f84 7c0b | 0000 e900 | 0000 0048 | 8bd0 488b | f248 85f6 
  0x0000020c8d1aa308: 0f84 2e00 | 0000 488b | d648 89b4 | 2410 0100 | 000f 1f40 | 0048 b880 | 4523 090d 

  0x0000020c8d1aa324: ;   {virtual_call}
  0x0000020c8d1aa324: 0200 00e8 

  0x0000020c8d1aa328: ; ImmutableOopMap {[176]=Oop [208]=Oop [216]=Oop [224]=Oop [232]=Oop [240]=Oop [256]=Oop [264]=Oop [272]=Oop }
                      ;*invokeinterface isActive {reexecute=0 rethrow=0 return_oop=0}
                      ; - kotlinx.coroutines.DispatchedTask::run@191 (line 92)
  0x0000020c8d1aa328: 64c0 5f0f 

  0x0000020c8d1aa32c: ;   {other}
  0x0000020c8d1aa32c: 0f1f 8400 | 9c09 000c | 85c0 0f84 | 7502 0000 | 488b 8424 | 0801 0000 | 4885 c00f | 840c 0200 
  0x0000020c8d1aa34c: 0048 85c0 | 0f85 a900 | 0000 6690 

  0x0000020c8d1aa358: ;   {no_reloc}
  0x0000020c8d1aa358: e931 0b00 | 0000 0000 | 0000 498b | 87b8 0100 | 0048 8d78 | 3049 3bbf | c801 0000 | 0f87 1e0b 
  0x0000020c8d1aa378: 0000 4989 | bfb8 0100 | 0048 c700 | 0100 0000 | 488b ca48 | c1e9 0389 | 4808 4833 | c989 480c 
  0x0000020c8d1aa398: 4833 c948 | 8948 1048 | 8948 1848 | 8948 2048 

  0x0000020c8d1aa3a8: ;   {oop("exception"{0x00000000c0400078})}
  0x0000020c8d1aa3a8: 8948 2848 | ba78 0040 | c000 0000 | 0048 8984 | 2418 0100 

  0x0000020c8d1aa3bc: ;   {static_call}
  0x0000020c8d1aa3bc: 0066 90e8 

  0x0000020c8d1aa3c0: ; ImmutableOopMap {[176]=Oop [208]=Oop [216]=Oop [224]=Oop [232]=Oop [240]=Oop [264]=Oop [280]=Oop }
                      ;*invokestatic createParameterIsNullExceptionMessage {reexecute=0 rethrow=0 return_oop=0}
                      ; - kotlin.jvm.internal.Intrinsics::throwParameterIsNullNPE@5 (line 140)
                      ; - kotlin.jvm.internal.Intrinsics::checkNotNullParameter@5 (line 131)
                      ; - kotlin.ResultKt::createFailure@3
                      ; - kotlinx.coroutines.DispatchedTask::run@296 (line 98)
  0x0000020c8d1aa3c0: bc4c 4a0f 

  0x0000020c8d1aa3c4: ;   {other}
  0x0000020c8d1aa3c4: 0f1f 8400 | 340a 000d | 4c8b c048 | 8b94 2418 

  0x0000020c8d1aa3d4: ;   {optimized virtual_call}
  0x0000020c8d1aa3d4: 0100 00e8 

  0x0000020c8d1aa3d8: ; ImmutableOopMap {[176]=Oop [208]=Oop [216]=Oop [224]=Oop [232]=Oop [240]=Oop [264]=Oop [280]=Oop }
                      ;*invokespecial <init> {reexecute=0 rethrow=0 return_oop=0}
                      ; - kotlin.jvm.internal.Intrinsics::throwParameterIsNullNPE@8 (line 140)
                      ; - kotlin.jvm.internal.Intrinsics::checkNotNullParameter@5 (line 131)
                      ; - kotlin.ResultKt::createFailure@3
                      ; - kotlinx.coroutines.DispatchedTask::run@296 (line 98)
  0x0000020c8d1aa3d8: a446 4a0f 

  0x0000020c8d1aa3dc: ;   {other}
  0x0000020c8d1aa3dc: 0f1f 8400 | 4c0a 000e 

  0x0000020c8d1aa3e4: ;   {oop(a 'java/lang/Class'{0x00000000c0789a18} = 'kotlin/jvm/internal/Intrinsics')}
  0x0000020c8d1aa3e4: 48ba 189a | 78c0 0000 | 0000 8b72 | 2c48 85f6 | 0f84 7606 | 0000 e990 

  0x0000020c8d1aa3fc: ;   {metadata('kotlin/Result$Failure')}
  0x0000020c8d1aa3fc: 0600 0048 | ba10 e915 | 0001 0000 | 0048 8bd8 | 498b 87b8 | 0100 0048 | 8d78 1049 | 3bbf c801 
  0x0000020c8d1aa41c: 0000 0f87 | 860a 0000 | 4989 bfb8 | 0100 0048 | c700 0100 | 0000 488b | ca48 c1e9 | 0389 4808 
  0x0000020c8d1aa43c: 4833 c989 | 480c 4833 | c948 8984 | 2428 0100 | 0048 85db | 0f85 aa00 | 0000 6690 

  0x0000020c8d1aa458: ;   {no_reloc}
  0x0000020c8d1aa458: e969 0a00 | 0000 0000 | 0000 498b | 87b8 0100 | 0048 8d78 | 3049 3bbf | c801 0000 | 0f87 560a 
  0x0000020c8d1aa478: 0000 4989 | bfb8 0100 | 0048 c700 | 0100 0000 | 488b ca48 | c1e9 0389 | 4808 4833 | c989 480c 
  0x0000020c8d1aa498: 4833 c948 | 8948 1048 | 8948 1848 | 8948 2048 

  0x0000020c8d1aa4a8: ;   {oop("exception"{0x00000000c0400078})}
  0x0000020c8d1aa4a8: 8948 2848 | ba78 0040 | c000 0000 | 0048 8984 | 2420 0100 

  0x0000020c8d1aa4bc: ;   {static_call}
  0x0000020c8d1aa4bc: 0066 90e8 

  0x0000020c8d1aa4c0: ; ImmutableOopMap {[176]=Oop [208]=Oop [216]=Oop [224]=Oop [232]=Oop [240]=Oop [264]=Oop [288]=Oop [296]=Oop }
                      ;*invokestatic createParameterIsNullExceptionMessage {reexecute=0 rethrow=0 return_oop=0}
                      ; - kotlin.jvm.internal.Intrinsics::throwParameterIsNullNPE@5 (line 140)
                      ; - kotlin.jvm.internal.Intrinsics::checkNotNullParameter@5 (line 131)
                      ; - kotlin.Result$Failure::<init>@3
                      ; - kotlin.ResultKt::createFailure@11 (line 122)
                      ; - kotlinx.coroutines.DispatchedTask::run@296 (line 98)
  0x0000020c8d1aa4c0: bc4b 4a0f 

  0x0000020c8d1aa4c4: ;   {other}
  0x0000020c8d1aa4c4: 0f1f 8400 | 340b 000f | 4c8b c048 | 8b94 2420 

  0x0000020c8d1aa4d4: ;   {optimized virtual_call}
  0x0000020c8d1aa4d4: 0100 00e8 

  0x0000020c8d1aa4d8: ; ImmutableOopMap {[176]=Oop [208]=Oop [216]=Oop [224]=Oop [232]=Oop [240]=Oop [264]=Oop [288]=Oop [296]=Oop }
                      ;*invokespecial <init> {reexecute=0 rethrow=0 return_oop=0}
                      ; - kotlin.jvm.internal.Intrinsics::throwParameterIsNullNPE@8 (line 140)
                      ; - kotlin.jvm.internal.Intrinsics::checkNotNullParameter@5 (line 131)
                      ; - kotlin.Result$Failure::<init>@3
                      ; - kotlin.ResultKt::createFailure@11 (line 122)
                      ; - kotlinx.coroutines.DispatchedTask::run@296 (line 98)
  0x0000020c8d1aa4d8: a445 4a0f 

  0x0000020c8d1aa4dc: ;   {other}
  0x0000020c8d1aa4dc: 0f1f 8400 | 4c0b 0010 

  0x0000020c8d1aa4e4: ;   {oop(a 'java/lang/Class'{0x00000000c0789a18} = 'kotlin/jvm/internal/Intrinsics')}
  0x0000020c8d1aa4e4: 49b8 189a | 78c0 0000 | 0000 418b | 702c 4885 | f60f 8402 | 0500 00e9 | e804 0000 | 488b fb45 
  0x0000020c8d1aa504: 0fbe 4740 | 4585 c00f | 85d1 0900 | 004c 8bd7 | 4489 500c | 4c8b c04c | 33c7 49c1 | e814 4983 
  0x0000020c8d1aa524: f800 0f85 | d209 0000 | 4c8b c048 | 8b94 24d0 | 0000 0066 | 0f1f 4400 | 0048 b8a0 | 6d0e 630d 
  0x0000020c8d1aa544: ;   {virtual_call}
  0x0000020c8d1aa544: 0200 00e8 

  0x0000020c8d1aa548: ; ImmutableOopMap {[176]=Oop [216]=Oop [224]=Oop [232]=Oop [240]=Oop }
                      ;*invokeinterface resumeWith {reexecute=0 rethrow=0 return_oop=0}
                      ; - kotlinx.coroutines.DispatchedTask::run@302 (line 98)
  0x0000020c8d1aa548: 8c9b 560f 

  0x0000020c8d1aa54c: ;   {other}
  0x0000020c8d1aa54c: 0f1f 8400 | bc0b 0011 | e9c3 0200 | 004c 8b84 | 2400 0100 | 0048 8b94 | 24b0 0000 | 000f 1f40 
  0x0000020c8d1aa56c: 0048 b8ff | ffff ffff 

  0x0000020c8d1aa574: ;   {virtual_call}
  0x0000020c8d1aa574: ffff ffe8 

  0x0000020c8d1aa578: ; ImmutableOopMap {[176]=Oop [208]=Oop [216]=Oop [224]=Oop [232]=Oop [240]=Oop }
                      ;*invokevirtual getSuccessfulResult$kotlinx_coroutines_core {reexecute=0 rethrow=0 return_oop=0}
                      ; - kotlinx.coroutines.DispatchedTask::run@318 (line 100)
  0x0000020c8d1aa578: 0c9b 560f 

  0x0000020c8d1aa57c: ;   {other}
  0x0000020c8d1aa57c: 0f1f 8400 | ec0b 0012 | 4c8b c048 | 8b94 24d0 | 0000 0066 | 0f1f 4400 | 0048 b830 | 4a23 090d 
  0x0000020c8d1aa59c: ;   {virtual_call}
  0x0000020c8d1aa59c: 0200 00e8 

  0x0000020c8d1aa5a0: ; ImmutableOopMap {[176]=Oop [216]=Oop [224]=Oop [232]=Oop [240]=Oop }
                      ;*invokeinterface resumeWith {reexecute=0 rethrow=0 return_oop=0}
                      ; - kotlinx.coroutines.DispatchedTask::run@324 (line 100)
  0x0000020c8d1aa5a0: 349b 560f 

  0x0000020c8d1aa5a4: ;   {other}
  0x0000020c8d1aa5a4: 0f1f 8400 | 140c 0013 | e96b 0200 | 0048 8bb4 | 2410 0100 | 0048 8bd6 | 9048 b890 | acb2 ae0c 
  0x0000020c8d1aa5c4: ;   {virtual_call}
  0x0000020c8d1aa5c4: 0200 00e8 

  0x0000020c8d1aa5c8: ; ImmutableOopMap {[176]=Oop [208]=Oop [216]=Oop [224]=Oop [232]=Oop [240]=Oop [256]=Oop }
                      ;*invokeinterface getCancellationException {reexecute=0 rethrow=0 return_oop=0}
                      ; - kotlinx.coroutines.DispatchedTask::run@201 (line 93)
  0x0000020c8d1aa5c8: 3cc1 5f0f 

  0x0000020c8d1aa5cc: ;   {other}
  0x0000020c8d1aa5cc: 0f1f 8400 | 3c0c 0014 | 4889 8424 | 3001 0000 | 4c8b 8424 | 0001 0000 | 4c8b c848 | 8b94 24b0 
  0x0000020c8d1aa5ec: 0000 0066 | 0f1f 4400 | 0048 b8ff | ffff ffff 

  0x0000020c8d1aa5fc: ;   {virtual_call}
  0x0000020c8d1aa5fc: ffff ffe8 

  0x0000020c8d1aa600: ; ImmutableOopMap {[176]=Oop [208]=Oop [216]=Oop [224]=Oop [232]=Oop [240]=Oop [304]=Oop }
                      ;*invokevirtual cancelCompletedResult$kotlinx_coroutines_core {reexecute=0 rethrow=0 return_oop=0}
                      ; - kotlinx.coroutines.DispatchedTask::run@216 (line 94)
  0x0000020c8d1aa600: 0c99 560f 

  0x0000020c8d1aa604: ;   {other}
  0x0000020c8d1aa604: 0f1f 8400 | 740c 0015 | 488b 8424 | 3001 0000 | 4885 c00f | 85aa 0000 | 0066 6690 

  0x0000020c8d1aa620: ;   {no_reloc}
  0x0000020c8d1aa620: e900 0900 | 0000 0000 | 0000 498b | 87b8 0100 | 0048 8d78 | 3049 3bbf | c801 0000 | 0f87 ed08 
  0x0000020c8d1aa640: 0000 4989 | bfb8 0100 | 0048 c700 | 0100 0000 | 488b ca48 | c1e9 0389 | 4808 4833 | c989 480c 
  0x0000020c8d1aa660: 4833 c948 | 8948 1048 | 8948 1848 | 8948 2048 

  0x0000020c8d1aa670: ;   {oop("exception"{0x00000000c0400078})}
  0x0000020c8d1aa670: 8948 2848 | ba78 0040 | c000 0000 | 0048 8984 | 2438 0100 

  0x0000020c8d1aa684: ;   {static_call}
  0x0000020c8d1aa684: 0066 90e8 

  0x0000020c8d1aa688: ; ImmutableOopMap {[176]=Oop [208]=Oop [216]=Oop [224]=Oop [232]=Oop [240]=Oop [304]=Oop [312]=Oop }
                      ;*invokestatic createParameterIsNullExceptionMessage {reexecute=0 rethrow=0 return_oop=0}
                      ; - kotlin.jvm.internal.Intrinsics::throwParameterIsNullNPE@5 (line 140)
                      ; - kotlin.jvm.internal.Intrinsics::checkNotNullParameter@5 (line 131)
                      ; - kotlin.ResultKt::createFailure@3
                      ; - kotlinx.coroutines.DispatchedTask::run@269 (line 236)
  0x0000020c8d1aa688: f449 4a0f 

  0x0000020c8d1aa68c: ;   {other}
  0x0000020c8d1aa68c: 0f1f 8400 | fc0c 0016 | 4c8b c048 | 8b94 2438 

  0x0000020c8d1aa69c: ;   {optimized virtual_call}
  0x0000020c8d1aa69c: 0100 00e8 

  0x0000020c8d1aa6a0: ; ImmutableOopMap {[176]=Oop [208]=Oop [216]=Oop [224]=Oop [232]=Oop [240]=Oop [304]=Oop [312]=Oop }
                      ;*invokespecial <init> {reexecute=0 rethrow=0 return_oop=0}
                      ; - kotlin.jvm.internal.Intrinsics::throwParameterIsNullNPE@8 (line 140)
                      ; - kotlin.jvm.internal.Intrinsics::checkNotNullParameter@5 (line 131)
                      ; - kotlin.ResultKt::createFailure@3
                      ; - kotlinx.coroutines.DispatchedTask::run@269 (line 236)
  0x0000020c8d1aa6a0: dc43 4a0f 

  0x0000020c8d1aa6a4: ;   {other}
  0x0000020c8d1aa6a4: 0f1f 8400 | 140d 0017 

  0x0000020c8d1aa6ac: ;   {oop(a 'java/lang/Class'{0x00000000c0789a18} = 'kotlin/jvm/internal/Intrinsics')}
  0x0000020c8d1aa6ac: 48ba 189a | 78c0 0000 | 0000 8b72 | 2c48 85f6 | 0f84 ae02 | 0000 e9c8 

  0x0000020c8d1aa6c4: ;   {metadata('kotlin/Result$Failure')}
  0x0000020c8d1aa6c4: 0200 0048 | ba10 e915 | 0001 0000 | 0048 8bd8 | 498b 87b8 | 0100 0048 | 8d78 1049 | 3bbf c801 
  0x0000020c8d1aa6e4: 0000 0f87 | 5508 0000 | 4989 bfb8 | 0100 0048 | c700 0100 | 0000 488b | ca48 c1e9 | 0389 4808 
  0x0000020c8d1aa704: 4833 c989 | 480c 4833 | c948 8984 | 2448 0100 | 0048 85db | 0f85 aa00 | 0000 6690 

  0x0000020c8d1aa720: ;   {no_reloc}
  0x0000020c8d1aa720: e938 0800 | 0000 0000 | 0000 498b | 87b8 0100 | 0048 8d78 | 3049 3bbf | c801 0000 | 0f87 2508 
  0x0000020c8d1aa740: 0000 4989 | bfb8 0100 | 0048 c700 | 0100 0000 | 488b ca48 | c1e9 0389 | 4808 4833 | c989 480c 
  0x0000020c8d1aa760: 4833 c948 | 8948 1048 | 8948 1848 | 8948 2048 

  0x0000020c8d1aa770: ;   {oop("exception"{0x00000000c0400078})}
  0x0000020c8d1aa770: 8948 2848 | ba78 0040 | c000 0000 | 0048 8984 | 2440 0100 

  0x0000020c8d1aa784: ;   {static_call}
  0x0000020c8d1aa784: 0066 90e8 

  0x0000020c8d1aa788: ; ImmutableOopMap {[176]=Oop [208]=Oop [216]=Oop [224]=Oop [232]=Oop [240]=Oop [304]=Oop [320]=Oop [328]=Oop }
                      ;*invokestatic createParameterIsNullExceptionMessage {reexecute=0 rethrow=0 return_oop=0}
                      ; - kotlin.jvm.internal.Intrinsics::throwParameterIsNullNPE@5 (line 140)
                      ; - kotlin.jvm.internal.Intrinsics::checkNotNullParameter@5 (line 131)
                      ; - kotlin.Result$Failure::<init>@3
                      ; - kotlin.ResultKt::createFailure@11 (line 122)
                      ; - kotlinx.coroutines.DispatchedTask::run@269 (line 236)
  0x0000020c8d1aa788: f448 4a0f 

  0x0000020c8d1aa78c: ;   {other}
  0x0000020c8d1aa78c: 0f1f 8400 | fc0d 0018 | 4c8b c048 | 8b94 2440 

  0x0000020c8d1aa79c: ;   {optimized virtual_call}
  0x0000020c8d1aa79c: 0100 00e8 

  0x0000020c8d1aa7a0: ; ImmutableOopMap {[176]=Oop [208]=Oop [216]=Oop [224]=Oop [232]=Oop [240]=Oop [304]=Oop [320]=Oop [328]=Oop }
                      ;*invokespecial <init> {reexecute=0 rethrow=0 return_oop=0}
                      ; - kotlin.jvm.internal.Intrinsics::throwParameterIsNullNPE@8 (line 140)
                      ; - kotlin.jvm.internal.Intrinsics::checkNotNullParameter@5 (line 131)
                      ; - kotlin.Result$Failure::<init>@3
                      ; - kotlin.ResultKt::createFailure@11 (line 122)
                      ; - kotlinx.coroutines.DispatchedTask::run@269 (line 236)
  0x0000020c8d1aa7a0: dc42 4a0f 

  0x0000020c8d1aa7a4: ;   {other}
  0x0000020c8d1aa7a4: 0f1f 8400 | 140e 0019 

  0x0000020c8d1aa7ac: ;   {oop(a 'java/lang/Class'{0x00000000c0789a18} = 'kotlin/jvm/internal/Intrinsics')}
  0x0000020c8d1aa7ac: 49b8 189a | 78c0 0000 | 0000 418b | 702c 4885 | f60f 8434 | 0100 00e9 | 1a01 0000 | 488b fb45 
  0x0000020c8d1aa7cc: 0fbe 4740 | 4585 c00f | 85a0 0700 | 004c 8bd7 | 4489 500c | 4c8b c04c | 33c7 49c1 | e814 4983 
  0x0000020c8d1aa7ec: f800 0f85 | a107 0000 | 4c8b c048 | 8b94 24d0 | 0000 0066 | 0f1f 4400 | 0048 b840 | b1b2 ae0c 
  0x0000020c8d1aa80c: ;   {virtual_call}
  0x0000020c8d1aa80c: 0200 00e8 

  0x0000020c8d1aa810: ; ImmutableOopMap {[176]=Oop [216]=Oop [224]=Oop [232]=Oop [240]=Oop }
                      ;*invokeinterface resumeWith {reexecute=0 rethrow=0 return_oop=0}
                      ; - kotlinx.coroutines.DispatchedTask::run@275 (line 236)
  0x0000020c8d1aa810: c498 560f 

  0x0000020c8d1aa814: ;   {other}
  0x0000020c8d1aa814: 0f1f 8400 | 840e 001a | 4d8b 8788 | 0300 0049 | 8b30 8b56 | 4c48 85d2 | 0f84 2700 | 0000 483b 
  0x0000020c8d1aa834: ;   {oop(a 'java/lang/ThreadLocal$SuppliedThreadLocal'{0x00000000c1357e98})}
  0x0000020c8d1aa834: 0249 b898 | 7e35 c100 | 0000 004c | 8b8c 24f0 

  0x0000020c8d1aa844: ;   {optimized virtual_call}
  0x0000020c8d1aa844: 0000 00e8 

  0x0000020c8d1aa848: ; ImmutableOopMap {[176]=Oop [216]=Oop [224]=Oop [232]=Oop }
                      ;*invokevirtual set {reexecute=0 rethrow=0 return_oop=0}
                      ; - java.lang.ThreadLocal::set@13
                      ; - java.lang.ThreadLocal::set@5
                      ; - kotlinx.coroutines.DispatchedTask::run@340 (line 240)
  0x0000020c8d1aa848: b457 d90f 

  0x0000020c8d1aa84c: ;   {other}
  0x0000020c8d1aa84c: 0f1f 8400 | bc0e 001b | e923 0000 

  0x0000020c8d1aa858: ;   {oop(a 'java/lang/ThreadLocal$SuppliedThreadLocal'{0x00000000c1357e98})}
  0x0000020c8d1aa858: 0048 ba98 | 7e35 c100 | 0000 004c | 8bc6 4c8b | 8c24 f000 

  0x0000020c8d1aa86c: ;   {optimized virtual_call}
  0x0000020c8d1aa86c: 0000 90e8 

  0x0000020c8d1aa870: ; ImmutableOopMap {[176]=Oop [216]=Oop [224]=Oop [232]=Oop }
                      ;*invokevirtual createMap {reexecute=0 rethrow=0 return_oop=0}
                      ; - java.lang.ThreadLocal::set@22
                      ; - java.lang.ThreadLocal::set@5
                      ; - kotlinx.coroutines.DispatchedTask::run@340 (line 240)
  0x0000020c8d1aa870: 0c42 4a0f 

  0x0000020c8d1aa874: ;   {other}
  0x0000020c8d1aa874: 0f1f 8400 | e40e 001c | 488b 8424 | e800 0000 | 4885 c00f | 841f 0000 | 0048 3b00 | 488b d00f 
  0x0000020c8d1aa894: ;   {optimized virtual_call}
  0x0000020c8d1aa894: 1f40 00e8 

  0x0000020c8d1aa898: ; ImmutableOopMap {[176]=Oop [216]=Oop [224]=Oop }
                      ;*invokevirtual clearThreadContext {reexecute=0 rethrow=0 return_oop=0}
                      ; - kotlinx.coroutines.DispatchedTask::run@370 (line 241)
  0x0000020c8d1aa898: c41a 4001 

  0x0000020c8d1aa89c: ;   {other}
  0x0000020c8d1aa89c: 0f1f 8400 | 0c0f 001d | 85c0 0f84 | c004 0000 | 488b 9424 | d800 0000 | 4c8b 8424 | e000 0000 
  0x0000020c8d1aa8bc: ;   {static_call}
  0x0000020c8d1aa8bc: 6666 90e8 

  0x0000020c8d1aa8c0: ; ImmutableOopMap {[176]=Oop }
                      ;*invokestatic restoreThreadContext {reexecute=0 rethrow=0 return_oop=0}
                      ; - kotlinx.coroutines.DispatchedTask::run@380 (line 242)
  0x0000020c8d1aa8c0: 3cdd 1110 

  0x0000020c8d1aa8c4: ;   {other}
  0x0000020c8d1aa8c4: 0f1f 8400 | 340f 001e | 4881 c480 | 0100 005d 

  0x0000020c8d1aa8d4: ;   {poll_return}
  0x0000020c8d1aa8d4: 493b a750 | 0400 000f | 87db 0600 | 00c3 488b | 8424 4801 | 0000 488b | bc24 3001 | 0000 e920 
  0x0000020c8d1aa8f4: ;   {oop(a 'java/lang/Class'{0x00000000c0789a18} = 'kotlin/jvm/internal/Intrinsics')}
  0x0000020c8d1aa8f4: 0000 0048 | ba18 9a78 | c000 0000 | 0066 0f1f 

  0x0000020c8d1aa904: ;   {optimized virtual_call}
  0x0000020c8d1aa904: 4400 00e8 

  0x0000020c8d1aa908: ; ImmutableOopMap {[176]=Oop [208]=Oop [216]=Oop [224]=Oop [232]=Oop [240]=Oop [304]=Oop [320]=Oop [328]=Oop }
                      ;*invokevirtual initClassName {reexecute=0 rethrow=0 return_oop=0}
                      ; - java.lang.Class::getName@14
                      ; - kotlin.jvm.internal.Intrinsics::sanitizeStackTrace@3 (line 253)
                      ; - kotlin.jvm.internal.Intrinsics::throwParameterIsNullNPE@11 (line 140)
                      ; - kotlin.jvm.internal.Intrinsics::checkNotNullParameter@5 (line 131)
                      ; - kotlin.Result$Failure::<init>@3
                      ; - kotlin.ResultKt::createFailure@11 (line 122)
                      ; - kotlinx.coroutines.DispatchedTask::run@269 (line 236)
  0x0000020c8d1aa908: 7441 4a0f 

  0x0000020c8d1aa90c: ;   {other}
  0x0000020c8d1aa90c: 0f1f 8400 | 7c0f 001f | 488b f048 | 8b84 2440 | 0100 0048 | 8bd0 4c8b 

  0x0000020c8d1aa924: ;   {static_call}
  0x0000020c8d1aa924: c666 90e8 

  0x0000020c8d1aa928: ; ImmutableOopMap {[176]=Oop [208]=Oop [216]=Oop [224]=Oop [232]=Oop [240]=Oop [304]=Oop [328]=Oop }
                      ;*invokestatic sanitizeStackTrace {reexecute=0 rethrow=0 return_oop=0}
                      ; - kotlin.jvm.internal.Intrinsics::sanitizeStackTrace@6 (line 253)
                      ; - kotlin.jvm.internal.Intrinsics::throwParameterIsNullNPE@11 (line 140)
                      ; - kotlin.jvm.internal.Intrinsics::checkNotNullParameter@5 (line 131)
                      ; - kotlin.Result$Failure::<init>@3
                      ; - kotlin.ResultKt::createFailure@11 (line 122)
                      ; - kotlinx.coroutines.DispatchedTask::run@269 (line 236)
  0x0000020c8d1aa928: 5447 4a0f 

  0x0000020c8d1aa92c: ;   {other}
  0x0000020c8d1aa92c: 0f1f 8400 | 9c0f 0020 | 4885 c00f | 8420 0000 

  0x0000020c8d1aa93c: ;   {metadata('java/lang/NullPointerException')}
  0x0000020c8d1aa93c: 0048 bfb0 | e005 0001 | 0000 008b | 7008 48c1 | e603 483b | 7e50 0f85 | 7a06 0000 | e900 0000 
  0x0000020c8d1aa95c: ; ImmutableOopMap {rax=Oop [176]=Oop [208]=Oop [216]=Oop [224]=Oop [232]=Oop [240]=Oop [304]=Oop [328]=Oop }
                      ;*athrow {reexecute=1 rethrow=0 return_oop=0}
                      ; - (reexecute) kotlin.jvm.internal.Intrinsics::throwParameterIsNullNPE@17 (line 140)
                      ; - kotlin.jvm.internal.Intrinsics::checkNotNullParameter@5 (line 131)
                      ; - kotlin.Result$Failure::<init>@3
                      ; - kotlin.ResultKt::createFailure@11 (line 122)
                      ; - kotlinx.coroutines.DispatchedTask::run@269 (line 236)
  0x0000020c8d1aa95c: 0048 3b00 

  0x0000020c8d1aa960: ;   {section_word}
  0x0000020c8d1aa960: 48ba 60a9 | 1a8d 0c02 

  0x0000020c8d1aa968: ;   {runtime_call handle_exception_nofpu Runtime1 stub}
  0x0000020c8d1aa968: 0000 e891 | a955 0f90 

  0x0000020c8d1aa970: ;   {oop(a 'java/lang/Class'{0x00000000c0789a18} = 'kotlin/jvm/internal/Intrinsics')}
  0x0000020c8d1aa970: 48ba 189a | 78c0 0000 | 0000 0f1f 

  0x0000020c8d1aa97c: ;   {optimized virtual_call}
  0x0000020c8d1aa97c: 4400 00e8 

  0x0000020c8d1aa980: ; ImmutableOopMap {[176]=Oop [208]=Oop [216]=Oop [224]=Oop [232]=Oop [240]=Oop [304]=Oop [312]=Oop }
                      ;*invokevirtual initClassName {reexecute=0 rethrow=0 return_oop=0}
                      ; - java.lang.Class::getName@14
                      ; - kotlin.jvm.internal.Intrinsics::sanitizeStackTrace@3 (line 253)
                      ; - kotlin.jvm.internal.Intrinsics::throwParameterIsNullNPE@11 (line 140)
                      ; - kotlin.jvm.internal.Intrinsics::checkNotNullParameter@5 (line 131)
                      ; - kotlin.ResultKt::createFailure@3
                      ; - kotlinx.coroutines.DispatchedTask::run@269 (line 236)
  0x0000020c8d1aa980: fc40 4a0f 

  0x0000020c8d1aa984: ;   {other}
  0x0000020c8d1aa984: 0f1f 8400 | f40f 0022 | 488b f048 | 8b84 2438 | 0100 0048 | 8bd0 4c8b 

  0x0000020c8d1aa99c: ;   {static_call}
  0x0000020c8d1aa99c: c666 90e8 

  0x0000020c8d1aa9a0: ; ImmutableOopMap {[176]=Oop [208]=Oop [216]=Oop [224]=Oop [232]=Oop [240]=Oop [304]=Oop }
                      ;*invokestatic sanitizeStackTrace {reexecute=0 rethrow=0 return_oop=0}
                      ; - kotlin.jvm.internal.Intrinsics::sanitizeStackTrace@6 (line 253)
                      ; - kotlin.jvm.internal.Intrinsics::throwParameterIsNullNPE@11 (line 140)
                      ; - kotlin.jvm.internal.Intrinsics::checkNotNullParameter@5 (line 131)
                      ; - kotlin.ResultKt::createFailure@3
                      ; - kotlinx.coroutines.DispatchedTask::run@269 (line 236)
  0x0000020c8d1aa9a0: dc46 4a0f 

  0x0000020c8d1aa9a4: ;   {other}
  0x0000020c8d1aa9a4: 0f1f 8400 | 1410 0023 | 4885 c00f | 8420 0000 

  0x0000020c8d1aa9b4: ;   {metadata('java/lang/NullPointerException')}
  0x0000020c8d1aa9b4: 0048 bfb0 | e005 0001 | 0000 008b | 7008 48c1 | e603 483b | 7e50 0f85 | 1006 0000 | e900 0000 
  0x0000020c8d1aa9d4: ; ImmutableOopMap {rax=Oop [176]=Oop [208]=Oop [216]=Oop [224]=Oop [232]=Oop [240]=Oop [304]=Oop }
                      ;*athrow {reexecute=1 rethrow=0 return_oop=0}
                      ; - (reexecute) kotlin.jvm.internal.Intrinsics::throwParameterIsNullNPE@17 (line 140)
                      ; - kotlin.jvm.internal.Intrinsics::checkNotNullParameter@5 (line 131)
                      ; - kotlin.ResultKt::createFailure@3
                      ; - kotlinx.coroutines.DispatchedTask::run@269 (line 236)
  0x0000020c8d1aa9d4: 0048 3b00 

  0x0000020c8d1aa9d8: ;   {section_word}
  0x0000020c8d1aa9d8: 48ba d8a9 | 1a8d 0c02 

  0x0000020c8d1aa9e0: ;   {runtime_call handle_exception_nofpu Runtime1 stub}
  0x0000020c8d1aa9e0: 0000 e819 | a955 0f90 | 488b 8424 | 2801 0000 | 488b bc24 | 0801 0000 | e91a 0000 

  0x0000020c8d1aa9fc: ;   {oop(a 'java/lang/Class'{0x00000000c0789a18} = 'kotlin/jvm/internal/Intrinsics')}
  0x0000020c8d1aa9fc: 0048 ba18 | 9a78 c000 

  0x0000020c8d1aaa04: ;   {optimized virtual_call}
  0x0000020c8d1aaa04: 0000 00e8 

  0x0000020c8d1aaa08: ; ImmutableOopMap {[176]=Oop [208]=Oop [216]=Oop [224]=Oop [232]=Oop [240]=Oop [264]=Oop [288]=Oop [296]=Oop }
                      ;*invokevirtual initClassName {reexecute=0 rethrow=0 return_oop=0}
                      ; - java.lang.Class::getName@14
                      ; - kotlin.jvm.internal.Intrinsics::sanitizeStackTrace@3 (line 253)
                      ; - kotlin.jvm.internal.Intrinsics::throwParameterIsNullNPE@11 (line 140)
                      ; - kotlin.jvm.internal.Intrinsics::checkNotNullParameter@5 (line 131)
                      ; - kotlin.Result$Failure::<init>@3
                      ; - kotlin.ResultKt::createFailure@11 (line 122)
                      ; - kotlinx.coroutines.DispatchedTask::run@296 (line 98)
  0x0000020c8d1aaa08: 7440 4a0f 

  0x0000020c8d1aaa0c: ;   {other}
  0x0000020c8d1aaa0c: 0f1f 8400 | 7c10 0025 | 488b f048 | 8b84 2420 | 0100 0048 | 8bd0 4c8b 

  0x0000020c8d1aaa24: ;   {static_call}
  0x0000020c8d1aaa24: c666 90e8 

  0x0000020c8d1aaa28: ; ImmutableOopMap {[176]=Oop [208]=Oop [216]=Oop [224]=Oop [232]=Oop [240]=Oop [264]=Oop [296]=Oop }
                      ;*invokestatic sanitizeStackTrace {reexecute=0 rethrow=0 return_oop=0}
                      ; - kotlin.jvm.internal.Intrinsics::sanitizeStackTrace@6 (line 253)
                      ; - kotlin.jvm.internal.Intrinsics::throwParameterIsNullNPE@11 (line 140)
                      ; - kotlin.jvm.internal.Intrinsics::checkNotNullParameter@5 (line 131)
                      ; - kotlin.Result$Failure::<init>@3
                      ; - kotlin.ResultKt::createFailure@11 (line 122)
                      ; - kotlinx.coroutines.DispatchedTask::run@296 (line 98)
  0x0000020c8d1aaa28: 5446 4a0f 

  0x0000020c8d1aaa2c: ;   {other}
  0x0000020c8d1aaa2c: 0f1f 8400 | 9c10 0026 | 4885 c00f | 8420 0000 

  0x0000020c8d1aaa3c: ;   {metadata('java/lang/NullPointerException')}
  0x0000020c8d1aaa3c: 0048 bfb0 | e005 0001 | 0000 008b | 7008 48c1 | e603 483b | 7e50 0f85 | 9605 0000 | e900 0000 
  0x0000020c8d1aaa5c: ; ImmutableOopMap {rax=Oop [176]=Oop [208]=Oop [216]=Oop [224]=Oop [232]=Oop [240]=Oop [264]=Oop [296]=Oop }
                      ;*athrow {reexecute=1 rethrow=0 return_oop=0}
                      ; - (reexecute) kotlin.jvm.internal.Intrinsics::throwParameterIsNullNPE@17 (line 140)
                      ; - kotlin.jvm.internal.Intrinsics::checkNotNullParameter@5 (line 131)
                      ; - kotlin.Result$Failure::<init>@3
                      ; - kotlin.ResultKt::createFailure@11 (line 122)
                      ; - kotlinx.coroutines.DispatchedTask::run@296 (line 98)
  0x0000020c8d1aaa5c: 0048 3b00 

  0x0000020c8d1aaa60: ;   {section_word}
  0x0000020c8d1aaa60: 48ba 60aa | 1a8d 0c02 

  0x0000020c8d1aaa68: ;   {runtime_call handle_exception_nofpu Runtime1 stub}
  0x0000020c8d1aaa68: 0000 e891 | a855 0f90 

  0x0000020c8d1aaa70: ;   {oop(a 'java/lang/Class'{0x00000000c0789a18} = 'kotlin/jvm/internal/Intrinsics')}
  0x0000020c8d1aaa70: 48ba 189a | 78c0 0000 | 0000 0f1f 

  0x0000020c8d1aaa7c: ;   {optimized virtual_call}
  0x0000020c8d1aaa7c: 4400 00e8 

  0x0000020c8d1aaa80: ; ImmutableOopMap {[176]=Oop [208]=Oop [216]=Oop [224]=Oop [232]=Oop [240]=Oop [264]=Oop [280]=Oop }
                      ;*invokevirtual initClassName {reexecute=0 rethrow=0 return_oop=0}
                      ; - java.lang.Class::getName@14
                      ; - kotlin.jvm.internal.Intrinsics::sanitizeStackTrace@3 (line 253)
                      ; - kotlin.jvm.internal.Intrinsics::throwParameterIsNullNPE@11 (line 140)
                      ; - kotlin.jvm.internal.Intrinsics::checkNotNullParameter@5 (line 131)
                      ; - kotlin.ResultKt::createFailure@3
                      ; - kotlinx.coroutines.DispatchedTask::run@296 (line 98)
  0x0000020c8d1aaa80: fc3f 4a0f 

  0x0000020c8d1aaa84: ;   {other}
  0x0000020c8d1aaa84: 0f1f 8400 | f410 0028 | 488b f048 | 8b84 2418 | 0100 0048 | 8bd0 4c8b 

  0x0000020c8d1aaa9c: ;   {static_call}
  0x0000020c8d1aaa9c: c666 90e8 

  0x0000020c8d1aaaa0: ; ImmutableOopMap {[176]=Oop [208]=Oop [216]=Oop [224]=Oop [232]=Oop [240]=Oop [264]=Oop }
                      ;*invokestatic sanitizeStackTrace {reexecute=0 rethrow=0 return_oop=0}
                      ; - kotlin.jvm.internal.Intrinsics::sanitizeStackTrace@6 (line 253)
                      ; - kotlin.jvm.internal.Intrinsics::throwParameterIsNullNPE@11 (line 140)
                      ; - kotlin.jvm.internal.Intrinsics::checkNotNullParameter@5 (line 131)
                      ; - kotlin.ResultKt::createFailure@3
                      ; - kotlinx.coroutines.DispatchedTask::run@296 (line 98)
  0x0000020c8d1aaaa0: dc45 4a0f 

  0x0000020c8d1aaaa4: ;   {other}
  0x0000020c8d1aaaa4: 0f1f 8400 | 1411 0029 | 4885 c00f | 8421 0000 

  0x0000020c8d1aaab4: ;   {metadata('java/lang/NullPointerException')}
  0x0000020c8d1aaab4: 0049 b9b0 | e005 0001 | 0000 0044 | 8b40 0849 | c1e0 034d | 3b48 500f | 852b 0500 | 00e9 0000 
  0x0000020c8d1aaad4: 0000 483b 

  0x0000020c8d1aaad8: ; ImmutableOopMap {rax=Oop [176]=Oop [208]=Oop [216]=Oop [224]=Oop [232]=Oop [240]=Oop [264]=Oop }
                      ;*athrow {reexecute=1 rethrow=0 return_oop=0}
                      ; - (reexecute) kotlin.jvm.internal.Intrinsics::throwParameterIsNullNPE@17 (line 140)
                      ; - kotlin.jvm.internal.Intrinsics::checkNotNullParameter@5 (line 131)
                      ; - kotlin.ResultKt::createFailure@3
                      ; - kotlinx.coroutines.DispatchedTask::run@296 (line 98)
                      ;   {section_word}
  0x0000020c8d1aaad8: 0048 bad9 | aa1a 8d0c 

  0x0000020c8d1aaae0: ;   {runtime_call handle_exception_nofpu Runtime1 stub}
  0x0000020c8d1aaae0: 0200 00e8 | 18a8 550f | 9049 8b87 | 0005 0000 | 4d33 d24d | 8997 0005 | 0000 4d33 | d24d 8997 
  0x0000020c8d1aab00: 0805 0000 | 4d8b 8788 | 0300 0049 | 8b30 8b56 | 4c48 85d2 | 4889 8424 | 5001 0000 | 0f84 2700 
  0x0000020c8d1aab20: 0000 483b 

  0x0000020c8d1aab24: ;   {oop(a 'java/lang/ThreadLocal$SuppliedThreadLocal'{0x00000000c1357e98})}
  0x0000020c8d1aab24: 0249 b898 | 7e35 c100 | 0000 004c | 8b8c 24f0 

  0x0000020c8d1aab34: ;   {optimized virtual_call}
  0x0000020c8d1aab34: 0000 00e8 

  0x0000020c8d1aab38: ; ImmutableOopMap {[176]=Oop [216]=Oop [224]=Oop [232]=Oop [336]=Oop }
                      ;*invokevirtual set {reexecute=0 rethrow=0 return_oop=0}
                      ; - java.lang.ThreadLocal::set@13
                      ; - java.lang.ThreadLocal::set@5
                      ; - kotlinx.coroutines.DispatchedTask::run@355 (line 240)
  0x0000020c8d1aab38: 443f 4a0f 

  0x0000020c8d1aab3c: ;   {other}
  0x0000020c8d1aab3c: 0f1f 8400 | ac11 002b | e923 0000 | 004c 8b8c | 24f0 0000 

  0x0000020c8d1aab50: ;   {oop(a 'java/lang/ThreadLocal$SuppliedThreadLocal'{0x00000000c1357e98})}
  0x0000020c8d1aab50: 0048 ba98 | 7e35 c100 | 0000 004c 

  0x0000020c8d1aab5c: ;   {optimized virtual_call}
  0x0000020c8d1aab5c: 8bc6 90e8 

  0x0000020c8d1aab60: ; ImmutableOopMap {[176]=Oop [216]=Oop [224]=Oop [232]=Oop [336]=Oop }
                      ;*invokevirtual createMap {reexecute=0 rethrow=0 return_oop=0}
                      ; - java.lang.ThreadLocal::set@22
                      ; - java.lang.ThreadLocal::set@5
                      ; - kotlinx.coroutines.DispatchedTask::run@355 (line 240)
  0x0000020c8d1aab60: 1c3f 4a0f 

  0x0000020c8d1aab64: ;   {other}
  0x0000020c8d1aab64: 0f1f 8400 | d411 002c | 488b 8424 

  0x0000020c8d1aab70: ; ImmutableOopMap {rax=Oop [176]=Oop [216]=Oop [224]=Oop [232]=Oop }
                      ;*athrow {reexecute=1 rethrow=0 return_oop=0}
                      ; - (reexecute) kotlinx.coroutines.DispatchedTask::run@360 (line 240)
  0x0000020c8d1aab70: 5001 0000 

  0x0000020c8d1aab74: ;   {section_word}
  0x0000020c8d1aab74: 48ba 74ab | 1a8d 0c02 

  0x0000020c8d1aab7c: ;   {runtime_call handle_exception_nofpu Runtime1 stub}
  0x0000020c8d1aab7c: 0000 e87d | a755 0f90 | 498b 8700 | 0500 004d | 33d2 4d89 | 9700 0500 | 004d 33d2 | 4d89 9708 
  0x0000020c8d1aab9c: 0500 0048 | 85d2 4889 | 8424 5801 | 0000 0f84 | 1c00 0000 

  0x0000020c8d1aabb0: ; implicit exception: dispatches to 0x0000020c8d1ab014
  0x0000020c8d1aabb0: 483b 020f 

  0x0000020c8d1aabb4: ;   {optimized virtual_call}
  0x0000020c8d1aabb4: 1f40 00e8 

  0x0000020c8d1aabb8: ; ImmutableOopMap {[176]=Oop [216]=Oop [224]=Oop [344]=Oop }
                      ;*invokevirtual clearThreadContext {reexecute=0 rethrow=0 return_oop=0}
                      ; - kotlinx.coroutines.DispatchedTask::run@395 (line 241)
  0x0000020c8d1aabb8: c43e 4a0f 

  0x0000020c8d1aabbc: ;   {other}
  0x0000020c8d1aabbc: 0f1f 8400 | 2c12 002e | 85c0 0f84 | 2000 0000 | 4c8b 8424 | e000 0000 | 488b 8424 | d800 0000 
  0x0000020c8d1aabdc: ;   {static_call}
  0x0000020c8d1aabdc: 488b d0e8 

  0x0000020c8d1aabe0: ; ImmutableOopMap {[176]=Oop [344]=Oop }
                      ;*invokestatic restoreThreadContext {reexecute=0 rethrow=0 return_oop=0}
                      ; - kotlinx.coroutines.DispatchedTask::run@405 (line 242)
  0x0000020c8d1aabe0: 9c44 4a0f 

  0x0000020c8d1aabe4: ;   {other}
  0x0000020c8d1aabe4: 0f1f 8400 | 5412 002f | 488b 8424 

  0x0000020c8d1aabf0: ; ImmutableOopMap {rax=Oop [176]=Oop }
                      ;*athrow {reexecute=1 rethrow=0 return_oop=0}
                      ; - (reexecute) kotlinx.coroutines.DispatchedTask::run@410 (line 242)
  0x0000020c8d1aabf0: 5801 0000 

  0x0000020c8d1aabf4: ;   {section_word}
  0x0000020c8d1aabf4: 48ba f4ab | 1a8d 0c02 

  0x0000020c8d1aabfc: ;   {runtime_call handle_exception_nofpu Runtime1 stub}
  0x0000020c8d1aabfc: 0000 e8fd | a655 0f90 | 488b 8424 | b800 0000 | e91e 0000 

  0x0000020c8d1aac10: ;   {oop(a 'java/lang/Class'{0x00000000c0789a18} = 'kotlin/jvm/internal/Intrinsics')}
  0x0000020c8d1aac10: 0048 ba18 | 9a78 c000 | 0000 000f 

  0x0000020c8d1aac1c: ;   {optimized virtual_call}
  0x0000020c8d1aac1c: 1f40 00e8 

  0x0000020c8d1aac20: ; ImmutableOopMap {[176]=Oop [184]=Oop [192]=Oop }
                      ;*invokevirtual initClassName {reexecute=0 rethrow=0 return_oop=0}
                      ; - java.lang.Class::getName@14
                      ; - kotlin.jvm.internal.Intrinsics::sanitizeStackTrace@3 (line 253)
                      ; - kotlin.jvm.internal.Intrinsics::throwJavaNpe@8 (line 50)
                      ; - kotlin.jvm.internal.Intrinsics::checkNotNull@5 (line 31)
                      ; - kotlinx.coroutines.DispatchedTask::run@40 (line 80)
  0x0000020c8d1aac20: 5c3e 4a0f 

  0x0000020c8d1aac24: ;   {other}
  0x0000020c8d1aac24: 0f1f 8400 | 9412 0031 | 488b f048 | 8b84 24c0 | 0000 0048 | 8bd0 4c8b 

  0x0000020c8d1aac3c: ;   {static_call}
  0x0000020c8d1aac3c: c666 90e8 

  0x0000020c8d1aac40: ; ImmutableOopMap {[176]=Oop [184]=Oop }
                      ;*invokestatic sanitizeStackTrace {reexecute=0 rethrow=0 return_oop=0}
                      ; - kotlin.jvm.internal.Intrinsics::sanitizeStackTrace@6 (line 253)
                      ; - kotlin.jvm.internal.Intrinsics::throwJavaNpe@8 (line 50)
                      ; - kotlin.jvm.internal.Intrinsics::checkNotNull@5 (line 31)
                      ; - kotlinx.coroutines.DispatchedTask::run@40 (line 80)
  0x0000020c8d1aac40: 3c44 4a0f 

  0x0000020c8d1aac44: ;   {other}
  0x0000020c8d1aac44: 0f1f 8400 | b412 0032 | 4885 c00f | 8421 0000 

  0x0000020c8d1aac54: ;   {metadata('java/lang/NullPointerException')}
  0x0000020c8d1aac54: 0048 beb0 | e005 0001 | 0000 0044 | 8b40 0849 | c1e0 0349 | 3b70 500f | 85a8 0300 | 00e9 0000 
  0x0000020c8d1aac74: 0000 483b 

  0x0000020c8d1aac78: ; ImmutableOopMap {rax=Oop [176]=Oop [184]=Oop }
                      ;*athrow {reexecute=1 rethrow=0 return_oop=0}
                      ; - (reexecute) kotlin.jvm.internal.Intrinsics::throwJavaNpe@14 (line 50)
                      ; - kotlin.jvm.internal.Intrinsics::checkNotNull@5 (line 31)
                      ; - kotlinx.coroutines.DispatchedTask::run@40 (line 80)
                      ;   {section_word}
  0x0000020c8d1aac78: 0048 ba79 | ac1a 8d0c 

  0x0000020c8d1aac80: ;   {runtime_call handle_exception_nofpu Runtime1 stub}
  0x0000020c8d1aac80: 0200 00e8 | 78a6 550f | 9049 8b87 | 0005 0000 | 4d33 d24d | 8997 0005 | 0000 4d33 | d24d 8997 
  0x0000020c8d1aaca0: 0805 0000 | 4c8b c048 | 8b94 24b0 

  0x0000020c8d1aacac: ;   {optimized virtual_call}
  0x0000020c8d1aacac: 0000 00e8 

  0x0000020c8d1aacb0: ; ImmutableOopMap {}
                      ;*invokevirtual handleFatalException$kotlinx_coroutines_core {reexecute=0 rethrow=0 return_oop=0}
                      ; - kotlinx.coroutines.DispatchedTask::run@434 (line 107)
  0x0000020c8d1aacb0: cc3d 4a0f 

  0x0000020c8d1aacb4: ;   {other}
  0x0000020c8d1aacb4: 0f1f 8400 | 2413 0034 | 4881 c480 | 0100 005d 

  0x0000020c8d1aacc4: ;   {poll_return}
  0x0000020c8d1aacc4: 493b a750 | 0400 000f | 8756 0300 | 00c3 488b | 9424 b000 | 0000 498b | 8700 0500 | 004d 33d2 
  0x0000020c8d1aace4: 4d89 9700 | 0500 004d | 33d2 4d89 | 9708 0500 | 0048 8984 | 2460 0100 | 0048 b8ff | ffff ffff 
  0x0000020c8d1aad04: ;   {virtual_call}
  0x0000020c8d1aad04: ffff ffe8 

  0x0000020c8d1aad08: ; ImmutableOopMap {[352]=Oop }
                      ;*invokevirtual getDelegate$kotlinx_coroutines_core {reexecute=0 rethrow=0 return_oop=0}
                      ; - kotlinx.coroutines.DispatchedTask::run@413 (line 105)
  0x0000020c8d1aad08: 7440 4a0f 

  0x0000020c8d1aad0c: ;   {other}
  0x0000020c8d1aad0c: 0f1f 8400 | 7c13 0035 | 488b d066 | 0f1f 4400 | 0048 b8ff | ffff ffff 

  0x0000020c8d1aad24: ;   {virtual_call}
  0x0000020c8d1aad24: ffff ffe8 

  0x0000020c8d1aad28: ; ImmutableOopMap {[352]=Oop }
                      ;*invokeinterface getContext {reexecute=0 rethrow=0 return_oop=0}
                      ; - kotlinx.coroutines.DispatchedTask::run@416 (line 105)
  0x0000020c8d1aad28: 5440 4a0f 

  0x0000020c8d1aad2c: ;   {other}
  0x0000020c8d1aad2c: 0f1f 8400 | 9c13 0036 | 488b 9424 | 6001 0000 | 4889 8424 | 6801 0000 

  0x0000020c8d1aad44: ;   {optimized virtual_call}
  0x0000020c8d1aad44: 6666 90e8 

  0x0000020c8d1aad48: ; ImmutableOopMap {[360]=Oop }
                      ;*invokevirtual getCause {reexecute=0 rethrow=0 return_oop=0}
                      ; - kotlinx.coroutines.DispatchedTask::run@422 (line 105)
  0x0000020c8d1aad48: 343d 4a0f 

  0x0000020c8d1aad4c: ;   {other}
  0x0000020c8d1aad4c: 0f1f 8400 | bc13 0037 | 488b 9424 | 6801 0000 

  0x0000020c8d1aad5c: ;   {static_call}
  0x0000020c8d1aad5c: 4c8b c0e8 

  0x0000020c8d1aad60: ; ImmutableOopMap {}
                      ;*invokestatic handleCoroutineException {reexecute=0 rethrow=0 return_oop=0}
                      ; - kotlinx.coroutines.DispatchedTask::run@425 (line 105)
  0x0000020c8d1aad60: 1c43 4a0f 

  0x0000020c8d1aad64: ;   {other}
  0x0000020c8d1aad64: 0f1f 8400 | d413 0038 | 4881 c480 | 0100 005d 

  0x0000020c8d1aad74: ;   {poll_return}
  0x0000020c8d1aad74: 493b a750 | 0400 000f | 87bc 0200 | 00c3 660f | 1f44 0000 

  0x0000020c8d1aad88: ;   {no_reloc}
  0x0000020c8d1aad88: e9d5 0200 | 0000 0000 | 0000 80ba | 6101 0000 | 040f 85d2 | 0200 0049 | 8b87 b801 | 0000 488d 
  0x0000020c8d1aada8: 7828 493b | bfc8 0100 | 000f 87ba | 0200 0049 | 89bf b801 | 0000 48c7 | 0001 0000 | 0048 8bca 
  0x0000020c8d1aadc8: 48c1 e903 | 8948 0848 | 33c9 8948 | 0c48 33c9 | 4889 4810 | 4889 4818 | 4889 4820 | 488b d048 
  0x0000020c8d1aade8: 8984 2470 

  0x0000020c8d1aadec: ;   {optimized virtual_call}
  0x0000020c8d1aadec: 0100 00e8 

  0x0000020c8d1aadf0: ; ImmutableOopMap {[368]=Oop }
                      ;*invokespecial <init> {reexecute=0 rethrow=0 return_oop=0}
                      ; - kotlinx.coroutines.DispatchedTask::run@28 (line 78)
  0x0000020c8d1aadf0: 8c3c 4a0f 

  0x0000020c8d1aadf4: ;   {other}
  0x0000020c8d1aadf4: 0f1f 8400 | 6414 0039 | 488b 8424 | 7001 0000 | e955 0300 

  0x0000020c8d1aae08: ;   {metadata({method} {0x0000020cb3cf9a60} 'run' '()V' in 'kotlinx/coroutines/DispatchedTask')}
  0x0000020c8d1aae08: 0049 ba58 | 9acf b30c | 0200 004c | 8954 2408 | 48c7 0424 | ffff ffff 

  0x0000020c8d1aae20: ;   {runtime_call counter_overflow Runtime1 stub}
  0x0000020c8d1aae20: e8db dd55 

  0x0000020c8d1aae24: ; ImmutableOopMap {rdx=Oop [176]=Oop }
                      ;*synchronization entry
                      ; - kotlinx.coroutines.DispatchedTask::run@-1 (line 78)
  0x0000020c8d1aae24: 0fe9 fef0 

  0x0000020c8d1aae28: ;   {metadata(nullptr)}
  0x0000020c8d1aae28: ffff 48ba | 0000 0000 | 0000 0000 | b800 0f05 

  0x0000020c8d1aae38: ;   {runtime_call load_klass_patching Runtime1 stub}
  0x0000020c8d1aae38: 0ae8 42cd 

  0x0000020c8d1aae3c: ; ImmutableOopMap {[176]=Oop [184]=Oop }
                      ;*new {reexecute=1 rethrow=0 return_oop=0}
                      ; - (reexecute) kotlin.jvm.internal.Intrinsics::throwJavaNpe@0 (line 50)
                      ; - kotlin.jvm.internal.Intrinsics::checkNotNull@5 (line 31)
                      ; - kotlinx.coroutines.DispatchedTask::run@40 (line 80)
  0x0000020c8d1aae3c: 550f e925 | f1ff ff48 

  0x0000020c8d1aae44: ;   {runtime_call fast_new_instance Runtime1 stub}
  0x0000020c8d1aae44: 8bd2 e8b5 

  0x0000020c8d1aae48: ; ImmutableOopMap {[176]=Oop [184]=Oop }
                      ;*new {reexecute=0 rethrow=0 return_oop=0}
                      ; - kotlin.jvm.internal.Intrinsics::throwJavaNpe@0 (line 50)
                      ; - kotlin.jvm.internal.Intrinsics::checkNotNull@5 (line 31)
                      ; - kotlinx.coroutines.DispatchedTask::run@40 (line 80)
  0x0000020c8d1aae48: 9555 0fe9 | 6bf1 ffff 

  0x0000020c8d1aae50: ;   {runtime_call throw_null_pointer_exception Runtime1 stub}
  0x0000020c8d1aae50: e8ab 8c55 

  0x0000020c8d1aae54: ; ImmutableOopMap {[176]=Oop [184]=Oop [192]=Oop }
                      ;*getfield name {reexecute=1 rethrow=0 return_oop=0}
                      ; - (reexecute) java.lang.Class::getName@1
                      ; - kotlin.jvm.internal.Intrinsics::sanitizeStackTrace@3 (line 253)
                      ; - kotlin.jvm.internal.Intrinsics::throwJavaNpe@8 (line 50)
                      ; - kotlin.jvm.internal.Intrinsics::checkNotNull@5 (line 31)
                      ; - kotlinx.coroutines.DispatchedTask::run@40 (line 80)
  0x0000020c8d1aae54: 0f48 8904 

  0x0000020c8d1aae58: ;   {runtime_call throw_class_cast_exception Runtime1 stub}
  0x0000020c8d1aae58: 24e8 a2b0 

  0x0000020c8d1aae5c: ; ImmutableOopMap {[176]=Oop }
                      ;*checkcast {reexecute=0 rethrow=0 return_oop=0}
                      ; - kotlinx.coroutines.DispatchedTask::run@43 (line 80)
                      ;   {runtime_call throw_null_pointer_exception Runtime1 stub}
  0x0000020c8d1aae5c: 550f e89d 

  0x0000020c8d1aae60: ; ImmutableOopMap {rdx=Oop [176]=Oop }
                      ;*getfield continuation {reexecute=1 rethrow=0 return_oop=0}
                      ; - (reexecute) kotlinx.coroutines.DispatchedTask::run@48 (line 81)
  0x0000020c8d1aae60: 8c55 0f48 

  0x0000020c8d1aae64: ;   {runtime_call throw_class_cast_exception Runtime1 stub}
  0x0000020c8d1aae64: 8904 24e8 

  0x0000020c8d1aae68: ; ImmutableOopMap {[176]=Oop [208]=Oop [216]=Oop [224]=Oop [232]=Oop }
                      ;*checkcast {reexecute=0 rethrow=0 return_oop=0}
                      ; - kotlinx.coroutines.DispatchedTask::run@108 (line 232)
  0x0000020c8d1aae68: 94b0 550f 

  0x0000020c8d1aae6c: ;   {runtime_call throw_null_pointer_exception Runtime1 stub}
  0x0000020c8d1aae6c: e88f 8c55 

  0x0000020c8d1aae70: ; ImmutableOopMap {rsi=Oop rdi=Oop [176]=Oop [208]=Oop [216]=Oop [224]=Oop [232]=Oop }
                      ;*getfield threadLocals {reexecute=1 rethrow=0 return_oop=0}
                      ; - (reexecute) java.lang.ThreadLocal::getMap@1
                      ; - java.lang.ThreadLocal::set@2
                      ; - java.lang.ThreadLocal::set@5
                      ; - kotlinx.coroutines.DispatchedTask::run@118 (line 233)
                      ;   {runtime_call throw_null_pointer_exception Runtime1 stub}
  0x0000020c8d1aae70: 0fe8 8a8c 

  0x0000020c8d1aae74: ; ImmutableOopMap {rdx=Oop [176]=Oop [208]=Oop [216]=Oop [224]=Oop [232]=Oop [240]=Oop }
                      ;*invokevirtual set {reexecute=0 rethrow=0 return_oop=0}
                      ; - java.lang.ThreadLocal::set@13
                      ; - java.lang.ThreadLocal::set@5
                      ; - kotlinx.coroutines.DispatchedTask::run@118 (line 233)
  0x0000020c8d1aae74: 550f 4889 

  0x0000020c8d1aae78: ;   {runtime_call throw_class_cast_exception Runtime1 stub}
  0x0000020c8d1aae78: 0424 e881 

  0x0000020c8d1aae7c: ; ImmutableOopMap {[176]=Oop [208]=Oop [216]=Oop [224]=Oop [232]=Oop [240]=Oop [256]=Oop [264]=Oop }
                      ;*checkcast {reexecute=0 rethrow=0 return_oop=0}
                      ; - kotlinx.coroutines.DispatchedTask::run@175 (line 91)
                      ;   {metadata(nullptr)}
  0x0000020c8d1aae7c: b055 0f48 | ba00 0000 | 0000 0000 | 00b8 000f 

  0x0000020c8d1aae8c: ;   {runtime_call load_klass_patching Runtime1 stub}
  0x0000020c8d1aae8c: 050a e8ed 

  0x0000020c8d1aae90: ; ImmutableOopMap {[176]=Oop [208]=Oop [216]=Oop [224]=Oop [232]=Oop [240]=Oop [264]=Oop }
                      ;*new {reexecute=1 rethrow=0 return_oop=0}
                      ; - (reexecute) kotlin.jvm.internal.Intrinsics::throwParameterIsNullNPE@0 (line 140)
                      ; - kotlin.jvm.internal.Intrinsics::checkNotNullParameter@5 (line 131)
                      ; - kotlin.ResultKt::createFailure@3
                      ; - kotlinx.coroutines.DispatchedTask::run@296 (line 98)
  0x0000020c8d1aae90: cc55 0fe9 | c0f4 ffff 

  0x0000020c8d1aae98: ;   {runtime_call fast_new_instance Runtime1 stub}
  0x0000020c8d1aae98: 488b d2e8 

  0x0000020c8d1aae9c: ; ImmutableOopMap {[176]=Oop [208]=Oop [216]=Oop [224]=Oop [232]=Oop [240]=Oop [264]=Oop }
                      ;*new {reexecute=0 rethrow=0 return_oop=0}
                      ; - kotlin.jvm.internal.Intrinsics::throwParameterIsNullNPE@0 (line 140)
                      ; - kotlin.jvm.internal.Intrinsics::checkNotNullParameter@5 (line 131)
                      ; - kotlin.ResultKt::createFailure@3
                      ; - kotlinx.coroutines.DispatchedTask::run@296 (line 98)
  0x0000020c8d1aae9c: 6095 550f | e906 f5ff 

  0x0000020c8d1aaea4: ;   {runtime_call throw_null_pointer_exception Runtime1 stub}
  0x0000020c8d1aaea4: ffe8 568c 

  0x0000020c8d1aaea8: ; ImmutableOopMap {[176]=Oop [208]=Oop [216]=Oop [224]=Oop [232]=Oop [240]=Oop [264]=Oop [280]=Oop }
                      ;*getfield name {reexecute=1 rethrow=0 return_oop=0}
                      ; - (reexecute) java.lang.Class::getName@1
                      ; - kotlin.jvm.internal.Intrinsics::sanitizeStackTrace@3 (line 253)
                      ; - kotlin.jvm.internal.Intrinsics::throwParameterIsNullNPE@11 (line 140)
                      ; - kotlin.jvm.internal.Intrinsics::checkNotNullParameter@5 (line 131)
                      ; - kotlin.ResultKt::createFailure@3
                      ; - kotlinx.coroutines.DispatchedTask::run@296 (line 98)
  0x0000020c8d1aaea8: 550f 488b 

  0x0000020c8d1aaeac: ;   {runtime_call fast_new_instance Runtime1 stub}
  0x0000020c8d1aaeac: d2e8 4e95 

  0x0000020c8d1aaeb0: ; ImmutableOopMap {rbx=Oop [176]=Oop [208]=Oop [216]=Oop [224]=Oop [232]=Oop [240]=Oop [264]=Oop }
                      ;*new {reexecute=0 rethrow=0 return_oop=0}
                      ; - kotlin.ResultKt::createFailure@6 (line 122)
                      ; - kotlinx.coroutines.DispatchedTask::run@296 (line 98)
  0x0000020c8d1aaeb0: 550f e98e 

  0x0000020c8d1aaeb4: ;   {metadata(nullptr)}
  0x0000020c8d1aaeb4: f5ff ff48 | ba00 0000 | 0000 0000 | 00b8 000f 

  0x0000020c8d1aaec4: ;   {runtime_call load_klass_patching Runtime1 stub}
  0x0000020c8d1aaec4: 050a e8b5 

  0x0000020c8d1aaec8: ; ImmutableOopMap {[176]=Oop [208]=Oop [216]=Oop [224]=Oop [232]=Oop [240]=Oop [264]=Oop [296]=Oop }
                      ;*new {reexecute=1 rethrow=0 return_oop=0}
                      ; - (reexecute) kotlin.jvm.internal.Intrinsics::throwParameterIsNullNPE@0 (line 140)
                      ; - kotlin.jvm.internal.Intrinsics::checkNotNullParameter@5 (line 131)
                      ; - kotlin.Result$Failure::<init>@3
                      ; - kotlin.ResultKt::createFailure@11 (line 122)
                      ; - kotlinx.coroutines.DispatchedTask::run@296 (line 98)
  0x0000020c8d1aaec8: cc55 0fe9 | 88f5 ffff 

  0x0000020c8d1aaed0: ;   {runtime_call fast_new_instance Runtime1 stub}
  0x0000020c8d1aaed0: 488b d2e8 

  0x0000020c8d1aaed4: ; ImmutableOopMap {[176]=Oop [208]=Oop [216]=Oop [224]=Oop [232]=Oop [240]=Oop [264]=Oop [296]=Oop }
                      ;*new {reexecute=0 rethrow=0 return_oop=0}
                      ; - kotlin.jvm.internal.Intrinsics::throwParameterIsNullNPE@0 (line 140)
                      ; - kotlin.jvm.internal.Intrinsics::checkNotNullParameter@5 (line 131)
                      ; - kotlin.Result$Failure::<init>@3
                      ; - kotlin.ResultKt::createFailure@11 (line 122)
                      ; - kotlinx.coroutines.DispatchedTask::run@296 (line 98)
  0x0000020c8d1aaed4: 2895 550f | e9ce f5ff 

  0x0000020c8d1aaedc: ;   {runtime_call throw_null_pointer_exception Runtime1 stub}
  0x0000020c8d1aaedc: ffe8 1e8c 

  0x0000020c8d1aaee0: ; ImmutableOopMap {[176]=Oop [208]=Oop [216]=Oop [224]=Oop [232]=Oop [240]=Oop [264]=Oop [288]=Oop [296]=Oop }
                      ;*getfield name {reexecute=1 rethrow=0 return_oop=0}
                      ; - (reexecute) java.lang.Class::getName@1
                      ; - kotlin.jvm.internal.Intrinsics::sanitizeStackTrace@3 (line 253)
                      ; - kotlin.jvm.internal.Intrinsics::throwParameterIsNullNPE@11 (line 140)
                      ; - kotlin.jvm.internal.Intrinsics::checkNotNullParameter@5 (line 131)
                      ; - kotlin.Result$Failure::<init>@3
                      ; - kotlin.ResultKt::createFailure@11 (line 122)
                      ; - kotlinx.coroutines.DispatchedTask::run@296 (line 98)
  0x0000020c8d1aaee0: 550f 448b | 400c 4983 | f800 0f84 | 21f6 ffff | 4c89 0424 

  0x0000020c8d1aaef4: ;   {runtime_call g1_pre_barrier_slow}
  0x0000020c8d1aaef4: e807 e355 | 0fe9 13f6 | ffff 4883 | ff00 0f84 | 24f6 ffff | 4889 0424 

  0x0000020c8d1aaf0c: ;   {runtime_call g1_post_barrier_slow}
  0x0000020c8d1aaf0c: e8ef e555 | 0fe9 16f6 

  0x0000020c8d1aaf14: ;   {metadata(nullptr)}
  0x0000020c8d1aaf14: ffff 48ba | 0000 0000 | 0000 0000 | b800 0f05 

  0x0000020c8d1aaf24: ;   {runtime_call load_klass_patching Runtime1 stub}
  0x0000020c8d1aaf24: 0ae8 56cc 

  0x0000020c8d1aaf28: ; ImmutableOopMap {[176]=Oop [208]=Oop [216]=Oop [224]=Oop [232]=Oop [240]=Oop [304]=Oop }
                      ;*new {reexecute=1 rethrow=0 return_oop=0}
                      ; - (reexecute) kotlin.jvm.internal.Intrinsics::throwParameterIsNullNPE@0 (line 140)
                      ; - kotlin.jvm.internal.Intrinsics::checkNotNullParameter@5 (line 131)
                      ; - kotlin.ResultKt::createFailure@3
                      ; - kotlinx.coroutines.DispatchedTask::run@269 (line 236)
  0x0000020c8d1aaf28: 550f e9f1 | f6ff ff48 

  0x0000020c8d1aaf30: ;   {runtime_call fast_new_instance Runtime1 stub}
  0x0000020c8d1aaf30: 8bd2 e8c9 

  0x0000020c8d1aaf34: ; ImmutableOopMap {[176]=Oop [208]=Oop [216]=Oop [224]=Oop [232]=Oop [240]=Oop [304]=Oop }
                      ;*new {reexecute=0 rethrow=0 return_oop=0}
                      ; - kotlin.jvm.internal.Intrinsics::throwParameterIsNullNPE@0 (line 140)
                      ; - kotlin.jvm.internal.Intrinsics::checkNotNullParameter@5 (line 131)
                      ; - kotlin.ResultKt::createFailure@3
                      ; - kotlinx.coroutines.DispatchedTask::run@269 (line 236)
  0x0000020c8d1aaf34: 9455 0fe9 | 37f7 ffff 

  0x0000020c8d1aaf3c: ;   {runtime_call throw_null_pointer_exception Runtime1 stub}
  0x0000020c8d1aaf3c: e8bf 8b55 

  0x0000020c8d1aaf40: ; ImmutableOopMap {[176]=Oop [208]=Oop [216]=Oop [224]=Oop [232]=Oop [240]=Oop [304]=Oop [312]=Oop }
                      ;*getfield name {reexecute=1 rethrow=0 return_oop=0}
                      ; - (reexecute) java.lang.Class::getName@1
                      ; - kotlin.jvm.internal.Intrinsics::sanitizeStackTrace@3 (line 253)
                      ; - kotlin.jvm.internal.Intrinsics::throwParameterIsNullNPE@11 (line 140)
                      ; - kotlin.jvm.internal.Intrinsics::checkNotNullParameter@5 (line 131)
                      ; - kotlin.ResultKt::createFailure@3
                      ; - kotlinx.coroutines.DispatchedTask::run@269 (line 236)
  0x0000020c8d1aaf40: 0f48 8bd2 

  0x0000020c8d1aaf44: ;   {runtime_call fast_new_instance Runtime1 stub}
  0x0000020c8d1aaf44: e8b7 9455 

  0x0000020c8d1aaf48: ; ImmutableOopMap {rbx=Oop [176]=Oop [208]=Oop [216]=Oop [224]=Oop [232]=Oop [240]=Oop [304]=Oop }
                      ;*new {reexecute=0 rethrow=0 return_oop=0}
                      ; - kotlin.ResultKt::createFailure@6 (line 122)
                      ; - kotlinx.coroutines.DispatchedTask::run@269 (line 236)
  0x0000020c8d1aaf48: 0fe9 bff7 

  0x0000020c8d1aaf4c: ;   {metadata(nullptr)}
  0x0000020c8d1aaf4c: ffff 48ba | 0000 0000 | 0000 0000 | b800 0f05 

  0x0000020c8d1aaf5c: ;   {runtime_call load_klass_patching Runtime1 stub}
  0x0000020c8d1aaf5c: 0ae8 1ecc 

  0x0000020c8d1aaf60: ; ImmutableOopMap {[176]=Oop [208]=Oop [216]=Oop [224]=Oop [232]=Oop [240]=Oop [304]=Oop [328]=Oop }
                      ;*new {reexecute=1 rethrow=0 return_oop=0}
                      ; - (reexecute) kotlin.jvm.internal.Intrinsics::throwParameterIsNullNPE@0 (line 140)
                      ; - kotlin.jvm.internal.Intrinsics::checkNotNullParameter@5 (line 131)
                      ; - kotlin.Result$Failure::<init>@3
                      ; - kotlin.ResultKt::createFailure@11 (line 122)
                      ; - kotlinx.coroutines.DispatchedTask::run@269 (line 236)
  0x0000020c8d1aaf60: 550f e9b9 | f7ff ff48 

  0x0000020c8d1aaf68: ;   {runtime_call fast_new_instance Runtime1 stub}
  0x0000020c8d1aaf68: 8bd2 e891 

  0x0000020c8d1aaf6c: ; ImmutableOopMap {[176]=Oop [208]=Oop [216]=Oop [224]=Oop [232]=Oop [240]=Oop [304]=Oop [328]=Oop }
                      ;*new {reexecute=0 rethrow=0 return_oop=0}
                      ; - kotlin.jvm.internal.Intrinsics::throwParameterIsNullNPE@0 (line 140)
                      ; - kotlin.jvm.internal.Intrinsics::checkNotNullParameter@5 (line 131)
                      ; - kotlin.Result$Failure::<init>@3
                      ; - kotlin.ResultKt::createFailure@11 (line 122)
                      ; - kotlinx.coroutines.DispatchedTask::run@269 (line 236)
  0x0000020c8d1aaf6c: 9455 0fe9 | fff7 ffff 

  0x0000020c8d1aaf74: ;   {runtime_call throw_null_pointer_exception Runtime1 stub}
  0x0000020c8d1aaf74: e887 8b55 

  0x0000020c8d1aaf78: ; ImmutableOopMap {[176]=Oop [208]=Oop [216]=Oop [224]=Oop [232]=Oop [240]=Oop [304]=Oop [320]=Oop [328]=Oop }
                      ;*getfield name {reexecute=1 rethrow=0 return_oop=0}
                      ; - (reexecute) java.lang.Class::getName@1
                      ; - kotlin.jvm.internal.Intrinsics::sanitizeStackTrace@3 (line 253)
                      ; - kotlin.jvm.internal.Intrinsics::throwParameterIsNullNPE@11 (line 140)
                      ; - kotlin.jvm.internal.Intrinsics::checkNotNullParameter@5 (line 131)
                      ; - kotlin.Result$Failure::<init>@3
                      ; - kotlin.ResultKt::createFailure@11 (line 122)
                      ; - kotlinx.coroutines.DispatchedTask::run@269 (line 236)
  0x0000020c8d1aaf78: 0f44 8b40 | 0c49 83f8 | 000f 8452 | f8ff ff4c 

  0x0000020c8d1aaf88: ;   {runtime_call g1_pre_barrier_slow}
  0x0000020c8d1aaf88: 8904 24e8 | 70e2 550f | e944 f8ff | ff48 83ff | 000f 8455 | f8ff ff48 

  0x0000020c8d1aafa0: ;   {runtime_call g1_post_barrier_slow}
  0x0000020c8d1aafa0: 8904 24e8 | 58e5 550f | e947 f8ff 

  0x0000020c8d1aafac: ;   {runtime_call throw_null_pointer_exception Runtime1 stub}
  0x0000020c8d1aafac: ffe8 4e8b 

  0x0000020c8d1aafb0: ; ImmutableOopMap {rsi=Oop [176]=Oop [216]=Oop [224]=Oop [232]=Oop [240]=Oop }
                      ;*getfield threadLocals {reexecute=1 rethrow=0 return_oop=0}
                      ; - (reexecute) java.lang.ThreadLocal::getMap@1
                      ; - java.lang.ThreadLocal::set@2
                      ; - java.lang.ThreadLocal::set@5
                      ; - kotlinx.coroutines.DispatchedTask::run@340 (line 240)
                      ;   {runtime_call throw_null_pointer_exception Runtime1 stub}
  0x0000020c8d1aafb0: 550f e849 

  0x0000020c8d1aafb4: ; ImmutableOopMap {rdx=Oop [176]=Oop [216]=Oop [224]=Oop [232]=Oop [240]=Oop }
                      ;*invokevirtual set {reexecute=0 rethrow=0 return_oop=0}
                      ; - java.lang.ThreadLocal::set@13
                      ; - java.lang.ThreadLocal::set@5
                      ; - kotlinx.coroutines.DispatchedTask::run@340 (line 240)
                      ;   {runtime_call throw_null_pointer_exception Runtime1 stub}
  0x0000020c8d1aafb4: 8b55 0fe8 

  0x0000020c8d1aafb8: ; ImmutableOopMap {rax=Oop [176]=Oop [216]=Oop [224]=Oop }
                      ;*invokevirtual clearThreadContext {reexecute=0 rethrow=0 return_oop=0}
                      ; - kotlinx.coroutines.DispatchedTask::run@370 (line 241)
  0x0000020c8d1aafb8: 448b 550f 

  0x0000020c8d1aafbc: ;   {internal_word}
  0x0000020c8d1aafbc: 49ba d4a8 | 1a8d 0c02 | 0000 4d89 | 9768 0400 

  0x0000020c8d1aafcc: ;   {runtime_call SafepointBlob}
  0x0000020c8d1aafcc: 00e9 2ea4 | 4a0f 4889 

  0x0000020c8d1aafd4: ;   {runtime_call throw_class_cast_exception Runtime1 stub}
  0x0000020c8d1aafd4: 0424 e825 

  0x0000020c8d1aafd8: ; ImmutableOopMap {[176]=Oop [208]=Oop [216]=Oop [224]=Oop [232]=Oop [240]=Oop [304]=Oop [328]=Oop }
                      ;*checkcast {reexecute=0 rethrow=0 return_oop=0}
                      ; - kotlin.jvm.internal.Intrinsics::throwParameterIsNullNPE@14 (line 140)
                      ; - kotlin.jvm.internal.Intrinsics::checkNotNullParameter@5 (line 131)
                      ; - kotlin.Result$Failure::<init>@3
                      ; - kotlin.ResultKt::createFailure@11 (line 122)
                      ; - kotlinx.coroutines.DispatchedTask::run@269 (line 236)
                      ;   {runtime_call throw_null_pointer_exception Runtime1 stub}
  0x0000020c8d1aafd8: af55 0fe8 

  0x0000020c8d1aafdc: ; ImmutableOopMap {rax=Oop [176]=Oop [208]=Oop [216]=Oop [224]=Oop [232]=Oop [240]=Oop [304]=Oop [328]=Oop }
                      ;*athrow {reexecute=1 rethrow=0 return_oop=0}
                      ; - (reexecute) kotlin.jvm.internal.Intrinsics::throwParameterIsNullNPE@17 (line 140)
                      ; - kotlin.jvm.internal.Intrinsics::checkNotNullParameter@5 (line 131)
                      ; - kotlin.Result$Failure::<init>@3
                      ; - kotlin.ResultKt::createFailure@11 (line 122)
                      ; - kotlinx.coroutines.DispatchedTask::run@269 (line 236)
  0x0000020c8d1aafdc: 208b 550f | 4889 0424 

  0x0000020c8d1aafe4: ;   {runtime_call throw_class_cast_exception Runtime1 stub}
  0x0000020c8d1aafe4: e817 af55 

  0x0000020c8d1aafe8: ; ImmutableOopMap {[176]=Oop [208]=Oop [216]=Oop [224]=Oop [232]=Oop [240]=Oop [304]=Oop }
                      ;*checkcast {reexecute=0 rethrow=0 return_oop=0}
                      ; - kotlin.jvm.internal.Intrinsics::throwParameterIsNullNPE@14 (line 140)
                      ; - kotlin.jvm.internal.Intrinsics::checkNotNullParameter@5 (line 131)
                      ; - kotlin.ResultKt::createFailure@3
                      ; - kotlinx.coroutines.DispatchedTask::run@269 (line 236)
                      ;   {runtime_call throw_null_pointer_exception Runtime1 stub}
  0x0000020c8d1aafe8: 0fe8 128b 

  0x0000020c8d1aafec: ; ImmutableOopMap {rax=Oop [176]=Oop [208]=Oop [216]=Oop [224]=Oop [232]=Oop [240]=Oop [304]=Oop }
                      ;*athrow {reexecute=1 rethrow=0 return_oop=0}
                      ; - (reexecute) kotlin.jvm.internal.Intrinsics::throwParameterIsNullNPE@17 (line 140)
                      ; - kotlin.jvm.internal.Intrinsics::checkNotNullParameter@5 (line 131)
                      ; - kotlin.ResultKt::createFailure@3
                      ; - kotlinx.coroutines.DispatchedTask::run@269 (line 236)
  0x0000020c8d1aafec: 550f 4889 

  0x0000020c8d1aaff0: ;   {runtime_call throw_class_cast_exception Runtime1 stub}
  0x0000020c8d1aaff0: 0424 e809 

  0x0000020c8d1aaff4: ; ImmutableOopMap {[176]=Oop [208]=Oop [216]=Oop [224]=Oop [232]=Oop [240]=Oop [264]=Oop [296]=Oop }
                      ;*checkcast {reexecute=0 rethrow=0 return_oop=0}
                      ; - kotlin.jvm.internal.Intrinsics::throwParameterIsNullNPE@14 (line 140)
                      ; - kotlin.jvm.internal.Intrinsics::checkNotNullParameter@5 (line 131)
                      ; - kotlin.Result$Failure::<init>@3
                      ; - kotlin.ResultKt::createFailure@11 (line 122)
                      ; - kotlinx.coroutines.DispatchedTask::run@296 (line 98)
                      ;   {runtime_call throw_null_pointer_exception Runtime1 stub}
  0x0000020c8d1aaff4: af55 0fe8 

  0x0000020c8d1aaff8: ; ImmutableOopMap {rax=Oop [176]=Oop [208]=Oop [216]=Oop [224]=Oop [232]=Oop [240]=Oop [264]=Oop [296]=Oop }
                      ;*athrow {reexecute=1 rethrow=0 return_oop=0}
                      ; - (reexecute) kotlin.jvm.internal.Intrinsics::throwParameterIsNullNPE@17 (line 140)
                      ; - kotlin.jvm.internal.Intrinsics::checkNotNullParameter@5 (line 131)
                      ; - kotlin.Result$Failure::<init>@3
                      ; - kotlin.ResultKt::createFailure@11 (line 122)
                      ; - kotlinx.coroutines.DispatchedTask::run@296 (line 98)
  0x0000020c8d1aaff8: 048b 550f | 4889 0424 

  0x0000020c8d1ab000: ;   {runtime_call throw_class_cast_exception Runtime1 stub}
  0x0000020c8d1ab000: e8fb ae55 

  0x0000020c8d1ab004: ; ImmutableOopMap {[176]=Oop [208]=Oop [216]=Oop [224]=Oop [232]=Oop [240]=Oop [264]=Oop }
                      ;*checkcast {reexecute=0 rethrow=0 return_oop=0}
                      ; - kotlin.jvm.internal.Intrinsics::throwParameterIsNullNPE@14 (line 140)
                      ; - kotlin.jvm.internal.Intrinsics::checkNotNullParameter@5 (line 131)
                      ; - kotlin.ResultKt::createFailure@3
                      ; - kotlinx.coroutines.DispatchedTask::run@296 (line 98)
                      ;   {runtime_call throw_null_pointer_exception Runtime1 stub}
  0x0000020c8d1ab004: 0fe8 f68a 

  0x0000020c8d1ab008: ; ImmutableOopMap {rax=Oop [176]=Oop [208]=Oop [216]=Oop [224]=Oop [232]=Oop [240]=Oop [264]=Oop }
                      ;*athrow {reexecute=1 rethrow=0 return_oop=0}
                      ; - (reexecute) kotlin.jvm.internal.Intrinsics::throwParameterIsNullNPE@17 (line 140)
                      ; - kotlin.jvm.internal.Intrinsics::checkNotNullParameter@5 (line 131)
                      ; - kotlin.ResultKt::createFailure@3
                      ; - kotlinx.coroutines.DispatchedTask::run@296 (line 98)
                      ;   {runtime_call throw_null_pointer_exception Runtime1 stub}
  0x0000020c8d1ab008: 550f e8f1 

  0x0000020c8d1ab00c: ; ImmutableOopMap {rax=Oop rsi=Oop [176]=Oop [216]=Oop [224]=Oop [232]=Oop [240]=Oop }
                      ;*getfield threadLocals {reexecute=1 rethrow=0 return_oop=0}
                      ; - (reexecute) java.lang.ThreadLocal::getMap@1
                      ; - java.lang.ThreadLocal::set@2
                      ; - java.lang.ThreadLocal::set@5
                      ; - kotlinx.coroutines.DispatchedTask::run@355 (line 240)
                      ;   {runtime_call throw_null_pointer_exception Runtime1 stub}
  0x0000020c8d1ab00c: 8a55 0fe8 

  0x0000020c8d1ab010: ; ImmutableOopMap {rdx=Oop [176]=Oop [216]=Oop [224]=Oop [232]=Oop [240]=Oop [336]=Oop }
                      ;*invokevirtual set {reexecute=0 rethrow=0 return_oop=0}
                      ; - java.lang.ThreadLocal::set@13
                      ; - java.lang.ThreadLocal::set@5
                      ; - kotlinx.coroutines.DispatchedTask::run@355 (line 240)
  0x0000020c8d1ab010: ec8a 550f 

  0x0000020c8d1ab014: ;   {runtime_call throw_null_pointer_exception Runtime1 stub}
  0x0000020c8d1ab014: e8e7 8a55 

  0x0000020c8d1ab018: ; ImmutableOopMap {rdx=Oop [176]=Oop [216]=Oop [224]=Oop [344]=Oop }
                      ;*invokevirtual clearThreadContext {reexecute=0 rethrow=0 return_oop=0}
                      ; - kotlinx.coroutines.DispatchedTask::run@395 (line 241)
  0x0000020c8d1ab018: 0f48 8904 

  0x0000020c8d1ab01c: ;   {runtime_call throw_class_cast_exception Runtime1 stub}
  0x0000020c8d1ab01c: 24e8 deae 

  0x0000020c8d1ab020: ; ImmutableOopMap {[176]=Oop [184]=Oop }
                      ;*checkcast {reexecute=0 rethrow=0 return_oop=0}
                      ; - kotlin.jvm.internal.Intrinsics::throwJavaNpe@11 (line 50)
                      ; - kotlin.jvm.internal.Intrinsics::checkNotNull@5 (line 31)
                      ; - kotlinx.coroutines.DispatchedTask::run@40 (line 80)
                      ;   {runtime_call throw_null_pointer_exception Runtime1 stub}
  0x0000020c8d1ab020: 550f e8d9 

  0x0000020c8d1ab024: ; ImmutableOopMap {rax=Oop [176]=Oop [184]=Oop }
                      ;*athrow {reexecute=1 rethrow=0 return_oop=0}
                      ; - (reexecute) kotlin.jvm.internal.Intrinsics::throwJavaNpe@14 (line 50)
                      ; - kotlin.jvm.internal.Intrinsics::checkNotNull@5 (line 31)
                      ; - kotlinx.coroutines.DispatchedTask::run@40 (line 80)
                      ;   {internal_word}
  0x0000020c8d1ab024: 8a55 0f49 | bac4 ac1a | 8d0c 0200 | 004d 8997 | 6804 0000 

  0x0000020c8d1ab038: ;   {runtime_call SafepointBlob}
  0x0000020c8d1ab038: e9c3 a34a 

  0x0000020c8d1ab03c: ;   {internal_word}
  0x0000020c8d1ab03c: 0f49 ba74 | ad1a 8d0c | 0200 004d | 8997 6804 

  0x0000020c8d1ab04c: ;   {runtime_call SafepointBlob}
  0x0000020c8d1ab04c: 0000 e9ad 

  0x0000020c8d1ab050: ;   {metadata(nullptr)}
  0x0000020c8d1ab050: a34a 0f48 | ba00 0000 | 0000 0000 | 00b8 000f 

  0x0000020c8d1ab060: ;   {runtime_call load_klass_patching Runtime1 stub}
  0x0000020c8d1ab060: 050a e819 

  0x0000020c8d1ab064: ; ImmutableOopMap {}
                      ;*new {reexecute=1 rethrow=0 return_oop=0}
                      ; - (reexecute) kotlinx.coroutines.DispatchedTask::run@24 (line 78)
  0x0000020c8d1ab064: cb55 0fe9 | 1cfd ffff 

  0x0000020c8d1ab06c: ;   {runtime_call throw_null_pointer_exception Runtime1 stub}
  0x0000020c8d1ab06c: e88f 8a55 

  0x0000020c8d1ab070: ; ImmutableOopMap {}
                      ;*new {reexecute=0 rethrow=0 return_oop=0}
                      ; - kotlinx.coroutines.DispatchedTask::run@24 (line 78)
  0x0000020c8d1ab070: 0f48 8bd2 

  0x0000020c8d1ab074: ;   {runtime_call fast_new_instance_init_check Runtime1 stub}
  0x0000020c8d1ab074: e887 9655 

  0x0000020c8d1ab078: ; ImmutableOopMap {}
                      ;*new {reexecute=0 rethrow=0 return_oop=0}
                      ; - kotlinx.coroutines.DispatchedTask::run@24 (line 78)
  0x0000020c8d1ab078: 0fe9 66fd | ffff 488b | 9424 e800 | 0000 e9f9 | faff ff48 | 8b94 24e8 | 0000 00e9 | ecfa ffff 
  0x0000020c8d1ab098: 488b 9424 | e800 0000 | e9df faff | ff48 8b94 | 24e8 0000 | 00e9 d2fa | ffff 488b | 9424 e800 
  0x0000020c8d1ab0b8: 0000 e9c5 | faff ff48 | 8b94 24e8 | 0000 00e9 | b8fa ffff | 488b 9424 | e800 0000 | e9ab faff 
  0x0000020c8d1ab0d8: ff48 8b94 | 24e8 0000 | 00e9 9efa | ffff 488b | 9424 e800 | 0000 e991 | faff ff48 | 8b94 24e8 
  0x0000020c8d1ab0f8: 0000 00e9 | 84fa ffff | 488b 9424 | e800 0000 | e977 faff | ff48 8b94 | 24e8 0000 | 00e9 6afa 
  0x0000020c8d1ab118: ffff 488b | 9424 e800 | 0000 e95d | faff ff48 | 8b94 24e8 | 0000 00e9 | 50fa ffff | 488b 9424 
  0x0000020c8d1ab138: e800 0000 | e943 faff | ff49 8b87 | 0005 0000 | 49c7 8700 | 0500 0000 | 0000 0049 | c787 0805 
  0x0000020c8d1ab158: 0000 0000 | 0000 4881 | c480 0100 

  0x0000020c8d1ab164: ;   {runtime_call unwind_exception Runtime1 stub}
  0x0000020c8d1ab164: 005d e995 | 7a55 0ff4 | f4f4 f4f4 
[Stub Code]
  0x0000020c8d1ab170: ;   {no_reloc}
  0x0000020c8d1ab170: 0f1f 4400 

  0x0000020c8d1ab174: ;   {static_stub}
  0x0000020c8d1ab174: 0048 bb00 | 0000 0000 

  0x0000020c8d1ab17c: ;   {runtime_call nmethod}
  0x0000020c8d1ab17c: 0000 00e9 | fbff ffff 

  0x0000020c8d1ab184: ;   {static_stub}
  0x0000020c8d1ab184: 9048 bb00 | 0000 0000 

  0x0000020c8d1ab18c: ;   {runtime_call nmethod}
  0x0000020c8d1ab18c: 0000 00e9 | fbff ffff 

  0x0000020c8d1ab194: ;   {static_stub}
  0x0000020c8d1ab194: 9048 bb00 | 0000 0000 

  0x0000020c8d1ab19c: ;   {runtime_call nmethod}
  0x0000020c8d1ab19c: 0000 00e9 | fbff ffff 

  0x0000020c8d1ab1a4: ;   {static_stub}
  0x0000020c8d1ab1a4: 9048 bb00 | 0000 0000 

  0x0000020c8d1ab1ac: ;   {runtime_call nmethod}
  0x0000020c8d1ab1ac: 0000 00e9 | fbff ffff 

  0x0000020c8d1ab1b4: ;   {static_stub}
  0x0000020c8d1ab1b4: 9048 bb00 | 0000 0000 

  0x0000020c8d1ab1bc: ;   {runtime_call nmethod}
  0x0000020c8d1ab1bc: 0000 00e9 | fbff ffff 

  0x0000020c8d1ab1c4: ;   {static_stub}
  0x0000020c8d1ab1c4: 9048 bb00 | 0000 0000 

  0x0000020c8d1ab1cc: ;   {runtime_call nmethod}
  0x0000020c8d1ab1cc: 0000 00e9 | fbff ffff 

  0x0000020c8d1ab1d4: ;   {static_stub}
  0x0000020c8d1ab1d4: 9048 bb00 | 0000 0000 

  0x0000020c8d1ab1dc: ;   {runtime_call nmethod}
  0x0000020c8d1ab1dc: 0000 00e9 | fbff ffff 

  0x0000020c8d1ab1e4: ;   {static_stub}
  0x0000020c8d1ab1e4: 9048 bb00 | 0000 0000 

  0x0000020c8d1ab1ec: ;   {runtime_call nmethod}
  0x0000020c8d1ab1ec: 0000 00e9 | fbff ffff 

  0x0000020c8d1ab1f4: ;   {static_stub}
  0x0000020c8d1ab1f4: 9048 bb00 | 0000 0000 

  0x0000020c8d1ab1fc: ;   {runtime_call nmethod}
  0x0000020c8d1ab1fc: 0000 00e9 | fbff ffff 

  0x0000020c8d1ab204: ;   {static_stub}
  0x0000020c8d1ab204: 9048 bb00 | 0000 0000 

  0x0000020c8d1ab20c: ;   {runtime_call nmethod}
  0x0000020c8d1ab20c: 0000 00e9 | fbff ffff 

  0x0000020c8d1ab214: ;   {static_stub}
  0x0000020c8d1ab214: 9048 bb00 | 0000 0000 

  0x0000020c8d1ab21c: ;   {runtime_call nmethod}
  0x0000020c8d1ab21c: 0000 00e9 | fbff ffff 

  0x0000020c8d1ab224: ;   {static_stub}
  0x0000020c8d1ab224: 9048 bb00 | 0000 0000 

  0x0000020c8d1ab22c: ;   {runtime_call nmethod}
  0x0000020c8d1ab22c: 0000 00e9 | fbff ffff 

  0x0000020c8d1ab234: ;   {static_stub}
  0x0000020c8d1ab234: 9048 bb00 | 0000 0000 

  0x0000020c8d1ab23c: ;   {runtime_call nmethod}
  0x0000020c8d1ab23c: 0000 00e9 | fbff ffff 

  0x0000020c8d1ab244: ;   {static_stub}
  0x0000020c8d1ab244: 9048 bb00 | 0000 0000 

  0x0000020c8d1ab24c: ;   {runtime_call nmethod}
  0x0000020c8d1ab24c: 0000 00e9 | fbff ffff 

  0x0000020c8d1ab254: ;   {static_stub}
  0x0000020c8d1ab254: 9048 bb00 | 0000 0000 

  0x0000020c8d1ab25c: ;   {runtime_call nmethod}
  0x0000020c8d1ab25c: 0000 00e9 | fbff ffff 

  0x0000020c8d1ab264: ;   {static_stub}
  0x0000020c8d1ab264: 9048 bb00 | 0000 0000 

  0x0000020c8d1ab26c: ;   {runtime_call nmethod}
  0x0000020c8d1ab26c: 0000 00e9 | fbff ffff 

  0x0000020c8d1ab274: ;   {static_stub}
  0x0000020c8d1ab274: 9048 bb00 | 0000 0000 

  0x0000020c8d1ab27c: ;   {runtime_call nmethod}
  0x0000020c8d1ab27c: 0000 00e9 | fbff ffff 

  0x0000020c8d1ab284: ;   {static_stub}
  0x0000020c8d1ab284: 9048 bb00 | 0000 0000 

  0x0000020c8d1ab28c: ;   {runtime_call nmethod}
  0x0000020c8d1ab28c: 0000 00e9 | fbff ffff 

  0x0000020c8d1ab294: ;   {static_stub}
  0x0000020c8d1ab294: 9048 bb00 | 0000 0000 

  0x0000020c8d1ab29c: ;   {runtime_call nmethod}
  0x0000020c8d1ab29c: 0000 00e9 | fbff ffff 

  0x0000020c8d1ab2a4: ;   {static_stub}
  0x0000020c8d1ab2a4: 9048 bb00 | 0000 0000 

  0x0000020c8d1ab2ac: ;   {runtime_call nmethod}
  0x0000020c8d1ab2ac: 0000 00e9 | fbff ffff 

  0x0000020c8d1ab2b4: ;   {static_stub}
  0x0000020c8d1ab2b4: 9048 bb00 | 0000 0000 

  0x0000020c8d1ab2bc: ;   {runtime_call nmethod}
  0x0000020c8d1ab2bc: 0000 00e9 | fbff ffff 

  0x0000020c8d1ab2c4: ;   {static_stub}
  0x0000020c8d1ab2c4: 48bb 0000 | 0000 0000 

  0x0000020c8d1ab2cc: ;   {runtime_call nmethod}
  0x0000020c8d1ab2cc: 0000 e9fb 

  0x0000020c8d1ab2d0: ;   {static_stub}
  0x0000020c8d1ab2d0: ffff ff48 | bb00 0000 | 0000 0000 

  0x0000020c8d1ab2dc: ;   {runtime_call nmethod}
  0x0000020c8d1ab2dc: 00e9 fbff 

  0x0000020c8d1ab2e0: ;   {static_stub}
  0x0000020c8d1ab2e0: ffff 48bb | 0000 0000 | 0000 0000 

  0x0000020c8d1ab2ec: ;   {runtime_call nmethod}
  0x0000020c8d1ab2ec: e9fb ffff 

  0x0000020c8d1ab2f0: ;   {static_stub}
  0x0000020c8d1ab2f0: ff48 bb00 | 0000 0000 

  0x0000020c8d1ab2f8: ;   {runtime_call nmethod}
  0x0000020c8d1ab2f8: 0000 00e9 | fbff ffff 

  0x0000020c8d1ab300: ;   {static_stub}
  0x0000020c8d1ab300: 48bb 3039 | cbb3 0c02 

  0x0000020c8d1ab308: ;   {runtime_call I2C/C2I adapters}
  0x0000020c8d1ab308: 0000 e953 

  0x0000020c8d1ab30c: ;   {static_stub}
  0x0000020c8d1ab30c: fb49 0f48 | bb00 0000 | 0000 0000 

  0x0000020c8d1ab318: ;   {runtime_call nmethod}
  0x0000020c8d1ab318: 00e9 fbff 

  0x0000020c8d1ab31c: ;   {static_stub}
  0x0000020c8d1ab31c: ffff 48bb | 204a 5ab3 | 0c02 0000 

  0x0000020c8d1ab328: ;   {runtime_call I2C/C2I adapters}
  0x0000020c8d1ab328: e935 fb49 

  0x0000020c8d1ab32c: ;   {static_stub}
  0x0000020c8d1ab32c: 0f48 bb00 | 0000 0000 

  0x0000020c8d1ab334: ;   {runtime_call nmethod}
  0x0000020c8d1ab334: 0000 00e9 | fbff ffff 

  0x0000020c8d1ab33c: ;   {static_stub}
  0x0000020c8d1ab33c: 48bb 38bd | e3b3 0c02 

  0x0000020c8d1ab344: ;   {runtime_call I2C/C2I adapters}
  0x0000020c8d1ab344: 0000 e90f 

  0x0000020c8d1ab348: ;   {static_stub}
  0x0000020c8d1ab348: 814a 0f48 | bb00 0000 | 0000 0000 

  0x0000020c8d1ab354: ;   {runtime_call nmethod}
  0x0000020c8d1ab354: 00e9 fbff 

  0x0000020c8d1ab358: ;   {static_stub}
  0x0000020c8d1ab358: ffff 48bb | 0000 0000 | 0000 0000 

  0x0000020c8d1ab364: ;   {runtime_call nmethod}
  0x0000020c8d1ab364: e9fb ffff 

  0x0000020c8d1ab368: ;   {runtime_call handle_exception_from_callee Runtime1 stub}
  0x0000020c8d1ab368: ffe8 92a5 

  0x0000020c8d1ab36c: ;   {external_word}
  0x0000020c8d1ab36c: 550f 48b9 | d061 3f96 | fa7f 0000 | 4883 e4f0 

  0x0000020c8d1ab37c: ;   {runtime_call}
  0x0000020c8d1ab37c: 48b8 90db | 0d96 fa7f | 0000 ffd0 

  0x0000020c8d1ab388: ;   {section_word}
  0x0000020c8d1ab388: f449 ba89 | b31a 8d0c | 0200 0041 

  0x0000020c8d1ab394: ;   {runtime_call DeoptimizationBlob}
  0x0000020c8d1ab394: 52e9 0693 | 4a0f f4f4 | f4f4 f4f4 
[/MachCode]


Compiled method (c1) 102574 7569   !   2       kotlinx.coroutines.scheduling.CoroutineScheduler::runSafely (73 bytes)
 total in heap  [0x0000020c8c9cb410,0x0000020c8c9cbe88] = 2680
 relocation     [0x0000020c8c9cb570,0x0000020c8c9cb638] = 200
 main code      [0x0000020c8c9cb640,0x0000020c8c9cba58] = 1048
 stub code      [0x0000020c8c9cba58,0x0000020c8c9cbaf0] = 152
 oops           [0x0000020c8c9cbaf0,0x0000020c8c9cbaf8] = 8
 metadata       [0x0000020c8c9cbaf8,0x0000020c8c9cbb50] = 88
 scopes data    [0x0000020c8c9cbb50,0x0000020c8c9cbc60] = 272
 scopes pcs     [0x0000020c8c9cbc60,0x0000020c8c9cbd50] = 240
 dependencies   [0x0000020c8c9cbd50,0x0000020c8c9cbd78] = 40
 handler table  [0x0000020c8c9cbd78,0x0000020c8c9cbe60] = 232
 nul chk table  [0x0000020c8c9cbe60,0x0000020c8c9cbe88] = 40

[Constant Pool (empty)]

[MachCode]
[Entry Point]
  # {method} {0x0000020cb3cc6df0} 'runSafely' '(Lkotlinx/coroutines/scheduling/Task;)V' in 'kotlinx/coroutines/scheduling/CoroutineScheduler'
  # this:     rdx:rdx   = 'kotlinx/coroutines/scheduling/CoroutineScheduler'
  # parm0:    r8:r8     = 'kotlinx/coroutines/scheduling/Task'
  #           [sp+0xa0]  (sp of caller)
  0x0000020c8c9cb640: 448b 5208 | 49c1 e203 

  0x0000020c8c9cb648: ;   {runtime_call ic_miss_stub}
  0x0000020c8c9cb648: 4c3b d00f | 852f 31c8 | 0f66 6666 | 0f1f 8400 | 0000 0000 | 6666 6690 
[Verified Entry Point]
  0x0000020c8c9cb660: 8984 2400 | 80ff ff55 | 4881 ec90 | 0000 0090 | 4181 7f20 | 2d00 0000 

  0x0000020c8c9cb678: ;   {runtime_call StubRoutines (final stubs)}
  0x0000020c8c9cb678: 7405 e881 | 00c7 0f48 | bee0 1ae3 | b30c 0200 | 008b 7e08 | 83c7 0289 | 7e08 81e7 | fe0f 0000 
  0x0000020c8c9cb698: 85ff 0f84 | 8e02 0000 | 498b d066 | 9048 b8ff | ffff ffff 

  0x0000020c8c9cb6ac: ;   {virtual_call}
  0x0000020c8c9cb6ac: ffff ffe8 

  0x0000020c8c9cb6b0: ; ImmutableOopMap {}
                      ;*invokevirtual run {reexecute=0 rethrow=0 return_oop=0}
                      ; - kotlinx.coroutines.scheduling.CoroutineScheduler::runSafely@2 (line 610)
  0x0000020c8c9cb6b0: 3489 d40f 

  0x0000020c8c9cb6b4: ;   {other}
  0x0000020c8c9cb6b4: 0f1f 8400 | a402 0000 

  0x0000020c8c9cb6bc: ;   {oop(a 'java/lang/Class'{0x00000000c1358160} = 'kotlinx/coroutines/AbstractTimeSourceKt')}
  0x0000020c8c9cb6bc: 48ba 6081 | 35c1 0000 | 0000 8b52 | 7048 85d2 | 0f84 1e02 | 0000 6666 | 9048 b8ff | ffff ffff 
  0x0000020c8c9cb6dc: ;   {virtual_call}
  0x0000020c8c9cb6dc: ffff ffe8 

  0x0000020c8c9cb6e0: ; ImmutableOopMap {}
                      ;*invokevirtual unTrackTask {reexecute=0 rethrow=0 return_oop=0}
                      ; - kotlinx.coroutines.scheduling.CoroutineScheduler::runSafely@12 (line 615)
  0x0000020c8c9cb6e0: 9c36 c80f 

  0x0000020c8c9cb6e4: ;   {other}
  0x0000020c8c9cb6e4: 0f1f 8400 | d402 0001 | 4881 c490 | 0000 005d 

  0x0000020c8c9cb6f4: ;   {poll_return}
  0x0000020c8c9cb6f4: 493b a750 | 0400 000f | 874e 0200 | 00c3 498b | 8700 0500 | 004d 33d2 | 4d89 9700 | 0500 004d 
  0x0000020c8c9cb714: 33d2 4d89 | 9708 0500 | 0049 8b97 | 8803 0000 | 488b 3248 | 8974 2468 

  0x0000020c8c9cb72c: ; implicit exception: dispatches to 0x0000020c8c9cb965
  0x0000020c8c9cb72c: 8b56 488b | 5218 4889 

  0x0000020c8c9cb734: ;   {static_call}
  0x0000020c8c9cb734: 4424 70e8 

  0x0000020c8c9cb738: ; ImmutableOopMap {[104]=Oop [112]=Oop }
                      ;*invokestatic toThreadState {reexecute=0 rethrow=0 return_oop=0}
                      ; - java.lang.Thread::threadState@7
                      ; - java.lang.Thread::isTerminated@1
                      ; - java.lang.Thread::getUncaughtExceptionHandler@1
                      ; - kotlinx.coroutines.scheduling.CoroutineScheduler::runSafely@28 (line 613)
  0x0000020c8c9cb738: 4439 c80f 

  0x0000020c8c9cb73c: ;   {other}
  0x0000020c8c9cb73c: 0f1f 8400 | 2c03 0002 

  0x0000020c8c9cb744: ;   {oop(a 'java/lang/Thread$State'{0x00000000c0727da0})}
  0x0000020c8c9cb744: 48ba a07d | 72c0 0000 | 0000 483b | c2ba 0000 | 0000 7505 | ba01 0000 | 0083 e201 | 85d2 0f84 
  0x0000020c8c9cb764: 1400 0000 

  0x0000020c8c9cb768: ;   {oop(nullptr)}
  0x0000020c8c9cb768: 48be 0000 | 0000 0000 | 0000 4c8b | 4424 68e9 | d500 0000 | 488b 7424 | 688b 5668 | 4885 d20f 
  0x0000020c8c9cb788: 8408 0000 | 004c 8bc6 | e9b9 0000 | 008b 5648 

  0x0000020c8c9cb798: ; implicit exception: dispatches to 0x0000020c8c9cb96f
  0x0000020c8c9cb798: 8b52 180f 

  0x0000020c8c9cb79c: ;   {static_call}
  0x0000020c8c9cb79c: 1f40 00e8 

  0x0000020c8c9cb7a0: ; ImmutableOopMap {[104]=Oop [112]=Oop }
                      ;*invokestatic toThreadState {reexecute=0 rethrow=0 return_oop=0}
                      ; - java.lang.Thread::threadState@7
                      ; - java.lang.Thread::isTerminated@1
                      ; - java.lang.Thread::getThreadGroup@1
                      ; - java.lang.Thread::getUncaughtExceptionHandler@23
                      ; - kotlinx.coroutines.scheduling.CoroutineScheduler::runSafely@28 (line 613)
  0x0000020c8c9cb7a0: dc38 c80f 

  0x0000020c8c9cb7a4: ;   {other}
  0x0000020c8c9cb7a4: 0f1f 8400 | 9403 0003 

  0x0000020c8c9cb7ac: ;   {oop(a 'java/lang/Thread$State'{0x00000000c0727da0})}
  0x0000020c8c9cb7ac: 49b8 a07d | 72c0 0000 | 0000 493b | c041 b800 | 0000 0075 | 0641 b801 | 0000 0041 | 83e0 0145 
  0x0000020c8c9cb7cc: 85c0 0f84 | 1400 0000 

  0x0000020c8c9cb7d4: ;   {oop(nullptr)}
  0x0000020c8c9cb7d4: 48ba 0000 | 0000 0000 | 0000 4c8b | 4424 68e9 | 6600 0000 | 4c8b 4424 | 684d 85c0 | 0f84 2100 
  0x0000020c8c9cb7f4: ;   {metadata('java/lang/BaseVirtualThread')}
  0x0000020c8c9cb7f4: 0000 48bf | 808c 0400 | 0100 0000 | 418b 7008 | 48c1 e603 | 483b 7e40 | 0f85 0500 | 0000 e905 
  0x0000020c8c9cb814: 0000 004d | 33c9 eb07 | 49c7 c101 | 0000 0041 | 83e1 0145 | 85c9 0f84 | 1300 0000 

  0x0000020c8c9cb830: ;   {no_reloc}
  0x0000020c8c9cb830: e9b7 0100 | 0000 0000 | 0000 458b | 4970 e908 | 0000 0045 | 8b48 4845 | 8b49 2049 | 8bd1 488b 
  0x0000020c8c9cb850: f248 8b44 | 2470 4c8b | c848 8bd6 | 9048 b8ff | ffff ffff 

  0x0000020c8c9cb864: ;   {virtual_call}
  0x0000020c8c9cb864: ffff ffe8 

  0x0000020c8c9cb868: ; ImmutableOopMap {}
                      ;*invokeinterface uncaughtException {reexecute=0 rethrow=0 return_oop=0}
                      ; - kotlinx.coroutines.scheduling.CoroutineScheduler::runSafely@33 (line 613)
  0x0000020c8c9cb868: 1435 c80f 

  0x0000020c8c9cb86c: ;   {other}
  0x0000020c8c9cb86c: 0f1f 8400 | 5c04 0004 

  0x0000020c8c9cb874: ;   {oop(a 'java/lang/Class'{0x00000000c1358160} = 'kotlinx/coroutines/AbstractTimeSourceKt')}
  0x0000020c8c9cb874: 48ba 6081 | 35c1 0000 | 0000 8b52 | 7048 85d2 | 0f84 6600 | 0000 6666 | 9048 b8ff | ffff ffff 
  0x0000020c8c9cb894: ;   {virtual_call}
  0x0000020c8c9cb894: ffff ffe8 

  0x0000020c8c9cb898: ; ImmutableOopMap {}
                      ;*invokevirtual unTrackTask {reexecute=0 rethrow=0 return_oop=0}
                      ; - kotlinx.coroutines.scheduling.CoroutineScheduler::runSafely@45 (line 615)
  0x0000020c8c9cb898: e434 c80f 

  0x0000020c8c9cb89c: ;   {other}
  0x0000020c8c9cb89c: 0f1f 8400 | 8c04 0005 | 4881 c490 | 0000 005d 

  0x0000020c8c9cb8ac: ;   {poll_return}
  0x0000020c8c9cb8ac: 493b a750 | 0400 000f | 8742 0100 | 00c3 498b | 8700 0500 | 004d 33d2 | 4d89 9700 | 0500 004d 
  0x0000020c8c9cb8cc: 33d2 4d89 | 9708 0500 

  0x0000020c8c9cb8d4: ;   {oop(a 'java/lang/Class'{0x00000000c1358160} = 'kotlinx/coroutines/AbstractTimeSourceKt')}
  0x0000020c8c9cb8d4: 0048 ba60 | 8135 c100 | 0000 008b | 5270 4885 | d20f 843e | 0000 00e9 | 1600 0000 | 4881 c490 
  0x0000020c8c9cb8f4: 0000 005d 

  0x0000020c8c9cb8f8: ;   {poll_return}
  0x0000020c8c9cb8f8: 493b a750 | 0400 000f | 870c 0100 | 00c3 4889 | 4424 7866 | 9048 b8ff | ffff ffff 

  0x0000020c8c9cb914: ;   {virtual_call}
  0x0000020c8c9cb914: ffff ffe8 

  0x0000020c8c9cb918: ; ImmutableOopMap {[120]=Oop }
                      ;*invokevirtual unTrackTask {reexecute=0 rethrow=0 return_oop=0}
                      ; - kotlinx.coroutines.scheduling.CoroutineScheduler::runSafely@63 (line 615)
  0x0000020c8c9cb918: 6434 c80f 

  0x0000020c8c9cb91c: ;   {other}
  0x0000020c8c9cb91c: 0f1f 8400 | 0c05 0006 | 488b 4424 | 78e9 1601 

  0x0000020c8c9cb92c: ;   {metadata({method} {0x0000020cb3cc6df0} 'runSafely' '(Lkotlinx/coroutines/scheduling/Task;)V' in 'kotlinx/coroutines/scheduling/CoroutineScheduler')}
  0x0000020c8c9cb92c: 0000 49ba | e86d ccb3 | 0c02 0000 | 4c89 5424 | 0848 c704 | 24ff ffff 

  0x0000020c8c9cb944: ;   {runtime_call counter_overflow Runtime1 stub}
  0x0000020c8c9cb944: ffe8 b6d2 

  0x0000020c8c9cb948: ; ImmutableOopMap {rdx=Oop r8=Oop }
                      ;*synchronization entry
                      ; - kotlinx.coroutines.scheduling.CoroutineScheduler::runSafely@-1 (line 609)
  0x0000020c8c9cb948: d30f e951 

  0x0000020c8c9cb94c: ;   {internal_word}
  0x0000020c8c9cb94c: fdff ff49 | baf4 b69c | 8c0c 0200 | 004d 8997 | 6804 0000 

  0x0000020c8c9cb960: ;   {runtime_call SafepointBlob}
  0x0000020c8c9cb960: e99b 9ac8 

  0x0000020c8c9cb964: ;   {runtime_call throw_null_pointer_exception Runtime1 stub}
  0x0000020c8c9cb964: 0fe8 9681 

  0x0000020c8c9cb968: ; ImmutableOopMap {rax=Oop rsi=Oop [104]=Oop }
                      ;*invokevirtual getUncaughtExceptionHandler {reexecute=0 rethrow=0 return_oop=0}
                      ; - kotlinx.coroutines.scheduling.CoroutineScheduler::runSafely@28 (line 613)
                      ;   {runtime_call throw_null_pointer_exception Runtime1 stub}
  0x0000020c8c9cb968: d30f e891 

  0x0000020c8c9cb96c: ; ImmutableOopMap {rax=Oop rsi=Oop [104]=Oop }
                      ;*getfield threadStatus {reexecute=1 rethrow=0 return_oop=0}
                      ; - (reexecute) java.lang.Thread::threadState@4
                      ; - java.lang.Thread::isTerminated@1
                      ; - java.lang.Thread::getUncaughtExceptionHandler@1
                      ; - kotlinx.coroutines.scheduling.CoroutineScheduler::runSafely@28 (line 613)
                      ;   {runtime_call throw_null_pointer_exception Runtime1 stub}
  0x0000020c8c9cb96c: 81d3 0fe8 

  0x0000020c8c9cb970: ; ImmutableOopMap {rsi=Oop [104]=Oop [112]=Oop }
                      ;*getfield threadStatus {reexecute=1 rethrow=0 return_oop=0}
                      ; - (reexecute) java.lang.Thread::threadState@4
                      ; - java.lang.Thread::isTerminated@1
                      ; - java.lang.Thread::getThreadGroup@1
                      ; - java.lang.Thread::getUncaughtExceptionHandler@23
                      ; - kotlinx.coroutines.scheduling.CoroutineScheduler::runSafely@28 (line 613)
  0x0000020c8c9cb970: 8c81 d30f 

  0x0000020c8c9cb974: ;   {oop(nullptr)}
  0x0000020c8c9cb974: 49b9 0000 | 0000 0000 | 0000 5053 | 498b 5910 | 5756 5251 | 4150 4151 | 4152 4153 | 4883 ec20 
  0x0000020c8c9cb994: 40f6 c40f | 0f84 1900 | 0000 4883 

  0x0000020c8c9cb9a0: ;   {runtime_call}
  0x0000020c8c9cb9a0: ec08 48b8 | 508b ab95 | fa7f 0000 | ffd0 4883 | c408 e90c 

  0x0000020c8c9cb9b4: ;   {runtime_call}
  0x0000020c8c9cb9b4: 0000 0048 | b850 8bab | 95fa 7f00 | 00ff d048 | 83c4 2041 | 5b41 5a41 | 5941 5859 | 5a5e 5f48 
  0x0000020c8c9cb9d4: 3b83 6801 | 0000 5b58 | 0f85 0a00 | 0000 e953 | feff ffb8 | 0078 6e0a 

  0x0000020c8c9cb9ec: ;   {runtime_call load_mirror_patching Runtime1 stub}
  0x0000020c8c9cb9ec: e80f c6d3 

  0x0000020c8c9cb9f0: ; ImmutableOopMap {r8=Oop [104]=Oop [112]=Oop }
                      ;*getstatic VTHREAD_GROUP {reexecute=1 rethrow=0 return_oop=0}
                      ; - (reexecute) java.lang.Thread::virtualThreadGroup@0
                      ; - java.lang.Thread::getThreadGroup@16
                      ; - java.lang.Thread::getUncaughtExceptionHandler@23
                      ; - kotlinx.coroutines.scheduling.CoroutineScheduler::runSafely@28 (line 613)
  0x0000020c8c9cb9f0: 0fe9 3afe 

  0x0000020c8c9cb9f4: ;   {runtime_call throw_null_pointer_exception Runtime1 stub}
  0x0000020c8c9cb9f4: ffff e805 

  0x0000020c8c9cb9f8: ; ImmutableOopMap {r8=Oop [104]=Oop [112]=Oop }
                      ;*getfield group {reexecute=1 rethrow=0 return_oop=0}
                      ; - (reexecute) java.lang.Thread::getThreadGroup@26
                      ; - java.lang.Thread::getUncaughtExceptionHandler@23
                      ; - kotlinx.coroutines.scheduling.CoroutineScheduler::runSafely@28 (line 613)
                      ;   {internal_word}
  0x0000020c8c9cb9f8: 81d3 0f49 | baac b89c | 8c0c 0200 | 004d 8997 | 6804 0000 

  0x0000020c8c9cba0c: ;   {runtime_call SafepointBlob}
  0x0000020c8c9cba0c: e9ef 99c8 

  0x0000020c8c9cba10: ;   {internal_word}
  0x0000020c8c9cba10: 0f49 baf8 | b89c 8c0c | 0200 004d | 8997 6804 

  0x0000020c8c9cba20: ;   {runtime_call SafepointBlob}
  0x0000020c8c9cba20: 0000 e9d9 | 99c8 0f49 | 8b87 0005 | 0000 49c7 | 8700 0500 | 0000 0000 | 0049 c787 | 0805 0000 
  0x0000020c8c9cba40: 0000 0000 | 4881 c490 | 0000 005d 

  0x0000020c8c9cba4c: ;   {runtime_call unwind_exception Runtime1 stub}
  0x0000020c8c9cba4c: e9af 71d3 | 0ff4 f4f4 | f4f4 f4f4 
[Stub Code]
  0x0000020c8c9cba58: ;   {no_reloc}
  0x0000020c8c9cba58: 0f1f 4400 

  0x0000020c8c9cba5c: ;   {static_stub}
  0x0000020c8c9cba5c: 0048 bb00 | 0000 0000 

  0x0000020c8c9cba64: ;   {runtime_call nmethod}
  0x0000020c8c9cba64: 0000 00e9 | fbff ffff 

  0x0000020c8c9cba6c: ;   {static_stub}
  0x0000020c8c9cba6c: 9048 bb00 | 0000 0000 

  0x0000020c8c9cba74: ;   {runtime_call nmethod}
  0x0000020c8c9cba74: 0000 00e9 | fbff ffff 

  0x0000020c8c9cba7c: ;   {static_stub}
  0x0000020c8c9cba7c: 9048 bb00 | 0000 0000 

  0x0000020c8c9cba84: ;   {runtime_call nmethod}
  0x0000020c8c9cba84: 0000 00e9 | fbff ffff 

  0x0000020c8c9cba8c: ;   {static_stub}
  0x0000020c8c9cba8c: 9048 bb00 | 0000 0000 

  0x0000020c8c9cba94: ;   {runtime_call nmethod}
  0x0000020c8c9cba94: 0000 00e9 | fbff ffff 

  0x0000020c8c9cba9c: ;   {static_stub}
  0x0000020c8c9cba9c: 9048 bb00 | 0000 0000 

  0x0000020c8c9cbaa4: ;   {runtime_call nmethod}
  0x0000020c8c9cbaa4: 0000 00e9 | fbff ffff 

  0x0000020c8c9cbaac: ;   {static_stub}
  0x0000020c8c9cbaac: 48bb 0000 | 0000 0000 

  0x0000020c8c9cbab4: ;   {runtime_call nmethod}
  0x0000020c8c9cbab4: 0000 e9fb 

  0x0000020c8c9cbab8: ;   {runtime_call handle_exception_from_callee Runtime1 stub}
  0x0000020c8c9cbab8: ffff ffe8 | 409e d30f 

  0x0000020c8c9cbac0: ;   {external_word}
  0x0000020c8c9cbac0: 48b9 d061 | 3f96 fa7f | 0000 4883 

  0x0000020c8c9cbacc: ;   {runtime_call}
  0x0000020c8c9cbacc: e4f0 48b8 | 90db 0d96 | fa7f 0000 

  0x0000020c8c9cbad8: ;   {section_word}
  0x0000020c8c9cbad8: ffd0 f449 | badb ba9c | 8c0c 0200 

  0x0000020c8c9cbae4: ;   {runtime_call DeoptimizationBlob}
  0x0000020c8c9cbae4: 0041 52e9 | b48b c80f | f4f4 f4f4 
[/MachCode]


---------------  P R O C E S S  ---------------

Threads class SMR info:
_java_thread_list=0x0000020d81d95c30, length=218, elements={
0x0000020c897e2d20, 0x0000020cb1d99890, 0x0000020cb1d9d520, 0x0000020cb1d9a6e0,
0x0000020cb1d9b140, 0x0000020cb1dcf5a0, 0x0000020cb1db40b0, 0x0000020cb1db6b20,
0x0000020cb1db82c0, 0x0000020cb1e0e860, 0x0000020cdbfe1510, 0x0000020cdbf17ca0,
0x0000020cdc1ee7c0, 0x0000020cdbf39cd0, 0x0000020cdc2116b0, 0x0000020cdc04e930,
0x0000020cdc04c860, 0x0000020cdc04dc10, 0x0000020cdc04efc0, 0x0000020cdc04e2a0,
0x0000020cdc04f650, 0x0000020cdc04c1d0, 0x0000020cdc04cef0, 0x0000020cdc377080,
0x0000020cdc37b8b0, 0x0000020cdc37c5d0, 0x0000020cdc37ab90, 0x0000020cdc379150,
0x0000020cdc37cc60, 0x0000020cdd13e210, 0x0000020cdd13ef30, 0x0000020cdd141690,
0x0000020cddf9f640, 0x0000020cddfa0360, 0x0000020cddfa1710, 0x0000020cddf9efb0,
0x0000020cddf9e920, 0x0000020cddfa1da0, 0x0000020cddfa4500, 0x0000020cddfa2430,
0x0000020cddfa2ac0, 0x0000020cddfa1080, 0x0000020cddfa3150, 0x0000020cddfa3e70,
0x0000020cddfa4b90, 0x0000020cddfa5220, 0x0000020cddfa37e0, 0x0000020cddfa5f40,
0x0000020cddfa58b0, 0x0000020cde05d760, 0x0000020cde05b690, 0x0000020cde05d0d0,
0x0000020cde05ddf0, 0x0000020cde05bd20, 0x0000020cde05e480, 0x0000020cde05eb10,
0x0000020cde05f1a0, 0x0000020cde05ca40, 0x0000020cde05f830, 0x0000020cde05c3b0,
0x0000020cde062620, 0x0000020cde061f90, 0x0000020cde05fec0, 0x0000020cde060550,
0x0000020cde060be0, 0x0000020cde061900, 0x0000020cde15f0a0, 0x0000020cde15cfd0,
0x0000020cde15dcf0, 0x0000020cde15f730, 0x0000020cde15e380, 0x0000020cde15c940,
0x0000020cde160ae0, 0x0000020cde15ea10, 0x0000020cde15fdc0, 0x0000020cde160450,
0x0000020cde15d660, 0x0000020cde161e90, 0x0000020cde161800, 0x0000020cde162520,
0x0000020cde163240, 0x0000020cde1d4840, 0x0000020cde1d6910, 0x0000020cde1d4ed0,
0x0000020cde1d7630, 0x0000020cde1d6280, 0x0000020cde1d41b0, 0x0000020cde1d8350,
0x0000020cde1d89e0, 0x0000020cde1d5560, 0x0000020cde1d9070, 0x0000020cde1d5bf0,
0x0000020cde1d9d90, 0x0000020cde1db140, 0x0000020cde1db7d0, 0x0000020ce6e13770,
0x0000020ce6e15840, 0x0000020d09482680, 0x0000020d0947ff20, 0x0000020d094833a0,
0x0000020d15356690, 0x0000020d15358760, 0x0000020d1535bbe0, 0x0000020d1535c270,
0x0000020cde061270, 0x0000020d4f0eb370, 0x0000020d512b9ab0, 0x0000020d5dcd6b80,
0x0000020d5dce4410, 0x0000020d5dcee820, 0x0000020d5dcedb00, 0x0000020d512b8070,
0x0000020d639983f0, 0x0000020d6399dfd0, 0x0000020d6399ab50, 0x0000020d6399b1e0,
0x0000020d6399bf00, 0x0000020d6b69fdb0, 0x0000020d6b6a38c0, 0x0000020d6b6a0ad0,
0x0000020d6b6a4c70, 0x0000020d6b6a45e0, 0x0000020d6b6a73d0, 0x0000020d6b6a66b0,
0x0000020d6b6a7a60, 0x0000020d6b6a80f0, 0x0000020d6b6a8780, 0x0000020d6b6a5990,
0x0000020d6b6ab570, 0x0000020d6b6a9b30, 0x0000020d6b6ac290, 0x0000020d6b6aa850,
0x0000020d6b6a94a0, 0x0000020d6b6a8e10, 0x0000020d6d2efce0, 0x0000020d6d2f0370,
0x0000020d6d2ecef0, 0x0000020d6d2ee930, 0x0000020d6d2f1090, 0x0000020d6d2f0a00,
0x0000020d6d2ef650, 0x0000020d6d2edc10, 0x0000020d6d2f1720, 0x0000020d6d2f1db0,
0x0000020d6d2eefc0, 0x0000020d6d2f4510, 0x0000020d6d2f58c0, 0x0000020d6d2f4ba0,
0x0000020d6d2f5230, 0x0000020d6d2f37f0, 0x0000020d6d2f2440, 0x0000020d6d2f2ad0,
0x0000020d6d2f5f50, 0x0000020d6d2f6c70, 0x0000020d6d2f8d40, 0x0000020d6d2fa0f0,
0x0000020d6d2ea790, 0x0000020d6d2e1dc0, 0x0000020d6b6a3230, 0x0000020d74b5d180,
0x0000020d74b4a3a0, 0x0000020d74b48ff0, 0x0000020d74b4aa30, 0x0000020d74b49d10,
0x0000020d74b4bde0, 0x0000020d74b52050, 0x0000020d74b50610, 0x0000020d78ca60c0,
0x0000020d78ca53a0, 0x0000020d78c9d6f0, 0x0000020d78c9eaa0, 0x0000020d78caa260,
0x0000020d74b6c450, 0x0000020d74b6b0a0, 0x0000020d74b6b730, 0x0000020d74b6aa10,
0x0000020d74b69cf0, 0x0000020d74b6cae0, 0x0000020d74b69660, 0x0000020d74b6ff60,
0x0000020d74b6de90, 0x0000020d74b6e520, 0x0000020d74b6f8d0, 0x0000020d74b705f0,
0x0000020d74b6d170, 0x0000020d74b70c80, 0x0000020d74b6d800, 0x0000020d74b71310,
0x0000020d74b719a0, 0x0000020d74b72030, 0x0000020d78c83980, 0x0000020d78c832f0,
0x0000020d78c818b0, 0x0000020d78ca7b00, 0x0000020d78cae400, 0x0000020d78caf7b0,
0x0000020d78cb0b60, 0x0000020d78cadd70, 0x0000020d78cb25a0, 0x0000020d78cb32c0,
0x0000020d78cb3fe0, 0x0000020d78cb3950, 0x0000020d78cb4670, 0x0000020d78cb1880,
0x0000020d78cb5390, 0x0000020d78cb5a20, 0x0000020d78cb6dd0, 0x0000020d78cb8810,
0x0000020d78cb9530, 0x0000020d78cb8180, 0x0000020d78cb6740, 0x0000020d78cbbc90,
0x0000020d78c94000, 0x0000020d78c94690, 0x0000020d78c925c0, 0x0000020d78c960d0,
0x0000020d78c93970, 0x0000020d78c9a900
}

Java Threads: ( => current thread )
  0x0000020c897e2d20 JavaThread "main"                              [_thread_blocked, id=120964, stack(0x000000272da00000,0x000000272dc00000) (2048K)]
  0x0000020cb1d99890 JavaThread "Common-Cleaner"             daemon [_thread_blocked, id=136184, stack(0x000000272ee00000,0x000000272f000000) (2048K)]
  0x0000020cb1d9d520 JavaThread "Reference Handler"          daemon [_thread_blocked, id=126408, stack(0x000000272f000000,0x000000272f200000) (2048K)]
  0x0000020cb1d9a6e0 JavaThread "Finalizer"                  daemon [_thread_blocked, id=135124, stack(0x000000272f200000,0x000000272f400000) (2048K)]
  0x0000020cb1d9b140 JavaThread "Signal Dispatcher"          daemon [_thread_blocked, id=134768, stack(0x000000272f400000,0x000000272f600000) (2048K)]
  0x0000020cb1dcf5a0 JavaThread "Attach Listener"            daemon [_thread_blocked, id=123408, stack(0x000000272f600000,0x000000272f800000) (2048K)]
  0x0000020cb1db40b0 JavaThread "Service Thread"             daemon [_thread_blocked, id=134160, stack(0x000000272f800000,0x000000272fa00000) (2048K)]
  0x0000020cb1db6b20 JavaThread "Monitor Deflation Thread"   daemon [_thread_blocked, id=136132, stack(0x000000272fa00000,0x000000272fc00000) (2048K)]
  0x0000020cb1db82c0 JavaThread "C2 CompilerThread0"         daemon [_thread_in_native, id=122732, stack(0x000000272fc00000,0x000000272fe00000) (2048K)]
  0x0000020cb1e0e860 JavaThread "C1 CompilerThread0"         daemon [_thread_blocked, id=131744, stack(0x000000272fe00000,0x0000002730000000) (2048K)]
  0x0000020cdbfe1510 JavaThread "Notification Thread"        daemon [_thread_blocked, id=132600, stack(0x0000002730400000,0x0000002730600000) (2048K)]
  0x0000020cdbf17ca0 JavaThread "DefaultDispatcher-worker-2" daemon [_thread_in_Java, id=131280, stack(0x0000002730800000,0x0000002730a00000) (2048K)]
  0x0000020cdc1ee7c0 JavaThread "DefaultDispatcher-worker-3" daemon [_thread_blocked, id=131544, stack(0x0000002730a00000,0x0000002730c00000) (2048K)]
  0x0000020cdbf39cd0 JavaThread "DefaultDispatcher-worker-4" daemon [_thread_blocked, id=135456, stack(0x0000002730c00000,0x0000002730e00000) (2048K)]
  0x0000020cdc2116b0 JavaThread "DefaultDispatcher-worker-5" daemon [_thread_blocked, id=131228, stack(0x0000002730e00000,0x0000002731000000) (2048K)]
  0x0000020cdc04e930 JavaThread "DefaultDispatcher-worker-6" daemon [_thread_blocked, id=137564, stack(0x0000002731a00000,0x0000002731c00000) (2048K)]
  0x0000020cdc04c860 JavaThread "DefaultDispatcher-worker-7" daemon [_thread_blocked, id=132376, stack(0x0000002731c00000,0x0000002731e00000) (2048K)]
  0x0000020cdc04dc10 JavaThread "DefaultDispatcher-worker-8" daemon [_thread_blocked, id=138952, stack(0x0000002731e00000,0x0000002732000000) (2048K)]
  0x0000020cdc04efc0 JavaThread "DefaultDispatcher-worker-9" daemon [_thread_blocked, id=137036, stack(0x0000002732000000,0x0000002732200000) (2048K)]
  0x0000020cdc04e2a0 JavaThread "DefaultDispatcher-worker-10" daemon [_thread_blocked, id=86404, stack(0x0000002732200000,0x0000002732400000) (2048K)]
  0x0000020cdc04f650 JavaThread "DefaultDispatcher-worker-11" daemon [_thread_blocked, id=131180, stack(0x0000002732400000,0x0000002732600000) (2048K)]
  0x0000020cdc04c1d0 JavaThread "DefaultDispatcher-worker-12" daemon [_thread_blocked, id=120640, stack(0x0000002732600000,0x0000002732800000) (2048K)]
  0x0000020cdc04cef0 JavaThread "DefaultDispatcher-worker-13" daemon [_thread_in_Java, id=131020, stack(0x0000002732800000,0x0000002732a00000) (2048K)]
  0x0000020cdc377080 JavaThread "DefaultDispatcher-worker-14" daemon [_thread_blocked, id=122960, stack(0x0000002732a00000,0x0000002732c00000) (2048K)]
  0x0000020cdc37b8b0 JavaThread "Java2D Disposer"            daemon [_thread_blocked, id=139684, stack(0x0000002733a00000,0x0000002733c00000) (2048K)]
  0x0000020cdc37c5d0 JavaThread "AWT-Shutdown"                      [_thread_blocked, id=115016, stack(0x0000002733c00000,0x0000002733e00000) (2048K)]
  0x0000020cdc37ab90 JavaThread "AWT-Windows"                daemon [_thread_in_native, id=57736, stack(0x0000002733e00000,0x0000002734000000) (2048K)]
  0x0000020cdc379150 JavaThread "AWT-EventQueue-0"                  [_thread_blocked, id=137572, stack(0x0000002734000000,0x0000002734200000) (2048K)]
  0x0000020cdc37cc60 JavaThread "Kernel event loop thread bqiv0csk9lcl5hjfgupo" daemon [_thread_blocked, id=120860, stack(0x0000002734200000,0x0000002734400000) (2048K)]
  0x0000020cdd13e210 JavaThread "External Command Listener"  daemon [_thread_in_native, id=132152, stack(0x0000002734c00000,0x0000002734e00000) (2048K)]
  0x0000020cdd13ef30 JavaThread "kotlinx.coroutines.DefaultExecutor" daemon [_thread_blocked, id=116856, stack(0x0000002735000000,0x0000002735200000) (2048K)]
  0x0000020cdd141690 JavaThread "DefaultDispatcher-worker-15" daemon [_thread_in_Java, id=138092, stack(0x0000002735200000,0x0000002735400000) (2048K)]
  0x0000020cddf9f640 JavaThread "DefaultDispatcher-worker-17" daemon [_thread_blocked, id=134228, stack(0x0000002735600000,0x0000002735800000) (2048K)]
  0x0000020cddfa0360 JavaThread "DefaultDispatcher-worker-19" daemon [_thread_blocked, id=129376, stack(0x0000002735800000,0x0000002735a00000) (2048K)]
  0x0000020cddfa1710 JavaThread "DefaultDispatcher-worker-18" daemon [_thread_in_Java, id=141652, stack(0x0000002735c00000,0x0000002735e00000) (2048K)]
  0x0000020cddf9efb0 JavaThread "DefaultDispatcher-worker-23" daemon [_thread_blocked, id=138584, stack(0x0000002735e00000,0x0000002736000000) (2048K)]
  0x0000020cddf9e920 JavaThread "DefaultDispatcher-worker-22" daemon [_thread_blocked, id=137684, stack(0x0000002736000000,0x0000002736200000) (2048K)]
  0x0000020cddfa1da0 JavaThread "DefaultDispatcher-worker-21" daemon [_thread_blocked, id=120716, stack(0x0000002736200000,0x0000002736400000) (2048K)]
  0x0000020cddfa4500 JavaThread "DefaultDispatcher-worker-24" daemon [_thread_blocked, id=93508, stack(0x0000002736400000,0x0000002736600000) (2048K)]
  0x0000020cddfa2430 JavaThread "DefaultDispatcher-worker-25" daemon [_thread_blocked, id=113984, stack(0x0000002736600000,0x0000002736800000) (2048K)]
  0x0000020cddfa2ac0 JavaThread "DefaultDispatcher-worker-26" daemon [_thread_blocked, id=125328, stack(0x0000002736800000,0x0000002736a00000) (2048K)]
  0x0000020cddfa1080 JavaThread "DefaultDispatcher-worker-27" daemon [_thread_blocked, id=137592, stack(0x0000002736a00000,0x0000002736c00000) (2048K)]
  0x0000020cddfa3150 JavaThread "DefaultDispatcher-worker-28" daemon [_thread_blocked, id=135396, stack(0x0000002736c00000,0x0000002736e00000) (2048K)]
  0x0000020cddfa3e70 JavaThread "DefaultDispatcher-worker-29" daemon [_thread_blocked, id=136800, stack(0x0000002736e00000,0x0000002737000000) (2048K)]
  0x0000020cddfa4b90 JavaThread "DefaultDispatcher-worker-30" daemon [_thread_in_Java, id=127860, stack(0x0000002737000000,0x0000002737200000) (2048K)]
  0x0000020cddfa5220 JavaThread "DefaultDispatcher-worker-31" daemon [_thread_blocked, id=128068, stack(0x0000002737200000,0x0000002737400000) (2048K)]
  0x0000020cddfa37e0 JavaThread "DefaultDispatcher-worker-32" daemon [_thread_blocked, id=125132, stack(0x0000002737400000,0x0000002737600000) (2048K)]
  0x0000020cddfa5f40 JavaThread "DefaultDispatcher-worker-33" daemon [_thread_blocked, id=116100, stack(0x0000002737600000,0x0000002737800000) (2048K)]
  0x0000020cddfa58b0 JavaThread "DefaultDispatcher-worker-34" daemon [_thread_blocked, id=136692, stack(0x0000002737800000,0x0000002737a00000) (2048K)]
  0x0000020cde05d760 JavaThread "DefaultDispatcher-worker-35" daemon [_thread_blocked, id=135464, stack(0x0000002737a00000,0x0000002737c00000) (2048K)]
  0x0000020cde05b690 JavaThread "DefaultDispatcher-worker-37" daemon [_thread_blocked, id=130480, stack(0x0000002737c00000,0x0000002737e00000) (2048K)]
  0x0000020cde05d0d0 JavaThread "DefaultDispatcher-worker-38" daemon [_thread_in_Java, id=139168, stack(0x0000002737e00000,0x0000002738000000) (2048K)]
  0x0000020cde05ddf0 JavaThread "DefaultDispatcher-worker-36" daemon [_thread_blocked, id=139592, stack(0x0000002738000000,0x0000002738200000) (2048K)]
  0x0000020cde05bd20 JavaThread "DefaultDispatcher-worker-39" daemon [_thread_in_Java, id=133572, stack(0x0000002738200000,0x0000002738400000) (2048K)]
  0x0000020cde05e480 JavaThread "DefaultDispatcher-worker-41" daemon [_thread_blocked, id=113600, stack(0x0000002738400000,0x0000002738600000) (2048K)]
  0x0000020cde05eb10 JavaThread "DefaultDispatcher-worker-40" daemon [_thread_blocked, id=129052, stack(0x0000002738600000,0x0000002738800000) (2048K)]
  0x0000020cde05f1a0 JavaThread "DefaultDispatcher-worker-42" daemon [_thread_blocked, id=126072, stack(0x0000002738800000,0x0000002738a00000) (2048K)]
  0x0000020cde05ca40 JavaThread "DefaultDispatcher-worker-43" daemon [_thread_blocked, id=129796, stack(0x0000002738a00000,0x0000002738c00000) (2048K)]
  0x0000020cde05f830 JavaThread "DefaultDispatcher-worker-44" daemon [_thread_blocked, id=133080, stack(0x0000002738c00000,0x0000002738e00000) (2048K)]
  0x0000020cde05c3b0 JavaThread "DefaultDispatcher-worker-45" daemon [_thread_blocked, id=140796, stack(0x0000002738e00000,0x0000002739000000) (2048K)]
  0x0000020cde062620 JavaThread "DefaultDispatcher-worker-47" daemon [_thread_blocked, id=140044, stack(0x0000002739000000,0x0000002739200000) (2048K)]
  0x0000020cde061f90 JavaThread "DefaultDispatcher-worker-46" daemon [_thread_blocked, id=142720, stack(0x0000002739200000,0x0000002739400000) (2048K)]
  0x0000020cde05fec0 JavaThread "DefaultDispatcher-worker-48" daemon [_thread_blocked, id=126924, stack(0x0000002739400000,0x0000002739600000) (2048K)]
  0x0000020cde060550 JavaThread "DefaultDispatcher-worker-49" daemon [_thread_blocked, id=141716, stack(0x0000002739600000,0x0000002739800000) (2048K)]
  0x0000020cde060be0 JavaThread "DefaultDispatcher-worker-50" daemon [_thread_blocked, id=142196, stack(0x0000002739800000,0x0000002739a00000) (2048K)]
  0x0000020cde061900 JavaThread "DefaultDispatcher-worker-51" daemon [_thread_blocked, id=127608, stack(0x0000002739c00000,0x0000002739e00000) (2048K)]
  0x0000020cde15f0a0 JavaThread "DefaultDispatcher-worker-52" daemon [_thread_in_Java, id=132588, stack(0x0000002739e00000,0x000000273a000000) (2048K)]
  0x0000020cde15cfd0 JavaThread "DefaultDispatcher-worker-53" daemon [_thread_blocked, id=130372, stack(0x000000273a000000,0x000000273a200000) (2048K)]
  0x0000020cde15dcf0 JavaThread "DefaultDispatcher-worker-54" daemon [_thread_blocked, id=141220, stack(0x000000273a200000,0x000000273a400000) (2048K)]
  0x0000020cde15f730 JavaThread "DefaultDispatcher-worker-55" daemon [_thread_blocked, id=138452, stack(0x000000273a400000,0x000000273a600000) (2048K)]
  0x0000020cde15e380 JavaThread "DefaultDispatcher-worker-56" daemon [_thread_blocked, id=132624, stack(0x000000273a600000,0x000000273a800000) (2048K)]
  0x0000020cde15c940 JavaThread "DefaultDispatcher-worker-58" daemon [_thread_blocked, id=143104, stack(0x000000273aa00000,0x000000273ac00000) (2048K)]
  0x0000020cde160ae0 JavaThread "DefaultDispatcher-worker-59" daemon [_thread_blocked, id=133268, stack(0x000000273ac00000,0x000000273ae00000) (2048K)]
  0x0000020cde15ea10 JavaThread "DefaultDispatcher-worker-60" daemon [_thread_blocked, id=140412, stack(0x000000273ae00000,0x000000273b000000) (2048K)]
  0x0000020cde15fdc0 JavaThread "DefaultDispatcher-worker-61" daemon [_thread_blocked, id=137912, stack(0x000000273b000000,0x000000273b200000) (2048K)]
  0x0000020cde160450 JavaThread "DefaultDispatcher-worker-62" daemon [_thread_blocked, id=126840, stack(0x000000273b200000,0x000000273b400000) (2048K)]
  0x0000020cde15d660 JavaThread "DefaultDispatcher-worker-63" daemon [_thread_blocked, id=143868, stack(0x000000273b400000,0x000000273b600000) (2048K)]
  0x0000020cde161e90 JavaThread "DefaultDispatcher-worker-65" daemon [_thread_blocked, id=143564, stack(0x000000273b800000,0x000000273ba00000) (2048K)]
  0x0000020cde161800 JavaThread "DefaultDispatcher-worker-67" daemon [_thread_blocked, id=142476, stack(0x000000273bc00000,0x000000273be00000) (2048K)]
  0x0000020cde162520 JavaThread "DefaultDispatcher-worker-68" daemon [_thread_blocked, id=141744, stack(0x000000273be00000,0x000000273c000000) (2048K)]
  0x0000020cde163240 JavaThread "DefaultDispatcher-worker-69" daemon [_thread_blocked, id=141304, stack(0x000000273c000000,0x000000273c200000) (2048K)]
  0x0000020cde1d4840 JavaThread "DefaultDispatcher-worker-70" daemon [_thread_blocked, id=142104, stack(0x000000273c200000,0x000000273c400000) (2048K)]
  0x0000020cde1d6910 JavaThread "DefaultDispatcher-worker-71" daemon [_thread_blocked, id=134788, stack(0x000000273c400000,0x000000273c600000) (2048K)]
  0x0000020cde1d4ed0 JavaThread "DefaultDispatcher-worker-72" daemon [_thread_blocked, id=122692, stack(0x000000273c800000,0x000000273ca00000) (2048K)]
  0x0000020cde1d7630 JavaThread "DefaultDispatcher-worker-73" daemon [_thread_blocked, id=129448, stack(0x000000273ca00000,0x000000273cc00000) (2048K)]
  0x0000020cde1d6280 JavaThread "DefaultDispatcher-worker-74" daemon [_thread_blocked, id=142692, stack(0x000000273cc00000,0x000000273ce00000) (2048K)]
  0x0000020cde1d41b0 JavaThread "DefaultDispatcher-worker-75" daemon [_thread_in_Java, id=143520, stack(0x000000273ce00000,0x000000273d000000) (2048K)]
  0x0000020cde1d8350 JavaThread "DefaultDispatcher-worker-77" daemon [_thread_blocked, id=141180, stack(0x000000273d200000,0x000000273d400000) (2048K)]
  0x0000020cde1d89e0 JavaThread "DefaultDispatcher-worker-78" daemon [_thread_blocked, id=144144, stack(0x000000273d400000,0x000000273d600000) (2048K)]
  0x0000020cde1d5560 JavaThread "DefaultDispatcher-worker-79" daemon [_thread_blocked, id=137436, stack(0x000000273d600000,0x000000273d800000) (2048K)]
  0x0000020cde1d9070 JavaThread "DefaultDispatcher-worker-80" daemon [_thread_blocked, id=142708, stack(0x000000273d800000,0x000000273da00000) (2048K)]
  0x0000020cde1d5bf0 JavaThread "DefaultDispatcher-worker-81" daemon [_thread_blocked, id=137320, stack(0x000000273da00000,0x000000273dc00000) (2048K)]
  0x0000020cde1d9d90 JavaThread "DefaultDispatcher-worker-83" daemon [_thread_blocked, id=142712, stack(0x000000273dc00000,0x000000273de00000) (2048K)]
  0x0000020cde1db140 JavaThread "DefaultDispatcher-worker-82" daemon [_thread_blocked, id=140660, stack(0x000000273de00000,0x000000273e000000) (2048K)]
  0x0000020cde1db7d0 JavaThread "DefaultDispatcher-worker-84" daemon [_thread_blocked, id=134464, stack(0x000000273e000000,0x000000273e200000) (2048K)]
  0x0000020ce6e13770 JavaThread "Coroutines Debugger Cleaner" daemon [_thread_blocked, id=138332, stack(0x000000273e400000,0x000000273e600000) (2048K)]
  0x0000020ce6e15840 JavaThread "PeriodicMetricReader"       daemon [_thread_blocked, id=85152, stack(0x000000273e600000,0x000000273e800000) (2048K)]
  0x0000020d09482680 JavaThread "JNA Cleaner"                daemon [_thread_blocked, id=144044, stack(0x000000273e800000,0x000000273ea00000) (2048K)]
  0x0000020d0947ff20 JavaThread "Periodic tasks thread"      daemon [_thread_blocked, id=140504, stack(0x000000273ea00000,0x000000273ec00000) (2048K)]
  0x0000020d094833a0 JavaThread "ApplicationImpl pooled thread 1"        [_thread_blocked, id=143176, stack(0x000000273ec00000,0x000000273ee00000) (2048K)]
  0x0000020d15356690 JavaThread "Windows Shell integration"  daemon [_thread_blocked, id=136944, stack(0x0000002734e00000,0x0000002735000000) (2048K)]
  0x0000020d15358760 JavaThread "fsnotifier.exe"                    [_thread_in_native, id=112384, stack(0x000000273f200000,0x000000273f400000) (2048K)]
  0x0000020d1535bbe0 JavaThread "BaseDataReader: output stream of fsnotifier.exe"        [_thread_in_native, id=108464, stack(0x000000273f400000,0x000000273f600000) (2048K)]
  0x0000020d1535c270 JavaThread "BaseDataReader: error stream of fsnotifier.exe"        [_thread_in_native, id=55964, stack(0x000000273f600000,0x000000273f800000) (2048K)]
  0x0000020cde061270 JavaThread "ApplicationImpl pooled thread 2"        [_thread_blocked, id=141436, stack(0x000000273f800000,0x000000273fa00000) (2048K)]
  0x0000020d4f0eb370 JavaThread "ApplicationImpl pooled thread 5"        [_thread_blocked, id=112436, stack(0x000000273fe00000,0x0000002740000000) (2048K)]
  0x0000020d512b9ab0 JavaThread "Reference Cleaner"          daemon [_thread_blocked, id=84184, stack(0x0000002740400000,0x0000002740600000) (2048K)]
  0x0000020d5dcd6b80 JavaThread "Netty Builtin Server 1"     daemon [_thread_in_native, id=138568, stack(0x0000002740600000,0x0000002740800000) (2048K)]
  0x0000020d5dce4410 JavaThread "I/O pool 4"                        [_thread_blocked, id=145040, stack(0x0000002740800000,0x0000002740a00000) (2048K)]
  0x0000020d5dcee820 JavaThread "I/O pool 5"                        [_thread_in_Java, id=40340, stack(0x0000002740a00000,0x0000002740c00000) (2048K)]
  0x0000020d5dcedb00 JavaThread "I/O pool 6"                        [_thread_blocked, id=144688, stack(0x0000002740c00000,0x0000002740e00000) (2048K)]
  0x0000020d512b8070 JavaThread "TimerQueue"                 daemon [_thread_blocked, id=128460, stack(0x0000002740e00000,0x0000002741000000) (2048K)]
  0x0000020d639983f0 JavaThread "Storage Diagnostic Dumper"         [_thread_in_native, id=64536, stack(0x0000002741200000,0x0000002741400000) (2048K)]
  0x0000020d6399dfd0 JavaThread "ApplicationImpl pooled thread 9"        [_thread_blocked, id=92820, stack(0x0000002741400000,0x0000002741600000) (2048K)]
  0x0000020d6399ab50 JavaThread "AndroidAdbSessionHost"             [_thread_in_native, id=122004, stack(0x0000002741600000,0x0000002741800000) (2048K)]
  0x0000020d6399b1e0 JavaThread "ApplicationImpl pooled thread 10"        [_thread_blocked, id=120544, stack(0x0000002741800000,0x0000002741a00000) (2048K)]
  0x0000020d6399bf00 JavaThread "ApplicationImpl pooled thread 11"        [_thread_blocked, id=126188, stack(0x0000002741a00000,0x0000002741c00000) (2048K)]
  0x0000020d6b69fdb0 JavaThread "I/O pool 7"                        [_thread_blocked, id=43360, stack(0x0000002741e00000,0x0000002742000000) (2048K)]
  0x0000020d6b6a38c0 JavaThread "I/O pool 8"                        [_thread_in_vm, id=143628, stack(0x0000002742000000,0x0000002742200000) (2048K)] _threads_hazard_ptr=0x0000020d81d95c30
  0x0000020d6b6a0ad0 JavaThread "I/O pool 9"                        [_thread_blocked, id=104612, stack(0x0000002742200000,0x0000002742400000) (2048K)]
  0x0000020d6b6a4c70 JavaThread "I/O pool 10"                       [_thread_blocked, id=111176, stack(0x0000002742400000,0x0000002742600000) (2048K)]
  0x0000020d6b6a45e0 JavaThread "I/O pool 11"                       [_thread_in_native, id=102676, stack(0x0000002742600000,0x0000002742800000) (2048K)]
  0x0000020d6b6a73d0 JavaThread "I/O pool 12"                       [_thread_in_Java, id=110320, stack(0x0000002742800000,0x0000002742a00000) (2048K)]
  0x0000020d6b6a66b0 JavaThread "I/O pool 13"                       [_thread_blocked, id=85828, stack(0x0000002742a00000,0x0000002742c00000) (2048K)]
  0x0000020d6b6a7a60 JavaThread "I/O pool 14"                       [_thread_blocked, id=109464, stack(0x0000002742c00000,0x0000002742e00000) (2048K)]
  0x0000020d6b6a80f0 JavaThread "I/O pool 15"                       [_thread_blocked, id=103616, stack(0x0000002742e00000,0x0000002743000000) (2048K)]
  0x0000020d6b6a8780 JavaThread "I/O pool 16"                       [_thread_blocked, id=60400, stack(0x0000002743000000,0x0000002743200000) (2048K)]
  0x0000020d6b6a5990 JavaThread "I/O pool 17"                       [_thread_blocked, id=8008, stack(0x0000002743200000,0x0000002743400000) (2048K)]
  0x0000020d6b6ab570 JavaThread "I/O pool 18"                       [_thread_in_native, id=42008, stack(0x0000002743400000,0x0000002743600000) (2048K)]
  0x0000020d6b6a9b30 JavaThread "I/O pool 19"                       [_thread_blocked, id=87944, stack(0x0000002743600000,0x0000002743800000) (2048K)]
  0x0000020d6b6ac290 JavaThread "I/O pool 20"                       [_thread_in_native, id=113048, stack(0x0000002743800000,0x0000002743a00000) (2048K)]
  0x0000020d6b6aa850 JavaThread "I/O pool 21"                       [_thread_in_vm, id=46988, stack(0x0000002743a00000,0x0000002743c00000) (2048K)] _threads_hazard_ptr=0x0000020d81d95c30
  0x0000020d6b6a94a0 JavaThread "I/O pool 22"                       [_thread_blocked, id=145576, stack(0x0000002743c00000,0x0000002743e00000) (2048K)]
  0x0000020d6b6a8e10 JavaThread "I/O pool 23"                       [_thread_in_Java, id=135088, stack(0x0000002743e00000,0x0000002744000000) (2048K)]
  0x0000020d6d2efce0 JavaThread "DefaultDispatcher-worker-86" daemon [_thread_blocked, id=92688, stack(0x0000002744200000,0x0000002744400000) (2048K)]
  0x0000020d6d2f0370 JavaThread "DefaultDispatcher-worker-87" daemon [_thread_blocked, id=69680, stack(0x0000002744400000,0x0000002744600000) (2048K)]
  0x0000020d6d2ecef0 JavaThread "DefaultDispatcher-worker-88" daemon [_thread_blocked, id=80776, stack(0x0000002744600000,0x0000002744800000) (2048K)]
=>0x0000020d6d2ee930 JavaThread "DefaultDispatcher-worker-89" daemon [_thread_in_native, id=149640, stack(0x0000002744800000,0x0000002744a00000) (2048K)]
  0x0000020d6d2f1090 JavaThread "DefaultDispatcher-worker-90" daemon [_thread_blocked, id=77472, stack(0x0000002744a00000,0x0000002744c00000) (2048K)]
  0x0000020d6d2f0a00 JavaThread "DefaultDispatcher-worker-91" daemon [_thread_blocked, id=78828, stack(0x0000002744c00000,0x0000002744e00000) (2048K)]
  0x0000020d6d2ef650 JavaThread "DefaultDispatcher-worker-92" daemon [_thread_blocked, id=64360, stack(0x0000002744e00000,0x0000002745000000) (2048K)]
  0x0000020d6d2edc10 JavaThread "DefaultDispatcher-worker-93" daemon [_thread_blocked, id=75316, stack(0x0000002745000000,0x0000002745200000) (2048K)]
  0x0000020d6d2f1720 JavaThread "DefaultDispatcher-worker-94" daemon [_thread_blocked, id=70636, stack(0x0000002745200000,0x0000002745400000) (2048K)]
  0x0000020d6d2f1db0 JavaThread "DefaultDispatcher-worker-95" daemon [_thread_blocked, id=152116, stack(0x0000002745400000,0x0000002745600000) (2048K)]
  0x0000020d6d2eefc0 JavaThread "DefaultDispatcher-worker-96" daemon [_thread_blocked, id=137264, stack(0x0000002745600000,0x0000002745800000) (2048K)]
  0x0000020d6d2f4510 JavaThread "DefaultDispatcher-worker-97" daemon [_thread_blocked, id=66172, stack(0x0000002745800000,0x0000002745a00000) (2048K)]
  0x0000020d6d2f58c0 JavaThread "DefaultDispatcher-worker-98" daemon [_thread_blocked, id=49412, stack(0x0000002745a00000,0x0000002745c00000) (2048K)]
  0x0000020d6d2f4ba0 JavaThread "DefaultDispatcher-worker-99" daemon [_thread_blocked, id=74272, stack(0x0000002745c00000,0x0000002745e00000) (2048K)]
  0x0000020d6d2f5230 JavaThread "DefaultDispatcher-worker-76" daemon [_thread_blocked, id=154868, stack(0x0000002745e00000,0x0000002746000000) (2048K)]
  0x0000020d6d2f37f0 JavaThread "DefaultDispatcher-worker-16" daemon [_thread_blocked, id=74844, stack(0x0000002746000000,0x0000002746200000) (2048K)]
  0x0000020d6d2f2440 JavaThread "DefaultDispatcher-worker-57" daemon [_thread_blocked, id=120568, stack(0x0000002746200000,0x0000002746400000) (2048K)]
  0x0000020d6d2f2ad0 JavaThread "DefaultDispatcher-worker-64" daemon [_thread_blocked, id=86948, stack(0x0000002746400000,0x0000002746600000) (2048K)]
  0x0000020d6d2f5f50 JavaThread "DefaultDispatcher-worker-85" daemon [_thread_blocked, id=150988, stack(0x0000002746600000,0x0000002746800000) (2048K)]
  0x0000020d6d2f6c70 JavaThread "DefaultDispatcher-worker-66" daemon [_thread_blocked, id=68252, stack(0x0000002746800000,0x0000002746a00000) (2048K)]
  0x0000020d6d2f8d40 JavaThread "DefaultDispatcher-worker-1" daemon [_thread_blocked, id=59940, stack(0x0000002746a00000,0x0000002746c00000) (2048K)]
  0x0000020d6d2fa0f0 JavaThread "DefaultDispatcher-worker-20" daemon [_thread_blocked, id=75020, stack(0x0000002746c00000,0x0000002746e00000) (2048K)]
  0x0000020d6d2ea790 JavaThread "HandlingStartupEventsContext" daemon [_thread_blocked, id=82632, stack(0x0000002746e00000,0x0000002747000000) (2048K)]
  0x0000020d6d2e1dc0 JavaThread "JVMResponsivenessMonitor"   daemon [_thread_blocked, id=67528, stack(0x0000002747000000,0x0000002747200000) (2048K)]
  0x0000020d6b6a3230 JavaThread "Thread-110"                 daemon [_thread_in_native, id=69836, stack(0x0000002747200000,0x0000002747400000) (2048K)]
  0x0000020d74b5d180 JavaThread "grpc-nio-boss-ELG-1-1"      daemon [_thread_in_native, id=64800, stack(0x0000002747400000,0x0000002747600000) (2048K)]
  0x0000020d74b4a3a0 JavaThread "grpc-nio-worker-ELG-3-1"    daemon [_thread_in_native, id=79532, stack(0x0000002747600000,0x0000002747800000) (2048K)]
  0x0000020d74b48ff0 JavaThread "grpc-default-executor-0"    daemon [_thread_blocked, id=114180, stack(0x0000002747800000,0x0000002747a00000) (2048K)]
  0x0000020d74b4aa30 JavaThread "grpc-nio-worker-ELG-3-2"    daemon [_thread_in_native, id=144608, stack(0x0000002747a00000,0x0000002747c00000) (2048K)]
  0x0000020d74b49d10 JavaThread "grpc-default-executor-1"    daemon [_thread_blocked, id=128456, stack(0x0000002747c00000,0x0000002747e00000) (2048K)]
  0x0000020d74b4bde0 JavaThread "grpc-default-executor-4"    daemon [_thread_blocked, id=147628, stack(0x0000002748200000,0x0000002748400000) (2048K)]
  0x0000020d74b52050 JavaThread "grpc-nio-worker-ELG-3-3"    daemon [_thread_in_native, id=147548, stack(0x0000002748600000,0x0000002748800000) (2048K)]
  0x0000020d74b50610 JavaThread "grpc-nio-worker-ELG-3-4"    daemon [_thread_in_native, id=49724, stack(0x0000002748800000,0x0000002748a00000) (2048K)]
  0x0000020d78ca60c0 JavaThread "ClangdRequestsPlanner [main]" daemon [_thread_blocked, id=75116, stack(0x0000002748a00000,0x0000002748c00000) (2048K)]
  0x0000020d78ca53a0 JavaThread "ClangdRequestsPlanner [indexer-stateless]" daemon [_thread_blocked, id=64440, stack(0x0000002748c00000,0x0000002748e00000) (2048K)]
  0x0000020d78c9d6f0 JavaThread "CLang Server Accessor [indexer-stateless]" daemon [_thread_blocked, id=128280, stack(0x0000002749000000,0x0000002749200000) (2048K)]
  0x0000020d78c9eaa0 JavaThread "CLang Server Accessor [main]" daemon [_thread_blocked, id=137644, stack(0x0000002749200000,0x0000002749400000) (2048K)]
  0x0000020d78caa260 JavaThread "Thread-111"                 daemon [_thread_blocked, id=140768, stack(0x0000002749400000,0x0000002749600000) (2048K)]
  0x0000020d74b6c450 JavaThread "Thread-133"                 daemon [_thread_in_native, id=139536, stack(0x0000002749800000,0x0000002749a00000) (2048K)]
  0x0000020d74b6b0a0 JavaThread "Thread-134"                 daemon [_thread_in_native, id=508, stack(0x0000002749a00000,0x0000002749c00000) (2048K)]
  0x0000020d74b6b730 JavaThread "Thread-135"                 daemon [_thread_in_native, id=53968, stack(0x0000002749c00000,0x0000002749e00000) (2048K)]
  0x0000020d74b6aa10 JavaThread "Thread-136"                 daemon [_thread_in_native, id=132676, stack(0x0000002749e00000,0x000000274a000000) (2048K)]
  0x0000020d74b69cf0 JavaThread "Thread-137"                 daemon [_thread_in_native, id=59924, stack(0x000000274a000000,0x000000274a200000) (2048K)]
  0x0000020d74b6cae0 JavaThread "Thread-138"                 daemon [_thread_in_native, id=89908, stack(0x000000274a200000,0x000000274a400000) (2048K)]
  0x0000020d74b69660 JavaThread "Thread-139"                 daemon [_thread_in_native, id=141856, stack(0x000000274a400000,0x000000274a600000) (2048K)]
  0x0000020d74b6ff60 JavaThread "Thread-140"                 daemon [_thread_in_native, id=96624, stack(0x000000274a600000,0x000000274a800000) (2048K)]
  0x0000020d74b6de90 JavaThread "Thread-141"                 daemon [_thread_in_native, id=117692, stack(0x000000274a800000,0x000000274aa00000) (2048K)]
  0x0000020d74b6e520 JavaThread "Thread-142"                 daemon [_thread_in_native, id=95660, stack(0x000000274aa00000,0x000000274ac00000) (2048K)]
  0x0000020d74b6f8d0 JavaThread "Thread-143"                 daemon [_thread_in_native, id=49252, stack(0x000000274ac00000,0x000000274ae00000) (2048K)]
  0x0000020d74b705f0 JavaThread "Thread-144"                 daemon [_thread_in_native, id=128908, stack(0x000000274ae00000,0x000000274b000000) (2048K)]
  0x0000020d74b6d170 JavaThread "Thread-145"                 daemon [_thread_in_native, id=138064, stack(0x000000274b000000,0x000000274b200000) (2048K)]
  0x0000020d74b70c80 JavaThread "Thread-146"                 daemon [_thread_in_native, id=145540, stack(0x000000274b200000,0x000000274b400000) (2048K)]
  0x0000020d74b6d800 JavaThread "Thread-147"                 daemon [_thread_in_native, id=53388, stack(0x000000274b400000,0x000000274b600000) (2048K)]
  0x0000020d74b71310 JavaThread "Thread-148"                 daemon [_thread_in_native, id=91596, stack(0x000000274b600000,0x000000274b800000) (2048K)]
  0x0000020d74b719a0 JavaThread "Thread-149"                 daemon [_thread_in_native, id=124156, stack(0x000000274b800000,0x000000274ba00000) (2048K)]
  0x0000020d74b72030 JavaThread "Thread-150"                 daemon [_thread_in_native, id=58888, stack(0x000000274ba00000,0x000000274bc00000) (2048K)]
  0x0000020d78c83980 JavaThread "Thread-151"                 daemon [_thread_in_native, id=131780, stack(0x000000274bc00000,0x000000274be00000) (2048K)]
  0x0000020d78c832f0 JavaThread "Thread-152"                 daemon [_thread_in_native, id=52912, stack(0x000000274be00000,0x000000274c000000) (2048K)]
  0x0000020d78c818b0 JavaThread "Thread-153"                 daemon [_thread_in_native, id=69992, stack(0x000000274c000000,0x000000274c200000) (2048K)]
  0x0000020d78ca7b00 JavaThread "Cidr Symbol Building Thread (0)" daemon [_thread_blocked, id=144552, stack(0x0000002749600000,0x0000002749800000) (2048K)]
  0x0000020d78cae400 JavaThread "Cidr Symbol Building Thread (1)" daemon [_thread_blocked, id=36408, stack(0x000000274c200000,0x000000274c400000) (2048K)]
  0x0000020d78caf7b0 JavaThread "Cidr Symbol Building Thread (2)" daemon [_thread_blocked, id=131608, stack(0x000000274c400000,0x000000274c600000) (2048K)]
  0x0000020d78cb0b60 JavaThread "Cidr Symbol Building Thread (3)" daemon [_thread_blocked, id=66412, stack(0x000000274c600000,0x000000274c800000) (2048K)]
  0x0000020d78cadd70 JavaThread "Cidr Symbol Building Thread (4)" daemon [_thread_blocked, id=135024, stack(0x000000274c800000,0x000000274ca00000) (2048K)]
  0x0000020d78cb25a0 JavaThread "Cidr Symbol Building Thread (5)" daemon [_thread_blocked, id=50788, stack(0x000000274ca00000,0x000000274cc00000) (2048K)]
  0x0000020d78cb32c0 JavaThread "Cidr Symbol Building Thread (6)" daemon [_thread_blocked, id=68136, stack(0x000000274cc00000,0x000000274ce00000) (2048K)]
  0x0000020d78cb3fe0 JavaThread "Cidr Symbol Building Thread (7)" daemon [_thread_blocked, id=114208, stack(0x000000274ce00000,0x000000274d000000) (2048K)]
  0x0000020d78cb3950 JavaThread "Cidr Symbol Building Thread (8)" daemon [_thread_blocked, id=49080, stack(0x0000002748e00000,0x0000002749000000) (2048K)]
  0x0000020d78cb4670 JavaThread "Cidr Symbol Building Thread (9)" daemon [_thread_blocked, id=104964, stack(0x000000274d000000,0x000000274d200000) (2048K)]
  0x0000020d78cb1880 JavaThread "Cidr Symbol Building Thread (10)" daemon [_thread_blocked, id=149356, stack(0x000000274d200000,0x000000274d400000) (2048K)]
  0x0000020d78cb5390 JavaThread "Cidr Symbol Building Thread (11)" daemon [_thread_blocked, id=122220, stack(0x000000274d400000,0x000000274d600000) (2048K)]
  0x0000020d78cb5a20 JavaThread "Cidr Symbol Building Thread (12)" daemon [_thread_blocked, id=14880, stack(0x000000274d800000,0x000000274da00000) (2048K)]
  0x0000020d78cb6dd0 JavaThread "Cidr Symbol Building Thread (13)" daemon [_thread_blocked, id=141492, stack(0x000000274da00000,0x000000274dc00000) (2048K)]
  0x0000020d78cb8810 JavaThread "Cidr Symbol Building Thread (14)" daemon [_thread_blocked, id=145088, stack(0x000000274dc00000,0x000000274de00000) (2048K)]
  0x0000020d78cb9530 JavaThread "Cidr Symbol Building Thread (15)" daemon [_thread_blocked, id=119196, stack(0x000000274de00000,0x000000274e000000) (2048K)]
  0x0000020d78cb8180 JavaThread "Cidr Symbol Building Thread (16)" daemon [_thread_blocked, id=55932, stack(0x000000274e000000,0x000000274e200000) (2048K)]
  0x0000020d78cb6740 JavaThread "Cidr Symbol Building Thread (17)" daemon [_thread_blocked, id=134236, stack(0x000000274e200000,0x000000274e400000) (2048K)]
  0x0000020d78cbbc90 JavaThread "Cidr Symbol Building Thread (18)" daemon [_thread_blocked, id=62896, stack(0x000000274e400000,0x000000274e600000) (2048K)]
  0x0000020d78c94000 JavaThread "Aux Index Writer #1"        daemon [_thread_blocked, id=66556, stack(0x000000274e600000,0x000000274e800000) (2048K)]
  0x0000020d78c94690 JavaThread "Stubs Writer #4"            daemon [_thread_blocked, id=68720, stack(0x000000274e800000,0x000000274ea00000) (2048K)]
  0x0000020d78c925c0 JavaThread "IdIndex Writer #1"          daemon [_thread_blocked, id=68712, stack(0x000000274ea00000,0x000000274ec00000) (2048K)]
  0x0000020d78c960d0 JavaThread "Trigram.Index Writer #3"    daemon [_thread_blocked, id=68744, stack(0x000000274ec00000,0x000000274ee00000) (2048K)]
  0x0000020d78c93970 JavaThread "IdIndex Writer #0"          daemon [_thread_blocked, id=68684, stack(0x000000274ee00000,0x000000274f000000) (2048K)]
  0x0000020d78c9a900 JavaThread "Trigram.Index Writer #2"    daemon [_thread_blocked, id=68672, stack(0x000000274f000000,0x000000274f200000) (2048K)]
Total: 218

Other Threads:
  0x0000020cb1d6ba80 VMThread "VM Thread"                           [id=135140, stack(0x000000272ec00000,0x000000272ee00000) (2048K)]
  0x0000020cb1d20af0 WatcherThread "VM Periodic Task Thread"        [id=135120, stack(0x000000272ea00000,0x000000272ec00000) (2048K)]
  0x0000020c8981e780 WorkerThread "GC Thread#0"                     [id=133432, stack(0x000000272e000000,0x000000272e200000) (2048K)]
  0x0000020cb243c810 WorkerThread "GC Thread#1"                     [id=136028, stack(0x0000002730000000,0x0000002730200000) (2048K)]
  0x0000020cb21f0e10 WorkerThread "GC Thread#2"                     [id=126760, stack(0x0000002730200000,0x0000002730400000) (2048K)]
  0x0000020cdc039660 WorkerThread "GC Thread#3"                     [id=131120, stack(0x0000002731000000,0x0000002731200000) (2048K)]
  0x0000020cdc05a200 WorkerThread "GC Thread#4"                     [id=122612, stack(0x0000002731200000,0x0000002731400000) (2048K)]
  0x0000020cdc05b5c0 WorkerThread "GC Thread#5"                     [id=130964, stack(0x0000002731400000,0x0000002731600000) (2048K)]
  0x0000020cdc05b970 WorkerThread "GC Thread#6"                     [id=78720, stack(0x0000002731600000,0x0000002731800000) (2048K)]
  0x0000020cdc05c530 WorkerThread "GC Thread#7"                     [id=116536, stack(0x0000002731800000,0x0000002731a00000) (2048K)]
  0x0000020cdc58c400 WorkerThread "GC Thread#8"                     [id=116476, stack(0x0000002732c00000,0x0000002732e00000) (2048K)]
  0x0000020cdc58c7b0 WorkerThread "GC Thread#9"                     [id=133656, stack(0x0000002732e00000,0x0000002733000000) (2048K)]
  0x0000020cdc8d40e0 WorkerThread "GC Thread#10"                    [id=138804, stack(0x0000002733000000,0x0000002733200000) (2048K)]
  0x0000020cdc8d3220 WorkerThread "GC Thread#11"                    [id=126016, stack(0x0000002733200000,0x0000002733400000) (2048K)]
  0x0000020cdc8d2ac0 WorkerThread "GC Thread#12"                    [id=127076, stack(0x0000002734400000,0x0000002734600000) (2048K)]
  0x0000020cdcf75ee0 WorkerThread "GC Thread#13"                    [id=72600, stack(0x0000002734600000,0x0000002734800000) (2048K)]
  0x0000020cdcf77150 WorkerThread "GC Thread#14"                    [id=137428, stack(0x0000002734800000,0x0000002734a00000) (2048K)]
  0x0000020c89827720 ConcurrentGCThread "G1 Main Marker"            [id=13376, stack(0x000000272e200000,0x000000272e400000) (2048K)]
  0x0000020c898295b0 WorkerThread "G1 Conc#0"                       [id=125700, stack(0x000000272e400000,0x000000272e600000) (2048K)]
  0x0000020cdc8d5700 WorkerThread "G1 Conc#1"                       [id=125024, stack(0x0000002733400000,0x0000002733600000) (2048K)]
  0x0000020cdc8d5e60 WorkerThread "G1 Conc#2"                       [id=132736, stack(0x0000002733600000,0x0000002733800000) (2048K)]
  0x0000020cdc8d4fa0 WorkerThread "G1 Conc#3"                       [id=123888, stack(0x0000002733800000,0x0000002733a00000) (2048K)]
  0x0000020caeb80b10 ConcurrentGCThread "G1 Refine#0"               [id=135964, stack(0x000000272e600000,0x000000272e800000) (2048K)]
  0x0000020caeb82f00 ConcurrentGCThread "G1 Service"                [id=124300, stack(0x000000272e800000,0x000000272ea00000) (2048K)]
Total: 24

Threads with active compile tasks:
C2 CompilerThread0  103561 44256   !   4       org.jetbrains.kotlin.metadata.ProtoBuf$Type$Argument::<init> (401 bytes)
Total: 1

VM state: not at safepoint (normal execution)

VM Mutex/Monitor currently owned by a thread: None

Heap address: 0x00000000c0000000, size: 1024 MB, Compressed Oops mode: 32-bit

CDS archive(s) not mapped
Compressed class space mapped at: 0x0000000100000000-0x0000000140000000, reserved size: 1073741824
Narrow klass base: 0x0000000000000000, Narrow klass shift: 3, Narrow klass range: 0x140000000

GC Precious Log:
 CardTable entry size: 512
 Card Set container configuration: InlinePtr #cards 5 size 8 Array Of Cards #cards 12 size 40 Howl #buckets 4 coarsen threshold 1843 Howl Bitmap #cards 512 size 80 coarsen threshold 460 Card regions per heap region 1 cards per card region 2048
 CPUs: 20 total, 20 available
 Memory: 30237M
 Large Page Support: Disabled
 NUMA Support: Disabled
 Compressed Oops: Enabled (32-bit)
 Heap Region Size: 1M
 Heap Min Capacity: 128M
 Heap Initial Capacity: 128M
 Heap Max Capacity: 1G
 Pre-touch: Disabled
 Parallel Workers: 15
 Concurrent Workers: 4
 Concurrent Refinement Workers: 15
 Periodic GC: Disabled

Heap:
 garbage-first heap   total 849920K, used 740615K [0x00000000c0000000, 0x0000000100000000)
  region size 1024K, 264 young (270336K), 33 survivors (33792K)
 Metaspace       used 350564K, committed 354368K, reserved 1376256K
  class space    used 43693K, committed 45312K, reserved 1048576K

Heap Regions: E=young(eden), S=young(survivor), O=old, HS=humongous(starts), HC=humongous(continues), CS=collection set, F=free, TAMS=top-at-mark-start, PB=parsable bottom
|   0|0x00000000c0000000, 0x00000000c0100000, 0x00000000c0100000|100%| O|  |TAMS 0x00000000c0000000| PB 0x00000000c0000000| Untracked 
|   1|0x00000000c0100000, 0x00000000c0200000, 0x00000000c0200000|100%| O|  |TAMS 0x00000000c0100000| PB 0x00000000c0100000| Untracked 
|   2|0x00000000c0200000, 0x00000000c0300000, 0x00000000c0300000|100%| O|  |TAMS 0x00000000c0200000| PB 0x00000000c0200000| Untracked 
|   3|0x00000000c0300000, 0x00000000c0400000, 0x00000000c0400000|100%| O|  |TAMS 0x00000000c0300000| PB 0x00000000c0300000| Untracked 
|   4|0x00000000c0400000, 0x00000000c0500000, 0x00000000c0500000|100%| O|  |TAMS 0x00000000c0400000| PB 0x00000000c0400000| Untracked 
|   5|0x00000000c0500000, 0x00000000c0600000, 0x00000000c0600000|100%| O|  |TAMS 0x00000000c0500000| PB 0x00000000c0500000| Untracked 
|   6|0x00000000c0600000, 0x00000000c0700000, 0x00000000c0700000|100%| O|  |TAMS 0x00000000c0600000| PB 0x00000000c0600000| Untracked 
|   7|0x00000000c0700000, 0x00000000c0800000, 0x00000000c0800000|100%| O|  |TAMS 0x00000000c0700000| PB 0x00000000c0700000| Untracked 
|   8|0x00000000c0800000, 0x00000000c0900000, 0x00000000c0900000|100%| O|  |TAMS 0x00000000c0800000| PB 0x00000000c0800000| Untracked 
|   9|0x00000000c0900000, 0x00000000c0a00000, 0x00000000c0a00000|100%| O|  |TAMS 0x00000000c0900000| PB 0x00000000c0900000| Untracked 
|  10|0x00000000c0a00000, 0x00000000c0b00000, 0x00000000c0b00000|100%| O|  |TAMS 0x00000000c0a00000| PB 0x00000000c0a00000| Untracked 
|  11|0x00000000c0b00000, 0x00000000c0c00000, 0x00000000c0c00000|100%| O|  |TAMS 0x00000000c0b00000| PB 0x00000000c0b00000| Untracked 
|  12|0x00000000c0c00000, 0x00000000c0d00000, 0x00000000c0d00000|100%| O|  |TAMS 0x00000000c0c00000| PB 0x00000000c0c00000| Untracked 
|  13|0x00000000c0d00000, 0x00000000c0e00000, 0x00000000c0e00000|100%|HS|  |TAMS 0x00000000c0d00000| PB 0x00000000c0d00000| Complete 
|  14|0x00000000c0e00000, 0x00000000c0f00000, 0x00000000c0f00000|100%| O|  |TAMS 0x00000000c0e00000| PB 0x00000000c0e00000| Untracked 
|  15|0x00000000c0f00000, 0x00000000c1000000, 0x00000000c1000000|100%| O|  |TAMS 0x00000000c0f00000| PB 0x00000000c0f00000| Untracked 
|  16|0x00000000c1000000, 0x00000000c1100000, 0x00000000c1100000|100%| O|  |TAMS 0x00000000c1000000| PB 0x00000000c1000000| Untracked 
|  17|0x00000000c1100000, 0x00000000c1200000, 0x00000000c1200000|100%|HS|  |TAMS 0x00000000c1100000| PB 0x00000000c1100000| Complete 
|  18|0x00000000c1200000, 0x00000000c1300000, 0x00000000c1300000|100%|HC|  |TAMS 0x00000000c1200000| PB 0x00000000c1200000| Complete 
|  19|0x00000000c1300000, 0x00000000c1400000, 0x00000000c1400000|100%| O|  |TAMS 0x00000000c1300000| PB 0x00000000c1300000| Untracked 
|  20|0x00000000c1400000, 0x00000000c1500000, 0x00000000c1500000|100%| O|  |TAMS 0x00000000c1400000| PB 0x00000000c1400000| Untracked 
|  21|0x00000000c1500000, 0x00000000c1600000, 0x00000000c1600000|100%| O|  |TAMS 0x00000000c1500000| PB 0x00000000c1500000| Untracked 
|  22|0x00000000c1600000, 0x00000000c1700000, 0x00000000c1700000|100%| O|  |TAMS 0x00000000c1600000| PB 0x00000000c1600000| Untracked 
|  23|0x00000000c1700000, 0x00000000c1800000, 0x00000000c1800000|100%| O|  |TAMS 0x00000000c1700000| PB 0x00000000c1700000| Untracked 
|  24|0x00000000c1800000, 0x00000000c1900000, 0x00000000c1900000|100%| O|  |TAMS 0x00000000c1800000| PB 0x00000000c1800000| Untracked 
|  25|0x00000000c1900000, 0x00000000c1a00000, 0x00000000c1a00000|100%| O|  |TAMS 0x00000000c1900000| PB 0x00000000c1900000| Untracked 
|  26|0x00000000c1a00000, 0x00000000c1b00000, 0x00000000c1b00000|100%| O|  |TAMS 0x00000000c1a00000| PB 0x00000000c1a00000| Untracked 
|  27|0x00000000c1b00000, 0x00000000c1c00000, 0x00000000c1c00000|100%| O|  |TAMS 0x00000000c1b00000| PB 0x00000000c1b00000| Untracked 
|  28|0x00000000c1c00000, 0x00000000c1d00000, 0x00000000c1d00000|100%| O|  |TAMS 0x00000000c1c00000| PB 0x00000000c1c00000| Untracked 
|  29|0x00000000c1d00000, 0x00000000c1e00000, 0x00000000c1e00000|100%| O|  |TAMS 0x00000000c1d00000| PB 0x00000000c1d00000| Untracked 
|  30|0x00000000c1e00000, 0x00000000c1f00000, 0x00000000c1f00000|100%| O|  |TAMS 0x00000000c1e00000| PB 0x00000000c1e00000| Untracked 
|  31|0x00000000c1f00000, 0x00000000c2000000, 0x00000000c2000000|100%| O|  |TAMS 0x00000000c1f00000| PB 0x00000000c1f00000| Untracked 
|  32|0x00000000c2000000, 0x00000000c2100000, 0x00000000c2100000|100%| O|  |TAMS 0x00000000c2000000| PB 0x00000000c2000000| Untracked 
|  33|0x00000000c2100000, 0x00000000c2200000, 0x00000000c2200000|100%| O|  |TAMS 0x00000000c2100000| PB 0x00000000c2100000| Untracked 
|  34|0x00000000c2200000, 0x00000000c2300000, 0x00000000c2300000|100%| O|  |TAMS 0x00000000c2200000| PB 0x00000000c2200000| Untracked 
|  35|0x00000000c2300000, 0x00000000c2400000, 0x00000000c2400000|100%| O|  |TAMS 0x00000000c2300000| PB 0x00000000c2300000| Untracked 
|  36|0x00000000c2400000, 0x00000000c2500000, 0x00000000c2500000|100%| O|  |TAMS 0x00000000c2400000| PB 0x00000000c2400000| Untracked 
|  37|0x00000000c2500000, 0x00000000c2600000, 0x00000000c2600000|100%| O|  |TAMS 0x00000000c2500000| PB 0x00000000c2500000| Untracked 
|  38|0x00000000c2600000, 0x00000000c2700000, 0x00000000c2700000|100%| O|  |TAMS 0x00000000c2600000| PB 0x00000000c2600000| Untracked 
|  39|0x00000000c2700000, 0x00000000c2800000, 0x00000000c2800000|100%| O|  |TAMS 0x00000000c2700000| PB 0x00000000c2700000| Untracked 
|  40|0x00000000c2800000, 0x00000000c2900000, 0x00000000c2900000|100%| O|  |TAMS 0x00000000c2800000| PB 0x00000000c2800000| Untracked 
|  41|0x00000000c2900000, 0x00000000c2a00000, 0x00000000c2a00000|100%| O|  |TAMS 0x00000000c2900000| PB 0x00000000c2900000| Untracked 
|  42|0x00000000c2a00000, 0x00000000c2b00000, 0x00000000c2b00000|100%| O|  |TAMS 0x00000000c2a00000| PB 0x00000000c2a00000| Untracked 
|  43|0x00000000c2b00000, 0x00000000c2c00000, 0x00000000c2c00000|100%| O|  |TAMS 0x00000000c2b00000| PB 0x00000000c2b00000| Untracked 
|  44|0x00000000c2c00000, 0x00000000c2d00000, 0x00000000c2d00000|100%| O|  |TAMS 0x00000000c2c00000| PB 0x00000000c2c00000| Untracked 
|  45|0x00000000c2d00000, 0x00000000c2e00000, 0x00000000c2e00000|100%| O|  |TAMS 0x00000000c2d00000| PB 0x00000000c2d00000| Untracked 
|  46|0x00000000c2e00000, 0x00000000c2f00000, 0x00000000c2f00000|100%| O|  |TAMS 0x00000000c2e00000| PB 0x00000000c2e00000| Untracked 
|  47|0x00000000c2f00000, 0x00000000c3000000, 0x00000000c3000000|100%| O|  |TAMS 0x00000000c2f00000| PB 0x00000000c2f00000| Untracked 
|  48|0x00000000c3000000, 0x00000000c3100000, 0x00000000c3100000|100%| O|  |TAMS 0x00000000c3000000| PB 0x00000000c3000000| Untracked 
|  49|0x00000000c3100000, 0x00000000c3200000, 0x00000000c3200000|100%| O|  |TAMS 0x00000000c3100000| PB 0x00000000c3100000| Untracked 
|  50|0x00000000c3200000, 0x00000000c3300000, 0x00000000c3300000|100%| O|  |TAMS 0x00000000c3200000| PB 0x00000000c3200000| Untracked 
|  51|0x00000000c3300000, 0x00000000c3400000, 0x00000000c3400000|100%| O|  |TAMS 0x00000000c3300000| PB 0x00000000c3300000| Untracked 
|  52|0x00000000c3400000, 0x00000000c3500000, 0x00000000c3500000|100%| O|  |TAMS 0x00000000c3400000| PB 0x00000000c3400000| Untracked 
|  53|0x00000000c3500000, 0x00000000c3600000, 0x00000000c3600000|100%| O|  |TAMS 0x00000000c3500000| PB 0x00000000c3500000| Untracked 
|  54|0x00000000c3600000, 0x00000000c3700000, 0x00000000c3700000|100%| O|  |TAMS 0x00000000c3600000| PB 0x00000000c3600000| Untracked 
|  55|0x00000000c3700000, 0x00000000c3800000, 0x00000000c3800000|100%| O|  |TAMS 0x00000000c3700000| PB 0x00000000c3700000| Untracked 
|  56|0x00000000c3800000, 0x00000000c3900000, 0x00000000c3900000|100%| O|  |TAMS 0x00000000c3800000| PB 0x00000000c3800000| Untracked 
|  57|0x00000000c3900000, 0x00000000c3a00000, 0x00000000c3a00000|100%| O|  |TAMS 0x00000000c3900000| PB 0x00000000c3900000| Untracked 
|  58|0x00000000c3a00000, 0x00000000c3b00000, 0x00000000c3b00000|100%| O|  |TAMS 0x00000000c3a00000| PB 0x00000000c3a00000| Untracked 
|  59|0x00000000c3b00000, 0x00000000c3c00000, 0x00000000c3c00000|100%| O|  |TAMS 0x00000000c3b00000| PB 0x00000000c3b00000| Untracked 
|  60|0x00000000c3c00000, 0x00000000c3d00000, 0x00000000c3d00000|100%| O|  |TAMS 0x00000000c3c00000| PB 0x00000000c3c00000| Untracked 
|  61|0x00000000c3d00000, 0x00000000c3e00000, 0x00000000c3e00000|100%| O|  |TAMS 0x00000000c3d00000| PB 0x00000000c3d00000| Untracked 
|  62|0x00000000c3e00000, 0x00000000c3f00000, 0x00000000c3f00000|100%| O|  |TAMS 0x00000000c3e00000| PB 0x00000000c3e00000| Untracked 
|  63|0x00000000c3f00000, 0x00000000c4000000, 0x00000000c4000000|100%| O|  |TAMS 0x00000000c3f00000| PB 0x00000000c3f00000| Untracked 
|  64|0x00000000c4000000, 0x00000000c4100000, 0x00000000c4100000|100%| O|  |TAMS 0x00000000c4000000| PB 0x00000000c4000000| Untracked 
|  65|0x00000000c4100000, 0x00000000c4200000, 0x00000000c4200000|100%| O|  |TAMS 0x00000000c4100000| PB 0x00000000c4100000| Untracked 
|  66|0x00000000c4200000, 0x00000000c4300000, 0x00000000c4300000|100%| O|  |TAMS 0x00000000c4200000| PB 0x00000000c4200000| Untracked 
|  67|0x00000000c4300000, 0x00000000c4400000, 0x00000000c4400000|100%| O|  |TAMS 0x00000000c4300000| PB 0x00000000c4300000| Untracked 
|  68|0x00000000c4400000, 0x00000000c4500000, 0x00000000c4500000|100%| O|  |TAMS 0x00000000c4400000| PB 0x00000000c4400000| Untracked 
|  69|0x00000000c4500000, 0x00000000c4600000, 0x00000000c4600000|100%| O|  |TAMS 0x00000000c4500000| PB 0x00000000c4500000| Untracked 
|  70|0x00000000c4600000, 0x00000000c4700000, 0x00000000c4700000|100%| O|  |TAMS 0x00000000c4600000| PB 0x00000000c4600000| Untracked 
|  71|0x00000000c4700000, 0x00000000c4800000, 0x00000000c4800000|100%| O|  |TAMS 0x00000000c4700000| PB 0x00000000c4700000| Untracked 
|  72|0x00000000c4800000, 0x00000000c4900000, 0x00000000c4900000|100%| O|  |TAMS 0x00000000c4800000| PB 0x00000000c4800000| Untracked 
|  73|0x00000000c4900000, 0x00000000c4a00000, 0x00000000c4a00000|100%|HS|  |TAMS 0x00000000c4900000| PB 0x00000000c4900000| Complete 
|  74|0x00000000c4a00000, 0x00000000c4b00000, 0x00000000c4b00000|100%| O|  |TAMS 0x00000000c4a00000| PB 0x00000000c4a00000| Untracked 
|  75|0x00000000c4b00000, 0x00000000c4c00000, 0x00000000c4c00000|100%| O|  |TAMS 0x00000000c4b00000| PB 0x00000000c4b00000| Untracked 
|  76|0x00000000c4c00000, 0x00000000c4d00000, 0x00000000c4d00000|100%| O|  |TAMS 0x00000000c4c00000| PB 0x00000000c4c00000| Untracked 
|  77|0x00000000c4d00000, 0x00000000c4e00000, 0x00000000c4e00000|100%|HS|  |TAMS 0x00000000c4d00000| PB 0x00000000c4d00000| Complete 
|  78|0x00000000c4e00000, 0x00000000c4f00000, 0x00000000c4f00000|100%|HC|  |TAMS 0x00000000c4e00000| PB 0x00000000c4e00000| Complete 
|  79|0x00000000c4f00000, 0x00000000c5000000, 0x00000000c5000000|100%|HC|  |TAMS 0x00000000c4f00000| PB 0x00000000c4f00000| Complete 
|  80|0x00000000c5000000, 0x00000000c5100000, 0x00000000c5100000|100%| O|  |TAMS 0x00000000c5000000| PB 0x00000000c5000000| Untracked 
|  81|0x00000000c5100000, 0x00000000c5200000, 0x00000000c5200000|100%| O|  |TAMS 0x00000000c5100000| PB 0x00000000c5100000| Untracked 
|  82|0x00000000c5200000, 0x00000000c5300000, 0x00000000c5300000|100%| O|  |TAMS 0x00000000c5200000| PB 0x00000000c5200000| Untracked 
|  83|0x00000000c5300000, 0x00000000c5400000, 0x00000000c5400000|100%| O|  |TAMS 0x00000000c5300000| PB 0x00000000c5300000| Untracked 
|  84|0x00000000c5400000, 0x00000000c5500000, 0x00000000c5500000|100%| O|  |TAMS 0x00000000c5400000| PB 0x00000000c5400000| Untracked 
|  85|0x00000000c5500000, 0x00000000c5500000, 0x00000000c5600000|  0%| F|  |TAMS 0x00000000c5500000| PB 0x00000000c5500000| Untracked 
|  86|0x00000000c5600000, 0x00000000c5700000, 0x00000000c5700000|100%|HS|  |TAMS 0x00000000c5600000| PB 0x00000000c5600000| Complete 
|  87|0x00000000c5700000, 0x00000000c5800000, 0x00000000c5800000|100%|HC|  |TAMS 0x00000000c5700000| PB 0x00000000c5700000| Complete 
|  88|0x00000000c5800000, 0x00000000c5900000, 0x00000000c5900000|100%|HS|  |TAMS 0x00000000c5800000| PB 0x00000000c5800000| Complete 
|  89|0x00000000c5900000, 0x00000000c5a00000, 0x00000000c5a00000|100%|HC|  |TAMS 0x00000000c5900000| PB 0x00000000c5900000| Complete 
|  90|0x00000000c5a00000, 0x00000000c5a00000, 0x00000000c5b00000|  0%| F|  |TAMS 0x00000000c5a00000| PB 0x00000000c5a00000| Untracked 
|  91|0x00000000c5b00000, 0x00000000c5c00000, 0x00000000c5c00000|100%| O|  |TAMS 0x00000000c5b00000| PB 0x00000000c5b00000| Untracked 
|  92|0x00000000c5c00000, 0x00000000c5d00000, 0x00000000c5d00000|100%| O|  |TAMS 0x00000000c5c00000| PB 0x00000000c5c00000| Untracked 
|  93|0x00000000c5d00000, 0x00000000c5e00000, 0x00000000c5e00000|100%| O|  |TAMS 0x00000000c5d00000| PB 0x00000000c5d00000| Untracked 
|  94|0x00000000c5e00000, 0x00000000c5f00000, 0x00000000c5f00000|100%| O|  |TAMS 0x00000000c5e00000| PB 0x00000000c5e00000| Untracked 
|  95|0x00000000c5f00000, 0x00000000c6000000, 0x00000000c6000000|100%|HS|  |TAMS 0x00000000c5f00000| PB 0x00000000c5f00000| Complete 
|  96|0x00000000c6000000, 0x00000000c6100000, 0x00000000c6100000|100%| O|  |TAMS 0x00000000c6000000| PB 0x00000000c6000000| Untracked 
|  97|0x00000000c6100000, 0x00000000c6200000, 0x00000000c6200000|100%| O|  |TAMS 0x00000000c6100000| PB 0x00000000c6100000| Untracked 
|  98|0x00000000c6200000, 0x00000000c6300000, 0x00000000c6300000|100%| O|  |TAMS 0x00000000c6200000| PB 0x00000000c6200000| Untracked 
|  99|0x00000000c6300000, 0x00000000c6400000, 0x00000000c6400000|100%| O|  |TAMS 0x00000000c6300000| PB 0x00000000c6300000| Untracked 
| 100|0x00000000c6400000, 0x00000000c6500000, 0x00000000c6500000|100%| O|  |TAMS 0x00000000c6400000| PB 0x00000000c6400000| Untracked 
| 101|0x00000000c6500000, 0x00000000c6600000, 0x00000000c6600000|100%| O|  |TAMS 0x00000000c6500000| PB 0x00000000c6500000| Untracked 
| 102|0x00000000c6600000, 0x00000000c6700000, 0x00000000c6700000|100%| O|  |TAMS 0x00000000c6600000| PB 0x00000000c6600000| Untracked 
| 103|0x00000000c6700000, 0x00000000c6800000, 0x00000000c6800000|100%| O|  |TAMS 0x00000000c6700000| PB 0x00000000c6700000| Untracked 
| 104|0x00000000c6800000, 0x00000000c6900000, 0x00000000c6900000|100%| O|  |TAMS 0x00000000c6800000| PB 0x00000000c6800000| Untracked 
| 105|0x00000000c6900000, 0x00000000c6a00000, 0x00000000c6a00000|100%| O|  |TAMS 0x00000000c6900000| PB 0x00000000c6900000| Untracked 
| 106|0x00000000c6a00000, 0x00000000c6b00000, 0x00000000c6b00000|100%| O|  |TAMS 0x00000000c6a00000| PB 0x00000000c6a00000| Untracked 
| 107|0x00000000c6b00000, 0x00000000c6c00000, 0x00000000c6c00000|100%| O|  |TAMS 0x00000000c6b00000| PB 0x00000000c6b00000| Untracked 
| 108|0x00000000c6c00000, 0x00000000c6d00000, 0x00000000c6d00000|100%| O|  |TAMS 0x00000000c6c00000| PB 0x00000000c6c00000| Untracked 
| 109|0x00000000c6d00000, 0x00000000c6e00000, 0x00000000c6e00000|100%| O|  |TAMS 0x00000000c6d00000| PB 0x00000000c6d00000| Untracked 
| 110|0x00000000c6e00000, 0x00000000c6f00000, 0x00000000c6f00000|100%| O|  |TAMS 0x00000000c6e00000| PB 0x00000000c6e00000| Untracked 
| 111|0x00000000c6f00000, 0x00000000c7000000, 0x00000000c7000000|100%| O|  |TAMS 0x00000000c6f00000| PB 0x00000000c6f00000| Untracked 
| 112|0x00000000c7000000, 0x00000000c7000000, 0x00000000c7100000|  0%| F|  |TAMS 0x00000000c7000000| PB 0x00000000c7000000| Untracked 
| 113|0x00000000c7100000, 0x00000000c7200000, 0x00000000c7200000|100%| O|  |TAMS 0x00000000c7100000| PB 0x00000000c7100000| Untracked 
| 114|0x00000000c7200000, 0x00000000c7300000, 0x00000000c7300000|100%| O|  |TAMS 0x00000000c7200000| PB 0x00000000c7200000| Untracked 
| 115|0x00000000c7300000, 0x00000000c7400000, 0x00000000c7400000|100%| O|  |TAMS 0x00000000c7300000| PB 0x00000000c7300000| Untracked 
| 116|0x00000000c7400000, 0x00000000c7500000, 0x00000000c7500000|100%| O|  |TAMS 0x00000000c7400000| PB 0x00000000c7400000| Untracked 
| 117|0x00000000c7500000, 0x00000000c7600000, 0x00000000c7600000|100%| O|  |TAMS 0x00000000c7500000| PB 0x00000000c7500000| Untracked 
| 118|0x00000000c7600000, 0x00000000c7700000, 0x00000000c7700000|100%| O|  |TAMS 0x00000000c7600000| PB 0x00000000c7600000| Untracked 
| 119|0x00000000c7700000, 0x00000000c7800000, 0x00000000c7800000|100%| O|  |TAMS 0x00000000c7700000| PB 0x00000000c7700000| Untracked 
| 120|0x00000000c7800000, 0x00000000c7900000, 0x00000000c7900000|100%| O|  |TAMS 0x00000000c7800000| PB 0x00000000c7800000| Untracked 
| 121|0x00000000c7900000, 0x00000000c7a00000, 0x00000000c7a00000|100%| O|  |TAMS 0x00000000c7900000| PB 0x00000000c7900000| Untracked 
| 122|0x00000000c7a00000, 0x00000000c7a00000, 0x00000000c7b00000|  0%| F|  |TAMS 0x00000000c7a00000| PB 0x00000000c7a00000| Untracked 
| 123|0x00000000c7b00000, 0x00000000c7c00000, 0x00000000c7c00000|100%| O|  |TAMS 0x00000000c7b00000| PB 0x00000000c7b00000| Untracked 
| 124|0x00000000c7c00000, 0x00000000c7d00000, 0x00000000c7d00000|100%| O|  |TAMS 0x00000000c7c00000| PB 0x00000000c7c00000| Untracked 
| 125|0x00000000c7d00000, 0x00000000c7e00000, 0x00000000c7e00000|100%| O|  |TAMS 0x00000000c7d00000| PB 0x00000000c7d00000| Untracked 
| 126|0x00000000c7e00000, 0x00000000c7f00000, 0x00000000c7f00000|100%| O|  |TAMS 0x00000000c7e00000| PB 0x00000000c7e00000| Untracked 
| 127|0x00000000c7f00000, 0x00000000c8000000, 0x00000000c8000000|100%| O|  |TAMS 0x00000000c7f00000| PB 0x00000000c7f00000| Untracked 
| 128|0x00000000c8000000, 0x00000000c8100000, 0x00000000c8100000|100%| O|  |TAMS 0x00000000c8000000| PB 0x00000000c8000000| Untracked 
| 129|0x00000000c8100000, 0x00000000c8200000, 0x00000000c8200000|100%| O|  |TAMS 0x00000000c8100000| PB 0x00000000c8100000| Untracked 
| 130|0x00000000c8200000, 0x00000000c8300000, 0x00000000c8300000|100%| O|  |TAMS 0x00000000c8200000| PB 0x00000000c8200000| Untracked 
| 131|0x00000000c8300000, 0x00000000c8400000, 0x00000000c8400000|100%| O|  |TAMS 0x00000000c8300000| PB 0x00000000c8300000| Untracked 
| 132|0x00000000c8400000, 0x00000000c8500000, 0x00000000c8500000|100%| O|  |TAMS 0x00000000c8400000| PB 0x00000000c8400000| Untracked 
| 133|0x00000000c8500000, 0x00000000c8600000, 0x00000000c8600000|100%| O|  |TAMS 0x00000000c8500000| PB 0x00000000c8500000| Untracked 
| 134|0x00000000c8600000, 0x00000000c8700000, 0x00000000c8700000|100%| O|  |TAMS 0x00000000c8600000| PB 0x00000000c8600000| Untracked 
| 135|0x00000000c8700000, 0x00000000c8800000, 0x00000000c8800000|100%| O|  |TAMS 0x00000000c8700000| PB 0x00000000c8700000| Untracked 
| 136|0x00000000c8800000, 0x00000000c8900000, 0x00000000c8900000|100%| O|  |TAMS 0x00000000c8800000| PB 0x00000000c8800000| Untracked 
| 137|0x00000000c8900000, 0x00000000c8a00000, 0x00000000c8a00000|100%| O|  |TAMS 0x00000000c8900000| PB 0x00000000c8900000| Untracked 
| 138|0x00000000c8a00000, 0x00000000c8b00000, 0x00000000c8b00000|100%| O|  |TAMS 0x00000000c8a00000| PB 0x00000000c8a00000| Untracked 
| 139|0x00000000c8b00000, 0x00000000c8c00000, 0x00000000c8c00000|100%| O|  |TAMS 0x00000000c8b00000| PB 0x00000000c8b00000| Untracked 
| 140|0x00000000c8c00000, 0x00000000c8d00000, 0x00000000c8d00000|100%| O|  |TAMS 0x00000000c8c00000| PB 0x00000000c8c00000| Untracked 
| 141|0x00000000c8d00000, 0x00000000c8e00000, 0x00000000c8e00000|100%|HS|  |TAMS 0x00000000c8d00000| PB 0x00000000c8d00000| Complete 
| 142|0x00000000c8e00000, 0x00000000c8f00000, 0x00000000c8f00000|100%| O|  |TAMS 0x00000000c8e00000| PB 0x00000000c8e00000| Untracked 
| 143|0x00000000c8f00000, 0x00000000c8f00000, 0x00000000c9000000|  0%| F|  |TAMS 0x00000000c8f00000| PB 0x00000000c8f00000| Untracked 
| 144|0x00000000c9000000, 0x00000000c9100000, 0x00000000c9100000|100%| O|  |TAMS 0x00000000c9000000| PB 0x00000000c9000000| Untracked 
| 145|0x00000000c9100000, 0x00000000c9200000, 0x00000000c9200000|100%| O|  |TAMS 0x00000000c9100000| PB 0x00000000c9100000| Untracked 
| 146|0x00000000c9200000, 0x00000000c9300000, 0x00000000c9300000|100%| O|  |TAMS 0x00000000c9200000| PB 0x00000000c9200000| Untracked 
| 147|0x00000000c9300000, 0x00000000c9400000, 0x00000000c9400000|100%| O|  |TAMS 0x00000000c9300000| PB 0x00000000c9300000| Untracked 
| 148|0x00000000c9400000, 0x00000000c9400000, 0x00000000c9500000|  0%| F|  |TAMS 0x00000000c9400000| PB 0x00000000c9400000| Untracked 
| 149|0x00000000c9500000, 0x00000000c9500000, 0x00000000c9600000|  0%| F|  |TAMS 0x00000000c9500000| PB 0x00000000c9500000| Untracked 
| 150|0x00000000c9600000, 0x00000000c9700000, 0x00000000c9700000|100%| O|  |TAMS 0x00000000c9600000| PB 0x00000000c9600000| Untracked 
| 151|0x00000000c9700000, 0x00000000c9800000, 0x00000000c9800000|100%| O|  |TAMS 0x00000000c9700000| PB 0x00000000c9700000| Untracked 
| 152|0x00000000c9800000, 0x00000000c9900000, 0x00000000c9900000|100%|HS|  |TAMS 0x00000000c9800000| PB 0x00000000c9800000| Complete 
| 153|0x00000000c9900000, 0x00000000c9a00000, 0x00000000c9a00000|100%| O|  |TAMS 0x00000000c9900000| PB 0x00000000c9900000| Untracked 
| 154|0x00000000c9a00000, 0x00000000c9b00000, 0x00000000c9b00000|100%| O|  |TAMS 0x00000000c9a00000| PB 0x00000000c9a00000| Untracked 
| 155|0x00000000c9b00000, 0x00000000c9c00000, 0x00000000c9c00000|100%| O|  |TAMS 0x00000000c9b00000| PB 0x00000000c9b00000| Untracked 
| 156|0x00000000c9c00000, 0x00000000c9d00000, 0x00000000c9d00000|100%| O|  |TAMS 0x00000000c9c00000| PB 0x00000000c9c00000| Untracked 
| 157|0x00000000c9d00000, 0x00000000c9e00000, 0x00000000c9e00000|100%| O|  |TAMS 0x00000000c9d00000| PB 0x00000000c9d00000| Untracked 
| 158|0x00000000c9e00000, 0x00000000c9f00000, 0x00000000c9f00000|100%| O|  |TAMS 0x00000000c9e00000| PB 0x00000000c9e00000| Untracked 
| 159|0x00000000c9f00000, 0x00000000ca000000, 0x00000000ca000000|100%| O|  |TAMS 0x00000000c9f00000| PB 0x00000000c9f00000| Untracked 
| 160|0x00000000ca000000, 0x00000000ca100000, 0x00000000ca100000|100%| O|  |TAMS 0x00000000ca000000| PB 0x00000000ca000000| Untracked 
| 161|0x00000000ca100000, 0x00000000ca200000, 0x00000000ca200000|100%| O|  |TAMS 0x00000000ca100000| PB 0x00000000ca100000| Untracked 
| 162|0x00000000ca200000, 0x00000000ca300000, 0x00000000ca300000|100%|HS|  |TAMS 0x00000000ca200000| PB 0x00000000ca200000| Complete 
| 163|0x00000000ca300000, 0x00000000ca400000, 0x00000000ca400000|100%|HC|  |TAMS 0x00000000ca300000| PB 0x00000000ca300000| Complete 
| 164|0x00000000ca400000, 0x00000000ca500000, 0x00000000ca500000|100%|HC|  |TAMS 0x00000000ca400000| PB 0x00000000ca400000| Complete 
| 165|0x00000000ca500000, 0x00000000ca600000, 0x00000000ca600000|100%|HC|  |TAMS 0x00000000ca500000| PB 0x00000000ca500000| Complete 
| 166|0x00000000ca600000, 0x00000000ca700000, 0x00000000ca700000|100%|HC|  |TAMS 0x00000000ca600000| PB 0x00000000ca600000| Complete 
| 167|0x00000000ca700000, 0x00000000ca800000, 0x00000000ca800000|100%|HC|  |TAMS 0x00000000ca700000| PB 0x00000000ca700000| Complete 
| 168|0x00000000ca800000, 0x00000000ca900000, 0x00000000ca900000|100%|HC|  |TAMS 0x00000000ca800000| PB 0x00000000ca800000| Complete 
| 169|0x00000000ca900000, 0x00000000caa00000, 0x00000000caa00000|100%|HC|  |TAMS 0x00000000ca900000| PB 0x00000000ca900000| Complete 
| 170|0x00000000caa00000, 0x00000000cab00000, 0x00000000cab00000|100%|HC|  |TAMS 0x00000000caa00000| PB 0x00000000caa00000| Complete 
| 171|0x00000000cab00000, 0x00000000cac00000, 0x00000000cac00000|100%| O|  |TAMS 0x00000000cab00000| PB 0x00000000cab00000| Untracked 
| 172|0x00000000cac00000, 0x00000000cad00000, 0x00000000cad00000|100%| O|  |TAMS 0x00000000cac00000| PB 0x00000000cac00000| Untracked 
| 173|0x00000000cad00000, 0x00000000cae00000, 0x00000000cae00000|100%| O|  |TAMS 0x00000000cad00000| PB 0x00000000cad00000| Untracked 
| 174|0x00000000cae00000, 0x00000000caf00000, 0x00000000caf00000|100%| O|  |TAMS 0x00000000cae00000| PB 0x00000000cae00000| Untracked 
| 175|0x00000000caf00000, 0x00000000cb000000, 0x00000000cb000000|100%| O|  |TAMS 0x00000000caf00000| PB 0x00000000caf00000| Untracked 
| 176|0x00000000cb000000, 0x00000000cb100000, 0x00000000cb100000|100%| O|  |TAMS 0x00000000cb000000| PB 0x00000000cb000000| Untracked 
| 177|0x00000000cb100000, 0x00000000cb200000, 0x00000000cb200000|100%| O|  |TAMS 0x00000000cb100000| PB 0x00000000cb100000| Untracked 
| 178|0x00000000cb200000, 0x00000000cb200000, 0x00000000cb300000|  0%| F|  |TAMS 0x00000000cb200000| PB 0x00000000cb200000| Untracked 
| 179|0x00000000cb300000, 0x00000000cb400000, 0x00000000cb400000|100%| O|  |TAMS 0x00000000cb300000| PB 0x00000000cb300000| Untracked 
| 180|0x00000000cb400000, 0x00000000cb500000, 0x00000000cb500000|100%| O|  |TAMS 0x00000000cb400000| PB 0x00000000cb400000| Untracked 
| 181|0x00000000cb500000, 0x00000000cb600000, 0x00000000cb600000|100%| O|  |TAMS 0x00000000cb500000| PB 0x00000000cb500000| Untracked 
| 182|0x00000000cb600000, 0x00000000cb700000, 0x00000000cb700000|100%| O|  |TAMS 0x00000000cb600000| PB 0x00000000cb600000| Untracked 
| 183|0x00000000cb700000, 0x00000000cb800000, 0x00000000cb800000|100%| O|  |TAMS 0x00000000cb700000| PB 0x00000000cb700000| Untracked 
| 184|0x00000000cb800000, 0x00000000cb900000, 0x00000000cb900000|100%| O|  |TAMS 0x00000000cb800000| PB 0x00000000cb800000| Untracked 
| 185|0x00000000cb900000, 0x00000000cba00000, 0x00000000cba00000|100%| O|  |TAMS 0x00000000cb900000| PB 0x00000000cb900000| Untracked 
| 186|0x00000000cba00000, 0x00000000cbb00000, 0x00000000cbb00000|100%| O|  |TAMS 0x00000000cba00000| PB 0x00000000cba00000| Untracked 
| 187|0x00000000cbb00000, 0x00000000cbc00000, 0x00000000cbc00000|100%| O|  |TAMS 0x00000000cbb00000| PB 0x00000000cbb00000| Untracked 
| 188|0x00000000cbc00000, 0x00000000cbd00000, 0x00000000cbd00000|100%| O|  |TAMS 0x00000000cbc00000| PB 0x00000000cbc00000| Untracked 
| 189|0x00000000cbd00000, 0x00000000cbe00000, 0x00000000cbe00000|100%| O|  |TAMS 0x00000000cbd00000| PB 0x00000000cbd00000| Untracked 
| 190|0x00000000cbe00000, 0x00000000cbf00000, 0x00000000cbf00000|100%| O|  |TAMS 0x00000000cbe00000| PB 0x00000000cbe00000| Untracked 
| 191|0x00000000cbf00000, 0x00000000cc000000, 0x00000000cc000000|100%| O|  |TAMS 0x00000000cbf00000| PB 0x00000000cbf00000| Untracked 
| 192|0x00000000cc000000, 0x00000000cc100000, 0x00000000cc100000|100%| O|  |TAMS 0x00000000cc000000| PB 0x00000000cc000000| Untracked 
| 193|0x00000000cc100000, 0x00000000cc200000, 0x00000000cc200000|100%| O|  |TAMS 0x00000000cc100000| PB 0x00000000cc100000| Untracked 
| 194|0x00000000cc200000, 0x00000000cc300000, 0x00000000cc300000|100%| O|  |TAMS 0x00000000cc200000| PB 0x00000000cc200000| Untracked 
| 195|0x00000000cc300000, 0x00000000cc400000, 0x00000000cc400000|100%| O|  |TAMS 0x00000000cc300000| PB 0x00000000cc300000| Untracked 
| 196|0x00000000cc400000, 0x00000000cc500000, 0x00000000cc500000|100%| O|  |TAMS 0x00000000cc400000| PB 0x00000000cc400000| Untracked 
| 197|0x00000000cc500000, 0x00000000cc500000, 0x00000000cc600000|  0%| F|  |TAMS 0x00000000cc500000| PB 0x00000000cc500000| Untracked 
| 198|0x00000000cc600000, 0x00000000cc600000, 0x00000000cc700000|  0%| F|  |TAMS 0x00000000cc600000| PB 0x00000000cc600000| Untracked 
| 199|0x00000000cc700000, 0x00000000cc800000, 0x00000000cc800000|100%|HS|  |TAMS 0x00000000cc700000| PB 0x00000000cc700000| Complete 
| 200|0x00000000cc800000, 0x00000000cc900000, 0x00000000cc900000|100%|HS|  |TAMS 0x00000000cc800000| PB 0x00000000cc800000| Complete 
| 201|0x00000000cc900000, 0x00000000cc900000, 0x00000000cca00000|  0%| F|  |TAMS 0x00000000cc900000| PB 0x00000000cc900000| Untracked 
| 202|0x00000000cca00000, 0x00000000ccb00000, 0x00000000ccb00000|100%| O|  |TAMS 0x00000000cca00000| PB 0x00000000cca00000| Untracked 
| 203|0x00000000ccb00000, 0x00000000ccc00000, 0x00000000ccc00000|100%| O|  |TAMS 0x00000000ccb00000| PB 0x00000000ccb00000| Untracked 
| 204|0x00000000ccc00000, 0x00000000ccd00000, 0x00000000ccd00000|100%| O|  |TAMS 0x00000000ccc00000| PB 0x00000000ccc00000| Untracked 
| 205|0x00000000ccd00000, 0x00000000cce00000, 0x00000000cce00000|100%| O|  |TAMS 0x00000000ccd00000| PB 0x00000000ccd00000| Untracked 
| 206|0x00000000cce00000, 0x00000000ccf00000, 0x00000000ccf00000|100%| O|  |TAMS 0x00000000cce00000| PB 0x00000000cce00000| Untracked 
| 207|0x00000000ccf00000, 0x00000000cd000000, 0x00000000cd000000|100%| O|  |TAMS 0x00000000ccf00000| PB 0x00000000ccf00000| Untracked 
| 208|0x00000000cd000000, 0x00000000cd100000, 0x00000000cd100000|100%| O|  |TAMS 0x00000000cd000000| PB 0x00000000cd000000| Untracked 
| 209|0x00000000cd100000, 0x00000000cd200000, 0x00000000cd200000|100%|HS|  |TAMS 0x00000000cd100000| PB 0x00000000cd100000| Complete 
| 210|0x00000000cd200000, 0x00000000cd300000, 0x00000000cd300000|100%| O|  |TAMS 0x00000000cd200000| PB 0x00000000cd200000| Untracked 
| 211|0x00000000cd300000, 0x00000000cd400000, 0x00000000cd400000|100%| O|  |TAMS 0x00000000cd300000| PB 0x00000000cd300000| Untracked 
| 212|0x00000000cd400000, 0x00000000cd500000, 0x00000000cd500000|100%| O|  |TAMS 0x00000000cd400000| PB 0x00000000cd400000| Untracked 
| 213|0x00000000cd500000, 0x00000000cd600000, 0x00000000cd600000|100%| O|  |TAMS 0x00000000cd500000| PB 0x00000000cd500000| Untracked 
| 214|0x00000000cd600000, 0x00000000cd700000, 0x00000000cd700000|100%| O|  |TAMS 0x00000000cd600000| PB 0x00000000cd600000| Untracked 
| 215|0x00000000cd700000, 0x00000000cd800000, 0x00000000cd800000|100%|HS|  |TAMS 0x00000000cd700000| PB 0x00000000cd700000| Complete 
| 216|0x00000000cd800000, 0x00000000cd900000, 0x00000000cd900000|100%| O|  |TAMS 0x00000000cd800000| PB 0x00000000cd800000| Untracked 
| 217|0x00000000cd900000, 0x00000000cda00000, 0x00000000cda00000|100%| O|  |TAMS 0x00000000cd900000| PB 0x00000000cd900000| Untracked 
| 218|0x00000000cda00000, 0x00000000cdb00000, 0x00000000cdb00000|100%| O|  |TAMS 0x00000000cda00000| PB 0x00000000cda00000| Untracked 
| 219|0x00000000cdb00000, 0x00000000cdc00000, 0x00000000cdc00000|100%| O|  |TAMS 0x00000000cdb00000| PB 0x00000000cdb00000| Untracked 
| 220|0x00000000cdc00000, 0x00000000cdd00000, 0x00000000cdd00000|100%| O|  |TAMS 0x00000000cdc00000| PB 0x00000000cdc00000| Untracked 
| 221|0x00000000cdd00000, 0x00000000cde00000, 0x00000000cde00000|100%| O|  |TAMS 0x00000000cdd00000| PB 0x00000000cdd00000| Untracked 
| 222|0x00000000cde00000, 0x00000000cdf00000, 0x00000000cdf00000|100%| O|  |TAMS 0x00000000cde00000| PB 0x00000000cde00000| Untracked 
| 223|0x00000000cdf00000, 0x00000000ce000000, 0x00000000ce000000|100%| O|  |TAMS 0x00000000cdf00000| PB 0x00000000cdf00000| Untracked 
| 224|0x00000000ce000000, 0x00000000ce100000, 0x00000000ce100000|100%| O|  |TAMS 0x00000000ce000000| PB 0x00000000ce000000| Untracked 
| 225|0x00000000ce100000, 0x00000000ce200000, 0x00000000ce200000|100%| O|  |TAMS 0x00000000ce100000| PB 0x00000000ce100000| Untracked 
| 226|0x00000000ce200000, 0x00000000ce300000, 0x00000000ce300000|100%| O|  |TAMS 0x00000000ce200000| PB 0x00000000ce200000| Untracked 
| 227|0x00000000ce300000, 0x00000000ce400000, 0x00000000ce400000|100%| O|  |TAMS 0x00000000ce300000| PB 0x00000000ce300000| Untracked 
| 228|0x00000000ce400000, 0x00000000ce500000, 0x00000000ce500000|100%| O|  |TAMS 0x00000000ce400000| PB 0x00000000ce400000| Untracked 
| 229|0x00000000ce500000, 0x00000000ce600000, 0x00000000ce600000|100%|HS|  |TAMS 0x00000000ce500000| PB 0x00000000ce500000| Complete 
| 230|0x00000000ce600000, 0x00000000ce700000, 0x00000000ce700000|100%|HC|  |TAMS 0x00000000ce600000| PB 0x00000000ce600000| Complete 
| 231|0x00000000ce700000, 0x00000000ce800000, 0x00000000ce800000|100%| O|  |TAMS 0x00000000ce700000| PB 0x00000000ce700000| Untracked 
| 232|0x00000000ce800000, 0x00000000ce900000, 0x00000000ce900000|100%| O|  |TAMS 0x00000000ce800000| PB 0x00000000ce800000| Untracked 
| 233|0x00000000ce900000, 0x00000000cea00000, 0x00000000cea00000|100%| O|  |TAMS 0x00000000ce900000| PB 0x00000000ce900000| Untracked 
| 234|0x00000000cea00000, 0x00000000ceb00000, 0x00000000ceb00000|100%| O|  |TAMS 0x00000000cea00000| PB 0x00000000cea00000| Untracked 
| 235|0x00000000ceb00000, 0x00000000cec00000, 0x00000000cec00000|100%| O|  |TAMS 0x00000000ceb00000| PB 0x00000000ceb00000| Untracked 
| 236|0x00000000cec00000, 0x00000000ced00000, 0x00000000ced00000|100%| O|  |TAMS 0x00000000cec00000| PB 0x00000000cec00000| Untracked 
| 237|0x00000000ced00000, 0x00000000cee00000, 0x00000000cee00000|100%| O|  |TAMS 0x00000000ced00000| PB 0x00000000ced00000| Untracked 
| 238|0x00000000cee00000, 0x00000000cef00000, 0x00000000cef00000|100%| O|  |TAMS 0x00000000cee00000| PB 0x00000000cee00000| Untracked 
| 239|0x00000000cef00000, 0x00000000cf000000, 0x00000000cf000000|100%| O|  |TAMS 0x00000000cef00000| PB 0x00000000cef00000| Untracked 
| 240|0x00000000cf000000, 0x00000000cf100000, 0x00000000cf100000|100%| O|  |TAMS 0x00000000cf000000| PB 0x00000000cf000000| Untracked 
| 241|0x00000000cf100000, 0x00000000cf200000, 0x00000000cf200000|100%| O|  |TAMS 0x00000000cf100000| PB 0x00000000cf100000| Untracked 
| 242|0x00000000cf200000, 0x00000000cf300000, 0x00000000cf300000|100%| O|  |TAMS 0x00000000cf200000| PB 0x00000000cf200000| Untracked 
| 243|0x00000000cf300000, 0x00000000cf400000, 0x00000000cf400000|100%| O|  |TAMS 0x00000000cf300000| PB 0x00000000cf300000| Untracked 
| 244|0x00000000cf400000, 0x00000000cf500000, 0x00000000cf500000|100%| O|  |TAMS 0x00000000cf400000| PB 0x00000000cf400000| Untracked 
| 245|0x00000000cf500000, 0x00000000cf600000, 0x00000000cf600000|100%| O|  |TAMS 0x00000000cf500000| PB 0x00000000cf500000| Untracked 
| 246|0x00000000cf600000, 0x00000000cf700000, 0x00000000cf700000|100%| O|  |TAMS 0x00000000cf600000| PB 0x00000000cf600000| Untracked 
| 247|0x00000000cf700000, 0x00000000cf800000, 0x00000000cf800000|100%| O|  |TAMS 0x00000000cf700000| PB 0x00000000cf700000| Untracked 
| 248|0x00000000cf800000, 0x00000000cf900000, 0x00000000cf900000|100%| O|  |TAMS 0x00000000cf800000| PB 0x00000000cf800000| Untracked 
| 249|0x00000000cf900000, 0x00000000cfa00000, 0x00000000cfa00000|100%| O|  |TAMS 0x00000000cf900000| PB 0x00000000cf900000| Untracked 
| 250|0x00000000cfa00000, 0x00000000cfb00000, 0x00000000cfb00000|100%| O|  |TAMS 0x00000000cfa00000| PB 0x00000000cfa00000| Untracked 
| 251|0x00000000cfb00000, 0x00000000cfc00000, 0x00000000cfc00000|100%|HS|  |TAMS 0x00000000cfb00000| PB 0x00000000cfb00000| Complete 
| 252|0x00000000cfc00000, 0x00000000cfd00000, 0x00000000cfd00000|100%| O|  |TAMS 0x00000000cfc00000| PB 0x00000000cfc00000| Untracked 
| 253|0x00000000cfd00000, 0x00000000cfe00000, 0x00000000cfe00000|100%| O|  |TAMS 0x00000000cfd00000| PB 0x00000000cfd00000| Untracked 
| 254|0x00000000cfe00000, 0x00000000cff00000, 0x00000000cff00000|100%| O|  |TAMS 0x00000000cfe00000| PB 0x00000000cfe00000| Untracked 
| 255|0x00000000cff00000, 0x00000000cff00000, 0x00000000d0000000|  0%| F|  |TAMS 0x00000000cff00000| PB 0x00000000cff00000| Untracked 
| 256|0x00000000d0000000, 0x00000000d0100000, 0x00000000d0100000|100%| O|  |TAMS 0x00000000d0000000| PB 0x00000000d0000000| Untracked 
| 257|0x00000000d0100000, 0x00000000d0200000, 0x00000000d0200000|100%| O|  |TAMS 0x00000000d0100000| PB 0x00000000d0100000| Untracked 
| 258|0x00000000d0200000, 0x00000000d0300000, 0x00000000d0300000|100%| O|  |TAMS 0x00000000d0200000| PB 0x00000000d0200000| Untracked 
| 259|0x00000000d0300000, 0x00000000d0300000, 0x00000000d0400000|  0%| F|  |TAMS 0x00000000d0300000| PB 0x00000000d0300000| Untracked 
| 260|0x00000000d0400000, 0x00000000d0500000, 0x00000000d0500000|100%| O|  |TAMS 0x00000000d0400000| PB 0x00000000d0400000| Untracked 
| 261|0x00000000d0500000, 0x00000000d0600000, 0x00000000d0600000|100%| O|  |TAMS 0x00000000d0500000| PB 0x00000000d0500000| Untracked 
| 262|0x00000000d0600000, 0x00000000d0600000, 0x00000000d0700000|  0%| F|  |TAMS 0x00000000d0600000| PB 0x00000000d0600000| Untracked 
| 263|0x00000000d0700000, 0x00000000d0800000, 0x00000000d0800000|100%| O|  |TAMS 0x00000000d0700000| PB 0x00000000d0700000| Untracked 
| 264|0x00000000d0800000, 0x00000000d0900000, 0x00000000d0900000|100%| O|  |TAMS 0x00000000d0800000| PB 0x00000000d0800000| Untracked 
| 265|0x00000000d0900000, 0x00000000d0a00000, 0x00000000d0a00000|100%| O|  |TAMS 0x00000000d0900000| PB 0x00000000d0900000| Untracked 
| 266|0x00000000d0a00000, 0x00000000d0b00000, 0x00000000d0b00000|100%| O|  |TAMS 0x00000000d0a00000| PB 0x00000000d0a00000| Untracked 
| 267|0x00000000d0b00000, 0x00000000d0c00000, 0x00000000d0c00000|100%| O|  |TAMS 0x00000000d0b00000| PB 0x00000000d0b00000| Untracked 
| 268|0x00000000d0c00000, 0x00000000d0d00000, 0x00000000d0d00000|100%| O|  |TAMS 0x00000000d0c00000| PB 0x00000000d0c00000| Untracked 
| 269|0x00000000d0d00000, 0x00000000d0e00000, 0x00000000d0e00000|100%| O|  |TAMS 0x00000000d0d00000| PB 0x00000000d0d00000| Untracked 
| 270|0x00000000d0e00000, 0x00000000d0f00000, 0x00000000d0f00000|100%| O|  |TAMS 0x00000000d0f00000| PB 0x00000000d0e00000| Untracked 
| 271|0x00000000d0f00000, 0x00000000d1000000, 0x00000000d1000000|100%| O|  |TAMS 0x00000000d1000000| PB 0x00000000d0f00000| Untracked 
| 272|0x00000000d1000000, 0x00000000d1100000, 0x00000000d1100000|100%| O|  |TAMS 0x00000000d1100000| PB 0x00000000d1000000| Untracked 
| 273|0x00000000d1100000, 0x00000000d1200000, 0x00000000d1200000|100%| O|  |TAMS 0x00000000d1200000| PB 0x00000000d1100000| Untracked 
| 274|0x00000000d1200000, 0x00000000d1300000, 0x00000000d1300000|100%| O|  |TAMS 0x00000000d1300000| PB 0x00000000d1200000| Untracked 
| 275|0x00000000d1300000, 0x00000000d1400000, 0x00000000d1400000|100%| O|  |TAMS 0x00000000d1400000| PB 0x00000000d1300000| Untracked 
| 276|0x00000000d1400000, 0x00000000d1500000, 0x00000000d1500000|100%| O|  |TAMS 0x00000000d1500000| PB 0x00000000d1400000| Untracked 
| 277|0x00000000d1500000, 0x00000000d1600000, 0x00000000d1600000|100%| O|  |TAMS 0x00000000d1600000| PB 0x00000000d1500000| Untracked 
| 278|0x00000000d1600000, 0x00000000d1700000, 0x00000000d1700000|100%| O|  |TAMS 0x00000000d1700000| PB 0x00000000d1600000| Untracked 
| 279|0x00000000d1700000, 0x00000000d1800000, 0x00000000d1800000|100%| O|  |TAMS 0x00000000d1800000| PB 0x00000000d1700000| Untracked 
| 280|0x00000000d1800000, 0x00000000d1900000, 0x00000000d1900000|100%| O|  |TAMS 0x00000000d1900000| PB 0x00000000d1800000| Untracked 
| 281|0x00000000d1900000, 0x00000000d1a00000, 0x00000000d1a00000|100%| O|  |TAMS 0x00000000d1a00000| PB 0x00000000d1900000| Untracked 
| 282|0x00000000d1a00000, 0x00000000d1b00000, 0x00000000d1b00000|100%| O|  |TAMS 0x00000000d1b00000| PB 0x00000000d1a00000| Untracked 
| 283|0x00000000d1b00000, 0x00000000d1c00000, 0x00000000d1c00000|100%| O|  |TAMS 0x00000000d1c00000| PB 0x00000000d1b00000| Untracked 
| 284|0x00000000d1c00000, 0x00000000d1d00000, 0x00000000d1d00000|100%| O|  |TAMS 0x00000000d1d00000| PB 0x00000000d1c00000| Untracked 
| 285|0x00000000d1d00000, 0x00000000d1e00000, 0x00000000d1e00000|100%| O|  |TAMS 0x00000000d1d00000| PB 0x00000000d1d00000| Untracked 
| 286|0x00000000d1e00000, 0x00000000d1f00000, 0x00000000d1f00000|100%| O|  |TAMS 0x00000000d1e00000| PB 0x00000000d1e00000| Untracked 
| 287|0x00000000d1f00000, 0x00000000d2000000, 0x00000000d2000000|100%| O|  |TAMS 0x00000000d2000000| PB 0x00000000d1f00000| Untracked 
| 288|0x00000000d2000000, 0x00000000d2100000, 0x00000000d2100000|100%| O|  |TAMS 0x00000000d2100000| PB 0x00000000d2000000| Untracked 
| 289|0x00000000d2100000, 0x00000000d2200000, 0x00000000d2200000|100%| O|  |TAMS 0x00000000d2200000| PB 0x00000000d2100000| Untracked 
| 290|0x00000000d2200000, 0x00000000d2300000, 0x00000000d2300000|100%| O|  |TAMS 0x00000000d2300000| PB 0x00000000d2200000| Untracked 
| 291|0x00000000d2300000, 0x00000000d2400000, 0x00000000d2400000|100%| O|  |TAMS 0x00000000d2400000| PB 0x00000000d2300000| Untracked 
| 292|0x00000000d2400000, 0x00000000d2500000, 0x00000000d2500000|100%| O|  |TAMS 0x00000000d2500000| PB 0x00000000d2400000| Untracked 
| 293|0x00000000d2500000, 0x00000000d2600000, 0x00000000d2600000|100%| O|  |TAMS 0x00000000d2600000| PB 0x00000000d2500000| Untracked 
| 294|0x00000000d2600000, 0x00000000d2700000, 0x00000000d2700000|100%| O|  |TAMS 0x00000000d2700000| PB 0x00000000d2600000| Untracked 
| 295|0x00000000d2700000, 0x00000000d2800000, 0x00000000d2800000|100%| O|  |TAMS 0x00000000d2800000| PB 0x00000000d2700000| Untracked 
| 296|0x00000000d2800000, 0x00000000d2900000, 0x00000000d2900000|100%| O|  |TAMS 0x00000000d2900000| PB 0x00000000d2800000| Untracked 
| 297|0x00000000d2900000, 0x00000000d2a00000, 0x00000000d2a00000|100%| O|  |TAMS 0x00000000d2900000| PB 0x00000000d2900000| Untracked 
| 298|0x00000000d2a00000, 0x00000000d2b00000, 0x00000000d2b00000|100%| O|  |TAMS 0x00000000d2a00000| PB 0x00000000d2a00000| Untracked 
| 299|0x00000000d2b00000, 0x00000000d2c00000, 0x00000000d2c00000|100%| O|  |TAMS 0x00000000d2c00000| PB 0x00000000d2b00000| Untracked 
| 300|0x00000000d2c00000, 0x00000000d2d00000, 0x00000000d2d00000|100%| O|  |TAMS 0x00000000d2d00000| PB 0x00000000d2c00000| Untracked 
| 301|0x00000000d2d00000, 0x00000000d2e00000, 0x00000000d2e00000|100%| O|  |TAMS 0x00000000d2e00000| PB 0x00000000d2d00000| Untracked 
| 302|0x00000000d2e00000, 0x00000000d2f00000, 0x00000000d2f00000|100%| O|  |TAMS 0x00000000d2f00000| PB 0x00000000d2e00000| Untracked 
| 303|0x00000000d2f00000, 0x00000000d3000000, 0x00000000d3000000|100%| O|  |TAMS 0x00000000d3000000| PB 0x00000000d2f00000| Untracked 
| 304|0x00000000d3000000, 0x00000000d3100000, 0x00000000d3100000|100%| O|  |TAMS 0x00000000d3100000| PB 0x00000000d3000000| Untracked 
| 305|0x00000000d3100000, 0x00000000d3200000, 0x00000000d3200000|100%| O|  |TAMS 0x00000000d3200000| PB 0x00000000d3100000| Untracked 
| 306|0x00000000d3200000, 0x00000000d3300000, 0x00000000d3300000|100%| O|  |TAMS 0x00000000d3300000| PB 0x00000000d3200000| Untracked 
| 307|0x00000000d3300000, 0x00000000d3400000, 0x00000000d3400000|100%| O|  |TAMS 0x00000000d3400000| PB 0x00000000d3300000| Untracked 
| 308|0x00000000d3400000, 0x00000000d3500000, 0x00000000d3500000|100%| O|  |TAMS 0x00000000d3500000| PB 0x00000000d3400000| Untracked 
| 309|0x00000000d3500000, 0x00000000d3600000, 0x00000000d3600000|100%|HS|  |TAMS 0x00000000d3600000| PB 0x00000000d3500000| Complete 
| 310|0x00000000d3600000, 0x00000000d3700000, 0x00000000d3700000|100%|HC|  |TAMS 0x00000000d3700000| PB 0x00000000d3600000| Complete 
| 311|0x00000000d3700000, 0x00000000d3800000, 0x00000000d3800000|100%| O|  |TAMS 0x00000000d3800000| PB 0x00000000d3700000| Untracked 
| 312|0x00000000d3800000, 0x00000000d3900000, 0x00000000d3900000|100%| O|  |TAMS 0x00000000d3900000| PB 0x00000000d3800000| Untracked 
| 313|0x00000000d3900000, 0x00000000d3a00000, 0x00000000d3a00000|100%| O|  |TAMS 0x00000000d3a00000| PB 0x00000000d3900000| Untracked 
| 314|0x00000000d3a00000, 0x00000000d3b00000, 0x00000000d3b00000|100%| O|  |TAMS 0x00000000d3b00000| PB 0x00000000d3a00000| Untracked 
| 315|0x00000000d3b00000, 0x00000000d3c00000, 0x00000000d3c00000|100%| O|  |TAMS 0x00000000d3c00000| PB 0x00000000d3b00000| Untracked 
| 316|0x00000000d3c00000, 0x00000000d3d00000, 0x00000000d3d00000|100%|HS|  |TAMS 0x00000000d3d00000| PB 0x00000000d3c00000| Complete 
| 317|0x00000000d3d00000, 0x00000000d3e00000, 0x00000000d3e00000|100%|HC|  |TAMS 0x00000000d3e00000| PB 0x00000000d3d00000| Complete 
| 318|0x00000000d3e00000, 0x00000000d3f00000, 0x00000000d3f00000|100%|HC|  |TAMS 0x00000000d3f00000| PB 0x00000000d3e00000| Complete 
| 319|0x00000000d3f00000, 0x00000000d4000000, 0x00000000d4000000|100%|HS|  |TAMS 0x00000000d4000000| PB 0x00000000d3f00000| Complete 
| 320|0x00000000d4000000, 0x00000000d4100000, 0x00000000d4100000|100%|HC|  |TAMS 0x00000000d4100000| PB 0x00000000d4000000| Complete 
| 321|0x00000000d4100000, 0x00000000d4200000, 0x00000000d4200000|100%|HC|  |TAMS 0x00000000d4200000| PB 0x00000000d4100000| Complete 
| 322|0x00000000d4200000, 0x00000000d4300000, 0x00000000d4300000|100%| O|  |TAMS 0x00000000d4300000| PB 0x00000000d4200000| Untracked 
| 323|0x00000000d4300000, 0x00000000d4400000, 0x00000000d4400000|100%| O|  |TAMS 0x00000000d4400000| PB 0x00000000d4300000| Untracked 
| 324|0x00000000d4400000, 0x00000000d4500000, 0x00000000d4500000|100%| O|  |TAMS 0x00000000d4500000| PB 0x00000000d4400000| Untracked 
| 325|0x00000000d4500000, 0x00000000d4600000, 0x00000000d4600000|100%| O|  |TAMS 0x00000000d4600000| PB 0x00000000d4500000| Untracked 
| 326|0x00000000d4600000, 0x00000000d4700000, 0x00000000d4700000|100%| O|  |TAMS 0x00000000d4700000| PB 0x00000000d4600000| Untracked 
| 327|0x00000000d4700000, 0x00000000d4800000, 0x00000000d4800000|100%| O|  |TAMS 0x00000000d4800000| PB 0x00000000d4700000| Untracked 
| 328|0x00000000d4800000, 0x00000000d4900000, 0x00000000d4900000|100%| O|  |TAMS 0x00000000d4900000| PB 0x00000000d4800000| Untracked 
| 329|0x00000000d4900000, 0x00000000d4a00000, 0x00000000d4a00000|100%| O|  |TAMS 0x00000000d4a00000| PB 0x00000000d4900000| Untracked 
| 330|0x00000000d4a00000, 0x00000000d4b00000, 0x00000000d4b00000|100%| O|  |TAMS 0x00000000d4b00000| PB 0x00000000d4a00000| Untracked 
| 331|0x00000000d4b00000, 0x00000000d4c00000, 0x00000000d4c00000|100%| O|  |TAMS 0x00000000d4c00000| PB 0x00000000d4b00000| Untracked 
| 332|0x00000000d4c00000, 0x00000000d4d00000, 0x00000000d4d00000|100%| O|  |TAMS 0x00000000d4d00000| PB 0x00000000d4c00000| Untracked 
| 333|0x00000000d4d00000, 0x00000000d4e00000, 0x00000000d4e00000|100%| O|  |TAMS 0x00000000d4e00000| PB 0x00000000d4d00000| Untracked 
| 334|0x00000000d4e00000, 0x00000000d4f00000, 0x00000000d4f00000|100%| O|  |TAMS 0x00000000d4f00000| PB 0x00000000d4e00000| Untracked 
| 335|0x00000000d4f00000, 0x00000000d5000000, 0x00000000d5000000|100%| O|  |TAMS 0x00000000d4f00000| PB 0x00000000d4f00000| Untracked 
| 336|0x00000000d5000000, 0x00000000d5100000, 0x00000000d5100000|100%| O|  |TAMS 0x00000000d5000000| PB 0x00000000d5000000| Untracked 
| 337|0x00000000d5100000, 0x00000000d5200000, 0x00000000d5200000|100%| O|  |TAMS 0x00000000d5100000| PB 0x00000000d5100000| Untracked 
| 338|0x00000000d5200000, 0x00000000d5300000, 0x00000000d5300000|100%| O|  |TAMS 0x00000000d5300000| PB 0x00000000d5200000| Untracked 
| 339|0x00000000d5300000, 0x00000000d5400000, 0x00000000d5400000|100%| O|  |TAMS 0x00000000d5400000| PB 0x00000000d5300000| Untracked 
| 340|0x00000000d5400000, 0x00000000d5500000, 0x00000000d5500000|100%| O|  |TAMS 0x00000000d5400000| PB 0x00000000d5400000| Untracked 
| 341|0x00000000d5500000, 0x00000000d5600000, 0x00000000d5600000|100%| O|  |TAMS 0x00000000d5500000| PB 0x00000000d5500000| Untracked 
| 342|0x00000000d5600000, 0x00000000d5700000, 0x00000000d5700000|100%| O|  |TAMS 0x00000000d5600000| PB 0x00000000d5600000| Untracked 
| 343|0x00000000d5700000, 0x00000000d5800000, 0x00000000d5800000|100%| O|  |TAMS 0x00000000d5700000| PB 0x00000000d5700000| Untracked 
| 344|0x00000000d5800000, 0x00000000d5900000, 0x00000000d5900000|100%| O|  |TAMS 0x00000000d5900000| PB 0x00000000d5800000| Untracked 
| 345|0x00000000d5900000, 0x00000000d5a00000, 0x00000000d5a00000|100%|HS|  |TAMS 0x00000000d5a00000| PB 0x00000000d5900000| Complete 
| 346|0x00000000d5a00000, 0x00000000d5b00000, 0x00000000d5b00000|100%|HS|  |TAMS 0x00000000d5b00000| PB 0x00000000d5a00000| Complete 
| 347|0x00000000d5b00000, 0x00000000d5c00000, 0x00000000d5c00000|100%|HC|  |TAMS 0x00000000d5c00000| PB 0x00000000d5b00000| Complete 
| 348|0x00000000d5c00000, 0x00000000d5d00000, 0x00000000d5d00000|100%| O|  |TAMS 0x00000000d5c00000| PB 0x00000000d5c00000| Untracked 
| 349|0x00000000d5d00000, 0x00000000d5e00000, 0x00000000d5e00000|100%| O|  |TAMS 0x00000000d5e00000| PB 0x00000000d5d00000| Untracked 
| 350|0x00000000d5e00000, 0x00000000d5f00000, 0x00000000d5f00000|100%| O|  |TAMS 0x00000000d5f00000| PB 0x00000000d5e00000| Untracked 
| 351|0x00000000d5f00000, 0x00000000d6000000, 0x00000000d6000000|100%| O|  |TAMS 0x00000000d5f00000| PB 0x00000000d5f00000| Untracked 
| 352|0x00000000d6000000, 0x00000000d6100000, 0x00000000d6100000|100%| O|  |TAMS 0x00000000d6100000| PB 0x00000000d6000000| Untracked 
| 353|0x00000000d6100000, 0x00000000d6200000, 0x00000000d6200000|100%| O|  |TAMS 0x00000000d6100000| PB 0x00000000d6100000| Untracked 
| 354|0x00000000d6200000, 0x00000000d6300000, 0x00000000d6300000|100%| O|  |TAMS 0x00000000d6300000| PB 0x00000000d6200000| Untracked 
| 355|0x00000000d6300000, 0x00000000d6400000, 0x00000000d6400000|100%| O|  |TAMS 0x00000000d6400000| PB 0x00000000d6300000| Untracked 
| 356|0x00000000d6400000, 0x00000000d6500000, 0x00000000d6500000|100%| O|  |TAMS 0x00000000d6400000| PB 0x00000000d6400000| Untracked 
| 357|0x00000000d6500000, 0x00000000d6600000, 0x00000000d6600000|100%| O|  |TAMS 0x00000000d6600000| PB 0x00000000d6500000| Untracked 
| 358|0x00000000d6600000, 0x00000000d6700000, 0x00000000d6700000|100%| O|  |TAMS 0x00000000d6700000| PB 0x00000000d6600000| Untracked 
| 359|0x00000000d6700000, 0x00000000d675ec20, 0x00000000d6800000| 37%| O|  |TAMS 0x00000000d6700000| PB 0x00000000d6700000| Untracked 
| 360|0x00000000d6800000, 0x00000000d6900000, 0x00000000d6900000|100%| O|  |TAMS 0x00000000d6900000| PB 0x00000000d6800000| Untracked 
| 361|0x00000000d6900000, 0x00000000d6a00000, 0x00000000d6a00000|100%| O|  |TAMS 0x00000000d6a00000| PB 0x00000000d6900000| Untracked 
| 362|0x00000000d6a00000, 0x00000000d6b00000, 0x00000000d6b00000|100%| O|  |TAMS 0x00000000d6b00000| PB 0x00000000d6a00000| Untracked 
| 363|0x00000000d6b00000, 0x00000000d6c00000, 0x00000000d6c00000|100%| O|  |TAMS 0x00000000d6c00000| PB 0x00000000d6b00000| Untracked 
| 364|0x00000000d6c00000, 0x00000000d6d00000, 0x00000000d6d00000|100%| O|  |TAMS 0x00000000d6d00000| PB 0x00000000d6c00000| Untracked 
| 365|0x00000000d6d00000, 0x00000000d6e00000, 0x00000000d6e00000|100%| O|  |TAMS 0x00000000d6e00000| PB 0x00000000d6d00000| Untracked 
| 366|0x00000000d6e00000, 0x00000000d6f00000, 0x00000000d6f00000|100%| O|  |TAMS 0x00000000d6f00000| PB 0x00000000d6e00000| Untracked 
| 367|0x00000000d6f00000, 0x00000000d7000000, 0x00000000d7000000|100%| O|  |TAMS 0x00000000d7000000| PB 0x00000000d6f00000| Untracked 
| 368|0x00000000d7000000, 0x00000000d7100000, 0x00000000d7100000|100%| O|  |TAMS 0x00000000d7100000| PB 0x00000000d7000000| Untracked 
| 369|0x00000000d7100000, 0x00000000d7200000, 0x00000000d7200000|100%| O|  |TAMS 0x00000000d7200000| PB 0x00000000d7100000| Untracked 
| 370|0x00000000d7200000, 0x00000000d7300000, 0x00000000d7300000|100%| O|  |TAMS 0x00000000d7300000| PB 0x00000000d7200000| Untracked 
| 371|0x00000000d7300000, 0x00000000d7400000, 0x00000000d7400000|100%| O|  |TAMS 0x00000000d7400000| PB 0x00000000d7300000| Untracked 
| 372|0x00000000d7400000, 0x00000000d7500000, 0x00000000d7500000|100%| O|  |TAMS 0x00000000d7500000| PB 0x00000000d7400000| Untracked 
| 373|0x00000000d7500000, 0x00000000d7600000, 0x00000000d7600000|100%| O|  |TAMS 0x00000000d7600000| PB 0x00000000d7500000| Untracked 
| 374|0x00000000d7600000, 0x00000000d7600000, 0x00000000d7700000|  0%| F|  |TAMS 0x00000000d7600000| PB 0x00000000d7600000| Untracked 
| 375|0x00000000d7700000, 0x00000000d7800000, 0x00000000d7800000|100%| O|  |TAMS 0x00000000d7800000| PB 0x00000000d7700000| Untracked 
| 376|0x00000000d7800000, 0x00000000d7900000, 0x00000000d7900000|100%| O|  |TAMS 0x00000000d7900000| PB 0x00000000d7800000| Untracked 
| 377|0x00000000d7900000, 0x00000000d7a00000, 0x00000000d7a00000|100%| O|  |TAMS 0x00000000d7a00000| PB 0x00000000d7900000| Untracked 
| 378|0x00000000d7a00000, 0x00000000d7b00000, 0x00000000d7b00000|100%| O|  |TAMS 0x00000000d7b00000| PB 0x00000000d7a00000| Untracked 
| 379|0x00000000d7b00000, 0x00000000d7c00000, 0x00000000d7c00000|100%| O|  |TAMS 0x00000000d7c00000| PB 0x00000000d7b00000| Untracked 
| 380|0x00000000d7c00000, 0x00000000d7c00000, 0x00000000d7d00000|  0%| F|  |TAMS 0x00000000d7c00000| PB 0x00000000d7c00000| Untracked 
| 381|0x00000000d7d00000, 0x00000000d7d00000, 0x00000000d7e00000|  0%| F|  |TAMS 0x00000000d7d00000| PB 0x00000000d7d00000| Untracked 
| 382|0x00000000d7e00000, 0x00000000d7f00000, 0x00000000d7f00000|100%| O|  |TAMS 0x00000000d7f00000| PB 0x00000000d7e00000| Untracked 
| 383|0x00000000d7f00000, 0x00000000d8000000, 0x00000000d8000000|100%| O|  |TAMS 0x00000000d8000000| PB 0x00000000d7f00000| Untracked 
| 384|0x00000000d8000000, 0x00000000d8100000, 0x00000000d8100000|100%| O|  |TAMS 0x00000000d8100000| PB 0x00000000d8000000| Untracked 
| 385|0x00000000d8100000, 0x00000000d8200000, 0x00000000d8200000|100%| O|  |TAMS 0x00000000d8200000| PB 0x00000000d8100000| Untracked 
| 386|0x00000000d8200000, 0x00000000d8300000, 0x00000000d8300000|100%| O|  |TAMS 0x00000000d8300000| PB 0x00000000d8200000| Untracked 
| 387|0x00000000d8300000, 0x00000000d8400000, 0x00000000d8400000|100%| O|  |TAMS 0x00000000d8400000| PB 0x00000000d8300000| Untracked 
| 388|0x00000000d8400000, 0x00000000d8500000, 0x00000000d8500000|100%| O|  |TAMS 0x00000000d8500000| PB 0x00000000d8400000| Untracked 
| 389|0x00000000d8500000, 0x00000000d8600000, 0x00000000d8600000|100%| O|  |TAMS 0x00000000d8600000| PB 0x00000000d8500000| Untracked 
| 390|0x00000000d8600000, 0x00000000d8700000, 0x00000000d8700000|100%| O|  |TAMS 0x00000000d8700000| PB 0x00000000d8600000| Untracked 
| 391|0x00000000d8700000, 0x00000000d8800000, 0x00000000d8800000|100%| O|  |TAMS 0x00000000d8800000| PB 0x00000000d8700000| Untracked 
| 392|0x00000000d8800000, 0x00000000d8900000, 0x00000000d8900000|100%| O|  |TAMS 0x00000000d8900000| PB 0x00000000d8800000| Untracked 
| 393|0x00000000d8900000, 0x00000000d8a00000, 0x00000000d8a00000|100%| O|  |TAMS 0x00000000d8a00000| PB 0x00000000d8900000| Untracked 
| 394|0x00000000d8a00000, 0x00000000d8b00000, 0x00000000d8b00000|100%| O|  |TAMS 0x00000000d8b00000| PB 0x00000000d8a00000| Untracked 
| 395|0x00000000d8b00000, 0x00000000d8c00000, 0x00000000d8c00000|100%| O|  |TAMS 0x00000000d8c00000| PB 0x00000000d8b00000| Untracked 
| 396|0x00000000d8c00000, 0x00000000d8d00000, 0x00000000d8d00000|100%| O|  |TAMS 0x00000000d8d00000| PB 0x00000000d8c00000| Untracked 
| 397|0x00000000d8d00000, 0x00000000d8e00000, 0x00000000d8e00000|100%| O|  |TAMS 0x00000000d8e00000| PB 0x00000000d8d00000| Untracked 
| 398|0x00000000d8e00000, 0x00000000d8f00000, 0x00000000d8f00000|100%| O|  |TAMS 0x00000000d8f00000| PB 0x00000000d8e00000| Untracked 
| 399|0x00000000d8f00000, 0x00000000d9000000, 0x00000000d9000000|100%| O|  |TAMS 0x00000000d9000000| PB 0x00000000d8f00000| Untracked 
| 400|0x00000000d9000000, 0x00000000d9100000, 0x00000000d9100000|100%| O|  |TAMS 0x00000000d9100000| PB 0x00000000d9000000| Untracked 
| 401|0x00000000d9100000, 0x00000000d9200000, 0x00000000d9200000|100%| O|  |TAMS 0x00000000d9200000| PB 0x00000000d9100000| Untracked 
| 402|0x00000000d9200000, 0x00000000d9300000, 0x00000000d9300000|100%| O|  |TAMS 0x00000000d9300000| PB 0x00000000d9200000| Untracked 
| 403|0x00000000d9300000, 0x00000000d9400000, 0x00000000d9400000|100%| O|  |TAMS 0x00000000d9400000| PB 0x00000000d9300000| Untracked 
| 404|0x00000000d9400000, 0x00000000d9500000, 0x00000000d9500000|100%| O|  |TAMS 0x00000000d9500000| PB 0x00000000d9400000| Untracked 
| 405|0x00000000d9500000, 0x00000000d9600000, 0x00000000d9600000|100%| O|  |TAMS 0x00000000d9600000| PB 0x00000000d9500000| Untracked 
| 406|0x00000000d9600000, 0x00000000d9700000, 0x00000000d9700000|100%| O|  |TAMS 0x00000000d9700000| PB 0x00000000d9600000| Untracked 
| 407|0x00000000d9700000, 0x00000000d9800000, 0x00000000d9800000|100%|HS|  |TAMS 0x00000000d9800000| PB 0x00000000d9700000| Complete 
| 408|0x00000000d9800000, 0x00000000d9900000, 0x00000000d9900000|100%|HC|  |TAMS 0x00000000d9900000| PB 0x00000000d9800000| Complete 
| 409|0x00000000d9900000, 0x00000000d9a00000, 0x00000000d9a00000|100%|HC|  |TAMS 0x00000000d9a00000| PB 0x00000000d9900000| Complete 
| 410|0x00000000d9a00000, 0x00000000d9b00000, 0x00000000d9b00000|100%|HC|  |TAMS 0x00000000d9b00000| PB 0x00000000d9a00000| Complete 
| 411|0x00000000d9b00000, 0x00000000d9c00000, 0x00000000d9c00000|100%|HC|  |TAMS 0x00000000d9c00000| PB 0x00000000d9b00000| Complete 
| 412|0x00000000d9c00000, 0x00000000d9d00000, 0x00000000d9d00000|100%|HC|  |TAMS 0x00000000d9d00000| PB 0x00000000d9c00000| Complete 
| 413|0x00000000d9d00000, 0x00000000d9e00000, 0x00000000d9e00000|100%| O|  |TAMS 0x00000000d9e00000| PB 0x00000000d9d00000| Untracked 
| 414|0x00000000d9e00000, 0x00000000d9f00000, 0x00000000d9f00000|100%| O|  |TAMS 0x00000000d9f00000| PB 0x00000000d9e00000| Untracked 
| 415|0x00000000d9f00000, 0x00000000da000000, 0x00000000da000000|100%| O|  |TAMS 0x00000000da000000| PB 0x00000000d9f00000| Untracked 
| 416|0x00000000da000000, 0x00000000da100000, 0x00000000da100000|100%| O|  |TAMS 0x00000000da100000| PB 0x00000000da000000| Untracked 
| 417|0x00000000da100000, 0x00000000da200000, 0x00000000da200000|100%| O|  |TAMS 0x00000000da200000| PB 0x00000000da100000| Untracked 
| 418|0x00000000da200000, 0x00000000da300000, 0x00000000da300000|100%| O|  |TAMS 0x00000000da300000| PB 0x00000000da200000| Untracked 
| 419|0x00000000da300000, 0x00000000da300000, 0x00000000da400000|  0%| F|  |TAMS 0x00000000da300000| PB 0x00000000da300000| Untracked 
| 420|0x00000000da400000, 0x00000000da500000, 0x00000000da500000|100%| O|  |TAMS 0x00000000da500000| PB 0x00000000da400000| Untracked 
| 421|0x00000000da500000, 0x00000000da600000, 0x00000000da600000|100%| O|  |TAMS 0x00000000da600000| PB 0x00000000da500000| Untracked 
| 422|0x00000000da600000, 0x00000000da700000, 0x00000000da700000|100%| O|  |TAMS 0x00000000da700000| PB 0x00000000da600000| Untracked 
| 423|0x00000000da700000, 0x00000000da800000, 0x00000000da800000|100%| O|  |TAMS 0x00000000da800000| PB 0x00000000da700000| Untracked 
| 424|0x00000000da800000, 0x00000000da900000, 0x00000000da900000|100%| O|  |TAMS 0x00000000da900000| PB 0x00000000da800000| Untracked 
| 425|0x00000000da900000, 0x00000000daa00000, 0x00000000daa00000|100%| O|  |TAMS 0x00000000daa00000| PB 0x00000000da900000| Untracked 
| 426|0x00000000daa00000, 0x00000000dab00000, 0x00000000dab00000|100%| O|  |TAMS 0x00000000dab00000| PB 0x00000000daa00000| Untracked 
| 427|0x00000000dab00000, 0x00000000dac00000, 0x00000000dac00000|100%| O|  |TAMS 0x00000000dac00000| PB 0x00000000dab00000| Untracked 
| 428|0x00000000dac00000, 0x00000000dac00000, 0x00000000dad00000|  0%| F|  |TAMS 0x00000000dac00000| PB 0x00000000dac00000| Untracked 
| 429|0x00000000dad00000, 0x00000000dae00000, 0x00000000dae00000|100%| O|  |TAMS 0x00000000dae00000| PB 0x00000000dad00000| Untracked 
| 430|0x00000000dae00000, 0x00000000daf00000, 0x00000000daf00000|100%| O|  |TAMS 0x00000000daf00000| PB 0x00000000dae00000| Untracked 
| 431|0x00000000daf00000, 0x00000000daf00000, 0x00000000db000000|  0%| F|  |TAMS 0x00000000daf00000| PB 0x00000000daf00000| Untracked 
| 432|0x00000000db000000, 0x00000000db100000, 0x00000000db100000|100%| O|  |TAMS 0x00000000db100000| PB 0x00000000db000000| Untracked 
| 433|0x00000000db100000, 0x00000000db200000, 0x00000000db200000|100%| O|  |TAMS 0x00000000db200000| PB 0x00000000db100000| Untracked 
| 434|0x00000000db200000, 0x00000000db300000, 0x00000000db300000|100%| O|  |TAMS 0x00000000db300000| PB 0x00000000db200000| Untracked 
| 435|0x00000000db300000, 0x00000000db400000, 0x00000000db400000|100%| O|  |TAMS 0x00000000db400000| PB 0x00000000db300000| Untracked 
| 436|0x00000000db400000, 0x00000000db500000, 0x00000000db500000|100%| O|  |TAMS 0x00000000db500000| PB 0x00000000db400000| Untracked 
| 437|0x00000000db500000, 0x00000000db600000, 0x00000000db600000|100%| O|  |TAMS 0x00000000db600000| PB 0x00000000db500000| Untracked 
| 438|0x00000000db600000, 0x00000000db700000, 0x00000000db700000|100%| O|  |TAMS 0x00000000db700000| PB 0x00000000db600000| Untracked 
| 439|0x00000000db700000, 0x00000000db800000, 0x00000000db800000|100%| O|  |TAMS 0x00000000db800000| PB 0x00000000db700000| Untracked 
| 440|0x00000000db800000, 0x00000000db900000, 0x00000000db900000|100%| O|  |TAMS 0x00000000db900000| PB 0x00000000db800000| Untracked 
| 441|0x00000000db900000, 0x00000000dba00000, 0x00000000dba00000|100%| O|  |TAMS 0x00000000db9882e8| PB 0x00000000db900000| Untracked 
| 442|0x00000000dba00000, 0x00000000dba00000, 0x00000000dbb00000|  0%| F|  |TAMS 0x00000000dba00000| PB 0x00000000dba00000| Untracked 
| 443|0x00000000dbb00000, 0x00000000dbb00000, 0x00000000dbc00000|  0%| F|  |TAMS 0x00000000dbb00000| PB 0x00000000dbb00000| Untracked 
| 444|0x00000000dbc00000, 0x00000000dbc00000, 0x00000000dbd00000|  0%| F|  |TAMS 0x00000000dbc00000| PB 0x00000000dbc00000| Untracked 
| 445|0x00000000dbd00000, 0x00000000dbd00000, 0x00000000dbe00000|  0%| F|  |TAMS 0x00000000dbd00000| PB 0x00000000dbd00000| Untracked 
| 446|0x00000000dbe00000, 0x00000000dbf00000, 0x00000000dbf00000|100%| O|  |TAMS 0x00000000dbf00000| PB 0x00000000dbe00000| Untracked 
| 447|0x00000000dbf00000, 0x00000000dc000000, 0x00000000dc000000|100%| O|  |TAMS 0x00000000dc000000| PB 0x00000000dbf00000| Untracked 
| 448|0x00000000dc000000, 0x00000000dc000000, 0x00000000dc100000|  0%| F|  |TAMS 0x00000000dc000000| PB 0x00000000dc000000| Untracked 
| 449|0x00000000dc100000, 0x00000000dc200000, 0x00000000dc200000|100%| O|  |TAMS 0x00000000dc200000| PB 0x00000000dc100000| Untracked 
| 450|0x00000000dc200000, 0x00000000dc300000, 0x00000000dc300000|100%| O|  |TAMS 0x00000000dc300000| PB 0x00000000dc200000| Untracked 
| 451|0x00000000dc300000, 0x00000000dc400000, 0x00000000dc400000|100%| O|  |TAMS 0x00000000dc400000| PB 0x00000000dc300000| Untracked 
| 452|0x00000000dc400000, 0x00000000dc400000, 0x00000000dc500000|  0%| F|  |TAMS 0x00000000dc400000| PB 0x00000000dc400000| Untracked 
| 453|0x00000000dc500000, 0x00000000dc500000, 0x00000000dc600000|  0%| F|  |TAMS 0x00000000dc500000| PB 0x00000000dc500000| Untracked 
| 454|0x00000000dc600000, 0x00000000dc600000, 0x00000000dc700000|  0%| F|  |TAMS 0x00000000dc600000| PB 0x00000000dc600000| Untracked 
| 455|0x00000000dc700000, 0x00000000dc700000, 0x00000000dc800000|  0%| F|  |TAMS 0x00000000dc700000| PB 0x00000000dc700000| Untracked 
| 456|0x00000000dc800000, 0x00000000dc800000, 0x00000000dc900000|  0%| F|  |TAMS 0x00000000dc800000| PB 0x00000000dc800000| Untracked 
| 457|0x00000000dc900000, 0x00000000dca00000, 0x00000000dca00000|100%| O|  |TAMS 0x00000000dca00000| PB 0x00000000dc900000| Untracked 
| 458|0x00000000dca00000, 0x00000000dca00000, 0x00000000dcb00000|  0%| F|  |TAMS 0x00000000dca00000| PB 0x00000000dca00000| Untracked 
| 459|0x00000000dcb00000, 0x00000000dcb00000, 0x00000000dcc00000|  0%| F|  |TAMS 0x00000000dcb00000| PB 0x00000000dcb00000| Untracked 
| 460|0x00000000dcc00000, 0x00000000dcc00000, 0x00000000dcd00000|  0%| F|  |TAMS 0x00000000dcc00000| PB 0x00000000dcc00000| Untracked 
| 461|0x00000000dcd00000, 0x00000000dce00000, 0x00000000dce00000|100%| O|  |TAMS 0x00000000dce00000| PB 0x00000000dcd00000| Untracked 
| 462|0x00000000dce00000, 0x00000000dcf00000, 0x00000000dcf00000|100%| O|  |TAMS 0x00000000dcf00000| PB 0x00000000dce00000| Untracked 
| 463|0x00000000dcf00000, 0x00000000dd000000, 0x00000000dd000000|100%| O|  |TAMS 0x00000000dd000000| PB 0x00000000dcf00000| Untracked 
| 464|0x00000000dd000000, 0x00000000dd000000, 0x00000000dd100000|  0%| F|  |TAMS 0x00000000dd000000| PB 0x00000000dd000000| Untracked 
| 465|0x00000000dd100000, 0x00000000dd100000, 0x00000000dd200000|  0%| F|  |TAMS 0x00000000dd100000| PB 0x00000000dd100000| Untracked 
| 466|0x00000000dd200000, 0x00000000dd300000, 0x00000000dd300000|100%| O|  |TAMS 0x00000000dd300000| PB 0x00000000dd200000| Untracked 
| 467|0x00000000dd300000, 0x00000000dd400000, 0x00000000dd400000|100%| O|  |TAMS 0x00000000dd400000| PB 0x00000000dd300000| Untracked 
| 468|0x00000000dd400000, 0x00000000dd500000, 0x00000000dd500000|100%| O|  |TAMS 0x00000000dd500000| PB 0x00000000dd400000| Untracked 
| 469|0x00000000dd500000, 0x00000000dd600000, 0x00000000dd600000|100%| O|  |TAMS 0x00000000dd600000| PB 0x00000000dd500000| Untracked 
| 470|0x00000000dd600000, 0x00000000dd700000, 0x00000000dd700000|100%| O|  |TAMS 0x00000000dd700000| PB 0x00000000dd600000| Untracked 
| 471|0x00000000dd700000, 0x00000000dd700000, 0x00000000dd800000|  0%| F|  |TAMS 0x00000000dd700000| PB 0x00000000dd700000| Untracked 
| 472|0x00000000dd800000, 0x00000000dd800000, 0x00000000dd900000|  0%| F|  |TAMS 0x00000000dd800000| PB 0x00000000dd800000| Untracked 
| 473|0x00000000dd900000, 0x00000000dd900000, 0x00000000dda00000|  0%| F|  |TAMS 0x00000000dd900000| PB 0x00000000dd900000| Untracked 
| 474|0x00000000dda00000, 0x00000000dda00000, 0x00000000ddb00000|  0%| F|  |TAMS 0x00000000dda00000| PB 0x00000000dda00000| Untracked 
| 475|0x00000000ddb00000, 0x00000000ddb00000, 0x00000000ddc00000|  0%| F|  |TAMS 0x00000000ddb00000| PB 0x00000000ddb00000| Untracked 
| 476|0x00000000ddc00000, 0x00000000ddc00000, 0x00000000ddd00000|  0%| F|  |TAMS 0x00000000ddc00000| PB 0x00000000ddc00000| Untracked 
| 477|0x00000000ddd00000, 0x00000000ddd00000, 0x00000000dde00000|  0%| F|  |TAMS 0x00000000ddd00000| PB 0x00000000ddd00000| Untracked 
| 478|0x00000000dde00000, 0x00000000dde00000, 0x00000000ddf00000|  0%| F|  |TAMS 0x00000000dde00000| PB 0x00000000dde00000| Untracked 
| 479|0x00000000ddf00000, 0x00000000ddf00000, 0x00000000de000000|  0%| F|  |TAMS 0x00000000ddf00000| PB 0x00000000ddf00000| Untracked 
| 480|0x00000000de000000, 0x00000000de000000, 0x00000000de100000|  0%| F|  |TAMS 0x00000000de000000| PB 0x00000000de000000| Untracked 
| 481|0x00000000de100000, 0x00000000de100000, 0x00000000de200000|  0%| F|  |TAMS 0x00000000de100000| PB 0x00000000de100000| Untracked 
| 482|0x00000000de200000, 0x00000000de200000, 0x00000000de300000|  0%| F|  |TAMS 0x00000000de200000| PB 0x00000000de200000| Untracked 
| 483|0x00000000de300000, 0x00000000de300000, 0x00000000de400000|  0%| F|  |TAMS 0x00000000de300000| PB 0x00000000de300000| Untracked 
| 484|0x00000000de400000, 0x00000000de400000, 0x00000000de500000|  0%| F|  |TAMS 0x00000000de400000| PB 0x00000000de400000| Untracked 
| 485|0x00000000de500000, 0x00000000de500000, 0x00000000de600000|  0%| F|  |TAMS 0x00000000de500000| PB 0x00000000de500000| Untracked 
| 486|0x00000000de600000, 0x00000000de600000, 0x00000000de700000|  0%| F|  |TAMS 0x00000000de600000| PB 0x00000000de600000| Untracked 
| 487|0x00000000de700000, 0x00000000de700000, 0x00000000de800000|  0%| F|  |TAMS 0x00000000de700000| PB 0x00000000de700000| Untracked 
| 488|0x00000000de800000, 0x00000000de800000, 0x00000000de900000|  0%| F|  |TAMS 0x00000000de800000| PB 0x00000000de800000| Untracked 
| 489|0x00000000de900000, 0x00000000de900000, 0x00000000dea00000|  0%| F|  |TAMS 0x00000000de900000| PB 0x00000000de900000| Untracked 
| 490|0x00000000dea00000, 0x00000000dea00000, 0x00000000deb00000|  0%| F|  |TAMS 0x00000000dea00000| PB 0x00000000dea00000| Untracked 
| 491|0x00000000deb00000, 0x00000000deb00000, 0x00000000dec00000|  0%| F|  |TAMS 0x00000000deb00000| PB 0x00000000deb00000| Untracked 
| 492|0x00000000dec00000, 0x00000000dec00000, 0x00000000ded00000|  0%| F|  |TAMS 0x00000000dec00000| PB 0x00000000dec00000| Untracked 
| 493|0x00000000ded00000, 0x00000000ded00000, 0x00000000dee00000|  0%| F|  |TAMS 0x00000000ded00000| PB 0x00000000ded00000| Untracked 
| 494|0x00000000dee00000, 0x00000000dee00000, 0x00000000def00000|  0%| F|  |TAMS 0x00000000dee00000| PB 0x00000000dee00000| Untracked 
| 495|0x00000000def00000, 0x00000000def00000, 0x00000000df000000|  0%| F|  |TAMS 0x00000000def00000| PB 0x00000000def00000| Untracked 
| 496|0x00000000df000000, 0x00000000df000000, 0x00000000df100000|  0%| F|  |TAMS 0x00000000df000000| PB 0x00000000df000000| Untracked 
| 497|0x00000000df100000, 0x00000000df100000, 0x00000000df200000|  0%| F|  |TAMS 0x00000000df100000| PB 0x00000000df100000| Untracked 
| 498|0x00000000df200000, 0x00000000df200000, 0x00000000df300000|  0%| F|  |TAMS 0x00000000df200000| PB 0x00000000df200000| Untracked 
| 499|0x00000000df300000, 0x00000000df300000, 0x00000000df400000|  0%| F|  |TAMS 0x00000000df300000| PB 0x00000000df300000| Untracked 
| 500|0x00000000df400000, 0x00000000df400000, 0x00000000df500000|  0%| F|  |TAMS 0x00000000df400000| PB 0x00000000df400000| Untracked 
| 501|0x00000000df500000, 0x00000000df500000, 0x00000000df600000|  0%| F|  |TAMS 0x00000000df500000| PB 0x00000000df500000| Untracked 
| 502|0x00000000df600000, 0x00000000df600000, 0x00000000df700000|  0%| F|  |TAMS 0x00000000df600000| PB 0x00000000df600000| Untracked 
| 503|0x00000000df700000, 0x00000000df800000, 0x00000000df800000|100%| O|  |TAMS 0x00000000df800000| PB 0x00000000df800000| Updating 
| 504|0x00000000df800000, 0x00000000df800000, 0x00000000df900000|  0%| F|  |TAMS 0x00000000df800000| PB 0x00000000df800000| Untracked 
| 505|0x00000000df900000, 0x00000000dfa00000, 0x00000000dfa00000|100%| O|  |TAMS 0x00000000dfa00000| PB 0x00000000dfa00000| Untracked 
| 506|0x00000000dfa00000, 0x00000000dfb00000, 0x00000000dfb00000|100%| O|  |TAMS 0x00000000dfb00000| PB 0x00000000dfb00000| Updating 
| 507|0x00000000dfb00000, 0x00000000dfb00000, 0x00000000dfc00000|  0%| F|  |TAMS 0x00000000dfb00000| PB 0x00000000dfb00000| Untracked 
| 508|0x00000000dfc00000, 0x00000000dfd00000, 0x00000000dfd00000|100%| O|  |TAMS 0x00000000dfd00000| PB 0x00000000dfd00000| Updating 
| 509|0x00000000dfd00000, 0x00000000dfd00000, 0x00000000dfe00000|  0%| F|  |TAMS 0x00000000dfd00000| PB 0x00000000dfd00000| Untracked 
| 510|0x00000000dfe00000, 0x00000000dff00000, 0x00000000dff00000|100%| O|  |TAMS 0x00000000dff00000| PB 0x00000000dff00000| Updating 
| 511|0x00000000dff00000, 0x00000000e0000000, 0x00000000e0000000|100%| O|  |TAMS 0x00000000e0000000| PB 0x00000000e0000000| Updating 
| 512|0x00000000e0000000, 0x00000000e0000000, 0x00000000e0100000|  0%| F|  |TAMS 0x00000000e0000000| PB 0x00000000e0000000| Untracked 
| 513|0x00000000e0100000, 0x00000000e0200000, 0x00000000e0200000|100%| O|  |TAMS 0x00000000e0200000| PB 0x00000000e0100000| Updating 
| 514|0x00000000e0200000, 0x00000000e0300000, 0x00000000e0300000|100%| O|  |TAMS 0x00000000e0300000| PB 0x00000000e0200000| Updating 
| 515|0x00000000e0300000, 0x00000000e0400000, 0x00000000e0400000|100%| O|  |TAMS 0x00000000e0400000| PB 0x00000000e0300000| Updating 
| 516|0x00000000e0400000, 0x00000000e0500000, 0x00000000e0500000|100%| O|  |TAMS 0x00000000e0500000| PB 0x00000000e0400000| Updating 
| 517|0x00000000e0500000, 0x00000000e0600000, 0x00000000e0600000|100%| O|  |TAMS 0x00000000e0600000| PB 0x00000000e0500000| Updating 
| 518|0x00000000e0600000, 0x00000000e06550f0, 0x00000000e0700000| 33%| S|CS|TAMS 0x00000000e0600000| PB 0x00000000e0600000| Complete 
| 519|0x00000000e0700000, 0x00000000e0800000, 0x00000000e0800000|100%| S|CS|TAMS 0x00000000e0700000| PB 0x00000000e0700000| Complete 
| 520|0x00000000e0800000, 0x00000000e0900000, 0x00000000e0900000|100%| O|  |TAMS 0x00000000e0900000| PB 0x00000000e0800000| Updating 
| 521|0x00000000e0900000, 0x00000000e0a00000, 0x00000000e0a00000|100%| O|  |TAMS 0x00000000e0a00000| PB 0x00000000e0900000| Updating 
| 522|0x00000000e0a00000, 0x00000000e0b00000, 0x00000000e0b00000|100%| O|  |TAMS 0x00000000e0b00000| PB 0x00000000e0a00000| Updating 
| 523|0x00000000e0b00000, 0x00000000e0c00000, 0x00000000e0c00000|100%| S|CS|TAMS 0x00000000e0b00000| PB 0x00000000e0b00000| Complete 
| 524|0x00000000e0c00000, 0x00000000e0d00000, 0x00000000e0d00000|100%| S|CS|TAMS 0x00000000e0c00000| PB 0x00000000e0c00000| Complete 
| 525|0x00000000e0d00000, 0x00000000e0e00000, 0x00000000e0e00000|100%| S|CS|TAMS 0x00000000e0d00000| PB 0x00000000e0d00000| Complete 
| 526|0x00000000e0e00000, 0x00000000e0f00000, 0x00000000e0f00000|100%| S|CS|TAMS 0x00000000e0e00000| PB 0x00000000e0e00000| Complete 
| 527|0x00000000e0f00000, 0x00000000e1000000, 0x00000000e1000000|100%| S|CS|TAMS 0x00000000e0f00000| PB 0x00000000e0f00000| Complete 
| 528|0x00000000e1000000, 0x00000000e1100000, 0x00000000e1100000|100%| S|CS|TAMS 0x00000000e1000000| PB 0x00000000e1000000| Complete 
| 529|0x00000000e1100000, 0x00000000e1200000, 0x00000000e1200000|100%| S|CS|TAMS 0x00000000e1100000| PB 0x00000000e1100000| Complete 
| 530|0x00000000e1200000, 0x00000000e1300000, 0x00000000e1300000|100%| S|CS|TAMS 0x00000000e1200000| PB 0x00000000e1200000| Complete 
| 531|0x00000000e1300000, 0x00000000e1400000, 0x00000000e1400000|100%| S|CS|TAMS 0x00000000e1300000| PB 0x00000000e1300000| Complete 
| 532|0x00000000e1400000, 0x00000000e1500000, 0x00000000e1500000|100%| S|CS|TAMS 0x00000000e1400000| PB 0x00000000e1400000| Complete 
| 533|0x00000000e1500000, 0x00000000e1600000, 0x00000000e1600000|100%| S|CS|TAMS 0x00000000e1500000| PB 0x00000000e1500000| Complete 
| 534|0x00000000e1600000, 0x00000000e1700000, 0x00000000e1700000|100%| S|CS|TAMS 0x00000000e1600000| PB 0x00000000e1600000| Complete 
| 535|0x00000000e1700000, 0x00000000e1800000, 0x00000000e1800000|100%| S|CS|TAMS 0x00000000e1700000| PB 0x00000000e1700000| Complete 
| 536|0x00000000e1800000, 0x00000000e1900000, 0x00000000e1900000|100%| S|CS|TAMS 0x00000000e1800000| PB 0x00000000e1800000| Complete 
| 537|0x00000000e1900000, 0x00000000e1a00000, 0x00000000e1a00000|100%| S|CS|TAMS 0x00000000e1900000| PB 0x00000000e1900000| Complete 
| 538|0x00000000e1a00000, 0x00000000e1b00000, 0x00000000e1b00000|100%| S|CS|TAMS 0x00000000e1a00000| PB 0x00000000e1a00000| Complete 
| 539|0x00000000e1b00000, 0x00000000e1c00000, 0x00000000e1c00000|100%| S|CS|TAMS 0x00000000e1b00000| PB 0x00000000e1b00000| Complete 
| 540|0x00000000e1c00000, 0x00000000e1d00000, 0x00000000e1d00000|100%| S|CS|TAMS 0x00000000e1c00000| PB 0x00000000e1c00000| Complete 
| 541|0x00000000e1d00000, 0x00000000e1e00000, 0x00000000e1e00000|100%| S|CS|TAMS 0x00000000e1d00000| PB 0x00000000e1d00000| Complete 
| 542|0x00000000e1e00000, 0x00000000e1f00000, 0x00000000e1f00000|100%| S|CS|TAMS 0x00000000e1e00000| PB 0x00000000e1e00000| Complete 
| 543|0x00000000e1f00000, 0x00000000e2000000, 0x00000000e2000000|100%| S|CS|TAMS 0x00000000e1f00000| PB 0x00000000e1f00000| Complete 
| 544|0x00000000e2000000, 0x00000000e2000000, 0x00000000e2100000|  0%| F|  |TAMS 0x00000000e2000000| PB 0x00000000e2000000| Untracked 
| 545|0x00000000e2100000, 0x00000000e2100000, 0x00000000e2200000|  0%| F|  |TAMS 0x00000000e2100000| PB 0x00000000e2100000| Untracked 
| 546|0x00000000e2200000, 0x00000000e2200000, 0x00000000e2300000|  0%| F|  |TAMS 0x00000000e2200000| PB 0x00000000e2200000| Untracked 
| 547|0x00000000e2300000, 0x00000000e2300000, 0x00000000e2400000|  0%| F|  |TAMS 0x00000000e2300000| PB 0x00000000e2300000| Untracked 
| 548|0x00000000e2400000, 0x00000000e2400000, 0x00000000e2500000|  0%| F|  |TAMS 0x00000000e2400000| PB 0x00000000e2400000| Untracked 
| 549|0x00000000e2500000, 0x00000000e2500000, 0x00000000e2600000|  0%| F|  |TAMS 0x00000000e2500000| PB 0x00000000e2500000| Untracked 
| 550|0x00000000e2600000, 0x00000000e2600000, 0x00000000e2700000|  0%| F|  |TAMS 0x00000000e2600000| PB 0x00000000e2600000| Untracked 
| 551|0x00000000e2700000, 0x00000000e2700000, 0x00000000e2800000|  0%| F|  |TAMS 0x00000000e2700000| PB 0x00000000e2700000| Untracked 
| 552|0x00000000e2800000, 0x00000000e2800000, 0x00000000e2900000|  0%| F|  |TAMS 0x00000000e2800000| PB 0x00000000e2800000| Untracked 
| 553|0x00000000e2900000, 0x00000000e2900000, 0x00000000e2a00000|  0%| F|  |TAMS 0x00000000e2900000| PB 0x00000000e2900000| Untracked 
| 554|0x00000000e2a00000, 0x00000000e2a00000, 0x00000000e2b00000|  0%| F|  |TAMS 0x00000000e2a00000| PB 0x00000000e2a00000| Untracked 
| 555|0x00000000e2b00000, 0x00000000e2b00000, 0x00000000e2c00000|  0%| F|  |TAMS 0x00000000e2b00000| PB 0x00000000e2b00000| Untracked 
| 556|0x00000000e2c00000, 0x00000000e2c00000, 0x00000000e2d00000|  0%| F|  |TAMS 0x00000000e2c00000| PB 0x00000000e2c00000| Untracked 
| 557|0x00000000e2d00000, 0x00000000e2d00000, 0x00000000e2e00000|  0%| F|  |TAMS 0x00000000e2d00000| PB 0x00000000e2d00000| Untracked 
| 558|0x00000000e2e00000, 0x00000000e2e00000, 0x00000000e2f00000|  0%| F|  |TAMS 0x00000000e2e00000| PB 0x00000000e2e00000| Untracked 
| 559|0x00000000e2f00000, 0x00000000e2f00000, 0x00000000e3000000|  0%| F|  |TAMS 0x00000000e2f00000| PB 0x00000000e2f00000| Untracked 
| 560|0x00000000e3000000, 0x00000000e3000000, 0x00000000e3100000|  0%| F|  |TAMS 0x00000000e3000000| PB 0x00000000e3000000| Untracked 
| 561|0x00000000e3100000, 0x00000000e3100000, 0x00000000e3200000|  0%| F|  |TAMS 0x00000000e3100000| PB 0x00000000e3100000| Untracked 
| 562|0x00000000e3200000, 0x00000000e3200000, 0x00000000e3300000|  0%| F|  |TAMS 0x00000000e3200000| PB 0x00000000e3200000| Untracked 
| 563|0x00000000e3300000, 0x00000000e3300000, 0x00000000e3400000|  0%| F|  |TAMS 0x00000000e3300000| PB 0x00000000e3300000| Untracked 
| 564|0x00000000e3400000, 0x00000000e3400000, 0x00000000e3500000|  0%| F|  |TAMS 0x00000000e3400000| PB 0x00000000e3400000| Untracked 
| 565|0x00000000e3500000, 0x00000000e3500000, 0x00000000e3600000|  0%| F|  |TAMS 0x00000000e3500000| PB 0x00000000e3500000| Untracked 
| 566|0x00000000e3600000, 0x00000000e3600000, 0x00000000e3700000|  0%| F|  |TAMS 0x00000000e3600000| PB 0x00000000e3600000| Untracked 
| 567|0x00000000e3700000, 0x00000000e3700000, 0x00000000e3800000|  0%| F|  |TAMS 0x00000000e3700000| PB 0x00000000e3700000| Untracked 
| 568|0x00000000e3800000, 0x00000000e3800000, 0x00000000e3900000|  0%| F|  |TAMS 0x00000000e3800000| PB 0x00000000e3800000| Untracked 
| 569|0x00000000e3900000, 0x00000000e3900000, 0x00000000e3a00000|  0%| F|  |TAMS 0x00000000e3900000| PB 0x00000000e3900000| Untracked 
| 570|0x00000000e3a00000, 0x00000000e3a00000, 0x00000000e3b00000|  0%| F|  |TAMS 0x00000000e3a00000| PB 0x00000000e3a00000| Untracked 
| 571|0x00000000e3b00000, 0x00000000e3b00000, 0x00000000e3c00000|  0%| F|  |TAMS 0x00000000e3b00000| PB 0x00000000e3b00000| Untracked 
| 572|0x00000000e3c00000, 0x00000000e3c00000, 0x00000000e3d00000|  0%| F|  |TAMS 0x00000000e3c00000| PB 0x00000000e3c00000| Untracked 
| 573|0x00000000e3d00000, 0x00000000e3d00000, 0x00000000e3e00000|  0%| F|  |TAMS 0x00000000e3d00000| PB 0x00000000e3d00000| Untracked 
| 574|0x00000000e3e00000, 0x00000000e3e00000, 0x00000000e3f00000|  0%| F|  |TAMS 0x00000000e3e00000| PB 0x00000000e3e00000| Untracked 
| 575|0x00000000e3f00000, 0x00000000e3f00000, 0x00000000e4000000|  0%| F|  |TAMS 0x00000000e3f00000| PB 0x00000000e3f00000| Untracked 
| 576|0x00000000e4000000, 0x00000000e4000000, 0x00000000e4100000|  0%| F|  |TAMS 0x00000000e4000000| PB 0x00000000e4000000| Untracked 
| 577|0x00000000e4100000, 0x00000000e4100000, 0x00000000e4200000|  0%| F|  |TAMS 0x00000000e4100000| PB 0x00000000e4100000| Untracked 
| 578|0x00000000e4200000, 0x00000000e4200000, 0x00000000e4300000|  0%| F|  |TAMS 0x00000000e4200000| PB 0x00000000e4200000| Untracked 
| 579|0x00000000e4300000, 0x00000000e4300000, 0x00000000e4400000|  0%| F|  |TAMS 0x00000000e4300000| PB 0x00000000e4300000| Untracked 
| 580|0x00000000e4400000, 0x00000000e4400000, 0x00000000e4500000|  0%| F|  |TAMS 0x00000000e4400000| PB 0x00000000e4400000| Untracked 
| 581|0x00000000e4500000, 0x00000000e4500000, 0x00000000e4600000|  0%| F|  |TAMS 0x00000000e4500000| PB 0x00000000e4500000| Untracked 
| 582|0x00000000e4600000, 0x00000000e4600000, 0x00000000e4700000|  0%| F|  |TAMS 0x00000000e4600000| PB 0x00000000e4600000| Untracked 
| 583|0x00000000e4700000, 0x00000000e4700000, 0x00000000e4800000|  0%| F|  |TAMS 0x00000000e4700000| PB 0x00000000e4700000| Untracked 
| 584|0x00000000e4800000, 0x00000000e4800000, 0x00000000e4900000|  0%| F|  |TAMS 0x00000000e4800000| PB 0x00000000e4800000| Untracked 
| 585|0x00000000e4900000, 0x00000000e4900000, 0x00000000e4a00000|  0%| F|  |TAMS 0x00000000e4900000| PB 0x00000000e4900000| Untracked 
| 586|0x00000000e4a00000, 0x00000000e4a00000, 0x00000000e4b00000|  0%| F|  |TAMS 0x00000000e4a00000| PB 0x00000000e4a00000| Untracked 
| 587|0x00000000e4b00000, 0x00000000e4b00000, 0x00000000e4c00000|  0%| F|  |TAMS 0x00000000e4b00000| PB 0x00000000e4b00000| Untracked 
| 588|0x00000000e4c00000, 0x00000000e4c00000, 0x00000000e4d00000|  0%| F|  |TAMS 0x00000000e4c00000| PB 0x00000000e4c00000| Untracked 
| 589|0x00000000e4d00000, 0x00000000e4d00000, 0x00000000e4e00000|  0%| F|  |TAMS 0x00000000e4d00000| PB 0x00000000e4d00000| Untracked 
| 590|0x00000000e4e00000, 0x00000000e4e00000, 0x00000000e4f00000|  0%| F|  |TAMS 0x00000000e4e00000| PB 0x00000000e4e00000| Untracked 
| 591|0x00000000e4f00000, 0x00000000e4f00000, 0x00000000e5000000|  0%| F|  |TAMS 0x00000000e4f00000| PB 0x00000000e4f00000| Untracked 
| 592|0x00000000e5000000, 0x00000000e5000000, 0x00000000e5100000|  0%| F|  |TAMS 0x00000000e5000000| PB 0x00000000e5000000| Untracked 
| 593|0x00000000e5100000, 0x00000000e5100000, 0x00000000e5200000|  0%| F|  |TAMS 0x00000000e5100000| PB 0x00000000e5100000| Untracked 
| 594|0x00000000e5200000, 0x00000000e5200000, 0x00000000e5300000|  0%| F|  |TAMS 0x00000000e5200000| PB 0x00000000e5200000| Untracked 
| 595|0x00000000e5300000, 0x00000000e5300000, 0x00000000e5400000|  0%| F|  |TAMS 0x00000000e5300000| PB 0x00000000e5300000| Untracked 
| 596|0x00000000e5400000, 0x00000000e5400000, 0x00000000e5500000|  0%| F|  |TAMS 0x00000000e5400000| PB 0x00000000e5400000| Untracked 
| 597|0x00000000e5500000, 0x00000000e5500000, 0x00000000e5600000|  0%| F|  |TAMS 0x00000000e5500000| PB 0x00000000e5500000| Untracked 
| 598|0x00000000e5600000, 0x00000000e5600000, 0x00000000e5700000|  0%| F|  |TAMS 0x00000000e5600000| PB 0x00000000e5600000| Untracked 
| 599|0x00000000e5700000, 0x00000000e5700000, 0x00000000e5800000|  0%| F|  |TAMS 0x00000000e5700000| PB 0x00000000e5700000| Untracked 
| 600|0x00000000e5800000, 0x00000000e5800000, 0x00000000e5900000|  0%| F|  |TAMS 0x00000000e5800000| PB 0x00000000e5800000| Untracked 
| 601|0x00000000e5900000, 0x00000000e5900000, 0x00000000e5a00000|  0%| F|  |TAMS 0x00000000e5900000| PB 0x00000000e5900000| Untracked 
| 602|0x00000000e5a00000, 0x00000000e5a00000, 0x00000000e5b00000|  0%| F|  |TAMS 0x00000000e5a00000| PB 0x00000000e5a00000| Untracked 
| 603|0x00000000e5b00000, 0x00000000e5b00000, 0x00000000e5c00000|  0%| F|  |TAMS 0x00000000e5b00000| PB 0x00000000e5b00000| Untracked 
| 604|0x00000000e5c00000, 0x00000000e5c00000, 0x00000000e5d00000|  0%| F|  |TAMS 0x00000000e5c00000| PB 0x00000000e5c00000| Untracked 
| 605|0x00000000e5d00000, 0x00000000e5d00000, 0x00000000e5e00000|  0%| F|  |TAMS 0x00000000e5d00000| PB 0x00000000e5d00000| Untracked 
| 606|0x00000000e5e00000, 0x00000000e5e00000, 0x00000000e5f00000|  0%| F|  |TAMS 0x00000000e5e00000| PB 0x00000000e5e00000| Untracked 
| 607|0x00000000e5f00000, 0x00000000e5f00000, 0x00000000e6000000|  0%| F|  |TAMS 0x00000000e5f00000| PB 0x00000000e5f00000| Untracked 
| 608|0x00000000e6000000, 0x00000000e6000000, 0x00000000e6100000|  0%| F|  |TAMS 0x00000000e6000000| PB 0x00000000e6000000| Untracked 
| 609|0x00000000e6100000, 0x00000000e6100000, 0x00000000e6200000|  0%| F|  |TAMS 0x00000000e6100000| PB 0x00000000e6100000| Untracked 
| 610|0x00000000e6200000, 0x00000000e6200000, 0x00000000e6300000|  0%| F|  |TAMS 0x00000000e6200000| PB 0x00000000e6200000| Untracked 
| 611|0x00000000e6300000, 0x00000000e6300000, 0x00000000e6400000|  0%| F|  |TAMS 0x00000000e6300000| PB 0x00000000e6300000| Untracked 
| 612|0x00000000e6400000, 0x00000000e6400000, 0x00000000e6500000|  0%| F|  |TAMS 0x00000000e6400000| PB 0x00000000e6400000| Untracked 
| 613|0x00000000e6500000, 0x00000000e6500000, 0x00000000e6600000|  0%| F|  |TAMS 0x00000000e6500000| PB 0x00000000e6500000| Untracked 
| 614|0x00000000e6600000, 0x00000000e6600000, 0x00000000e6700000|  0%| F|  |TAMS 0x00000000e6600000| PB 0x00000000e6600000| Untracked 
| 615|0x00000000e6700000, 0x00000000e6700000, 0x00000000e6800000|  0%| F|  |TAMS 0x00000000e6700000| PB 0x00000000e6700000| Untracked 
| 616|0x00000000e6800000, 0x00000000e6800000, 0x00000000e6900000|  0%| F|  |TAMS 0x00000000e6800000| PB 0x00000000e6800000| Untracked 
| 617|0x00000000e6900000, 0x00000000e6900000, 0x00000000e6a00000|  0%| F|  |TAMS 0x00000000e6900000| PB 0x00000000e6900000| Untracked 
| 618|0x00000000e6a00000, 0x00000000e6a00000, 0x00000000e6b00000|  0%| F|  |TAMS 0x00000000e6a00000| PB 0x00000000e6a00000| Untracked 
| 619|0x00000000e6b00000, 0x00000000e6b00000, 0x00000000e6c00000|  0%| F|  |TAMS 0x00000000e6b00000| PB 0x00000000e6b00000| Untracked 
| 620|0x00000000e6c00000, 0x00000000e6c00000, 0x00000000e6d00000|  0%| F|  |TAMS 0x00000000e6c00000| PB 0x00000000e6c00000| Untracked 
| 621|0x00000000e6d00000, 0x00000000e6d00000, 0x00000000e6e00000|  0%| F|  |TAMS 0x00000000e6d00000| PB 0x00000000e6d00000| Untracked 
| 622|0x00000000e6e00000, 0x00000000e6e00000, 0x00000000e6f00000|  0%| F|  |TAMS 0x00000000e6e00000| PB 0x00000000e6e00000| Untracked 
| 623|0x00000000e6f00000, 0x00000000e6f00000, 0x00000000e7000000|  0%| F|  |TAMS 0x00000000e6f00000| PB 0x00000000e6f00000| Untracked 
| 624|0x00000000e7000000, 0x00000000e7000000, 0x00000000e7100000|  0%| F|  |TAMS 0x00000000e7000000| PB 0x00000000e7000000| Untracked 
| 625|0x00000000e7100000, 0x00000000e7100000, 0x00000000e7200000|  0%| F|  |TAMS 0x00000000e7100000| PB 0x00000000e7100000| Untracked 
| 626|0x00000000e7200000, 0x00000000e7200000, 0x00000000e7300000|  0%| F|  |TAMS 0x00000000e7200000| PB 0x00000000e7200000| Untracked 
| 627|0x00000000e7300000, 0x00000000e7300000, 0x00000000e7400000|  0%| F|  |TAMS 0x00000000e7300000| PB 0x00000000e7300000| Untracked 
| 628|0x00000000e7400000, 0x00000000e7400000, 0x00000000e7500000|  0%| F|  |TAMS 0x00000000e7400000| PB 0x00000000e7400000| Untracked 
| 629|0x00000000e7500000, 0x00000000e7500000, 0x00000000e7600000|  0%| F|  |TAMS 0x00000000e7500000| PB 0x00000000e7500000| Untracked 
| 630|0x00000000e7600000, 0x00000000e7600000, 0x00000000e7700000|  0%| F|  |TAMS 0x00000000e7600000| PB 0x00000000e7600000| Untracked 
| 631|0x00000000e7700000, 0x00000000e7700000, 0x00000000e7800000|  0%| F|  |TAMS 0x00000000e7700000| PB 0x00000000e7700000| Untracked 
| 632|0x00000000e7800000, 0x00000000e7800000, 0x00000000e7900000|  0%| F|  |TAMS 0x00000000e7800000| PB 0x00000000e7800000| Untracked 
| 633|0x00000000e7900000, 0x00000000e7900000, 0x00000000e7a00000|  0%| F|  |TAMS 0x00000000e7900000| PB 0x00000000e7900000| Untracked 
| 634|0x00000000e7a00000, 0x00000000e7a00000, 0x00000000e7b00000|  0%| F|  |TAMS 0x00000000e7a00000| PB 0x00000000e7a00000| Untracked 
| 635|0x00000000e7b00000, 0x00000000e7b00000, 0x00000000e7c00000|  0%| F|  |TAMS 0x00000000e7b00000| PB 0x00000000e7b00000| Untracked 
| 636|0x00000000e7c00000, 0x00000000e7c00000, 0x00000000e7d00000|  0%| F|  |TAMS 0x00000000e7c00000| PB 0x00000000e7c00000| Untracked 
| 637|0x00000000e7d00000, 0x00000000e7d00000, 0x00000000e7e00000|  0%| F|  |TAMS 0x00000000e7d00000| PB 0x00000000e7d00000| Untracked 
| 638|0x00000000e7e00000, 0x00000000e7e00000, 0x00000000e7f00000|  0%| F|  |TAMS 0x00000000e7e00000| PB 0x00000000e7e00000| Untracked 
| 639|0x00000000e7f00000, 0x00000000e7f00000, 0x00000000e8000000|  0%| F|  |TAMS 0x00000000e7f00000| PB 0x00000000e7f00000| Untracked 
| 640|0x00000000e8000000, 0x00000000e8000000, 0x00000000e8100000|  0%| F|  |TAMS 0x00000000e8000000| PB 0x00000000e8000000| Untracked 
| 641|0x00000000e8100000, 0x00000000e8100000, 0x00000000e8200000|  0%| F|  |TAMS 0x00000000e8100000| PB 0x00000000e8100000| Untracked 
| 642|0x00000000e8200000, 0x00000000e8200000, 0x00000000e8300000|  0%| F|  |TAMS 0x00000000e8200000| PB 0x00000000e8200000| Untracked 
| 643|0x00000000e8300000, 0x00000000e8300000, 0x00000000e8400000|  0%| F|  |TAMS 0x00000000e8300000| PB 0x00000000e8300000| Untracked 
| 644|0x00000000e8400000, 0x00000000e8400000, 0x00000000e8500000|  0%| F|  |TAMS 0x00000000e8400000| PB 0x00000000e8400000| Untracked 
| 645|0x00000000e8500000, 0x00000000e8500000, 0x00000000e8600000|  0%| F|  |TAMS 0x00000000e8500000| PB 0x00000000e8500000| Untracked 
| 646|0x00000000e8600000, 0x00000000e8600000, 0x00000000e8700000|  0%| F|  |TAMS 0x00000000e8600000| PB 0x00000000e8600000| Untracked 
| 647|0x00000000e8700000, 0x00000000e8700000, 0x00000000e8800000|  0%| F|  |TAMS 0x00000000e8700000| PB 0x00000000e8700000| Untracked 
| 648|0x00000000e8800000, 0x00000000e8800000, 0x00000000e8900000|  0%| F|  |TAMS 0x00000000e8800000| PB 0x00000000e8800000| Untracked 
| 649|0x00000000e8900000, 0x00000000e8900000, 0x00000000e8a00000|  0%| F|  |TAMS 0x00000000e8900000| PB 0x00000000e8900000| Untracked 
| 650|0x00000000e8a00000, 0x00000000e8a00000, 0x00000000e8b00000|  0%| F|  |TAMS 0x00000000e8a00000| PB 0x00000000e8a00000| Untracked 
| 651|0x00000000e8b00000, 0x00000000e8b00000, 0x00000000e8c00000|  0%| F|  |TAMS 0x00000000e8b00000| PB 0x00000000e8b00000| Untracked 
| 652|0x00000000e8c00000, 0x00000000e8c00000, 0x00000000e8d00000|  0%| F|  |TAMS 0x00000000e8c00000| PB 0x00000000e8c00000| Untracked 
| 653|0x00000000e8d00000, 0x00000000e8d00000, 0x00000000e8e00000|  0%| F|  |TAMS 0x00000000e8d00000| PB 0x00000000e8d00000| Untracked 
| 654|0x00000000e8e00000, 0x00000000e8e00000, 0x00000000e8f00000|  0%| F|  |TAMS 0x00000000e8e00000| PB 0x00000000e8e00000| Untracked 
| 655|0x00000000e8f00000, 0x00000000e8f00000, 0x00000000e9000000|  0%| F|  |TAMS 0x00000000e8f00000| PB 0x00000000e8f00000| Untracked 
| 656|0x00000000e9000000, 0x00000000e9000000, 0x00000000e9100000|  0%| F|  |TAMS 0x00000000e9000000| PB 0x00000000e9000000| Untracked 
| 657|0x00000000e9100000, 0x00000000e9100000, 0x00000000e9200000|  0%| F|  |TAMS 0x00000000e9100000| PB 0x00000000e9100000| Untracked 
| 658|0x00000000e9200000, 0x00000000e9200000, 0x00000000e9300000|  0%| F|  |TAMS 0x00000000e9200000| PB 0x00000000e9200000| Untracked 
| 659|0x00000000e9300000, 0x00000000e9300000, 0x00000000e9400000|  0%| F|  |TAMS 0x00000000e9300000| PB 0x00000000e9300000| Untracked 
| 660|0x00000000e9400000, 0x00000000e9400000, 0x00000000e9500000|  0%| F|  |TAMS 0x00000000e9400000| PB 0x00000000e9400000| Untracked 
| 661|0x00000000e9500000, 0x00000000e9500000, 0x00000000e9600000|  0%| F|  |TAMS 0x00000000e9500000| PB 0x00000000e9500000| Untracked 
| 662|0x00000000e9600000, 0x00000000e9600000, 0x00000000e9700000|  0%| F|  |TAMS 0x00000000e9600000| PB 0x00000000e9600000| Untracked 
| 663|0x00000000e9700000, 0x00000000e9700000, 0x00000000e9800000|  0%| F|  |TAMS 0x00000000e9700000| PB 0x00000000e9700000| Untracked 
| 664|0x00000000e9800000, 0x00000000e9800000, 0x00000000e9900000|  0%| F|  |TAMS 0x00000000e9800000| PB 0x00000000e9800000| Untracked 
| 665|0x00000000e9900000, 0x00000000e9900000, 0x00000000e9a00000|  0%| F|  |TAMS 0x00000000e9900000| PB 0x00000000e9900000| Untracked 
| 666|0x00000000e9a00000, 0x00000000e9a00000, 0x00000000e9b00000|  0%| F|  |TAMS 0x00000000e9a00000| PB 0x00000000e9a00000| Untracked 
| 667|0x00000000e9b00000, 0x00000000e9b00000, 0x00000000e9c00000|  0%| F|  |TAMS 0x00000000e9b00000| PB 0x00000000e9b00000| Untracked 
| 668|0x00000000e9c00000, 0x00000000e9c00000, 0x00000000e9d00000|  0%| F|  |TAMS 0x00000000e9c00000| PB 0x00000000e9c00000| Untracked 
| 669|0x00000000e9d00000, 0x00000000e9d00000, 0x00000000e9e00000|  0%| F|  |TAMS 0x00000000e9d00000| PB 0x00000000e9d00000| Untracked 
| 670|0x00000000e9e00000, 0x00000000e9e00000, 0x00000000e9f00000|  0%| F|  |TAMS 0x00000000e9e00000| PB 0x00000000e9e00000| Untracked 
| 671|0x00000000e9f00000, 0x00000000e9f00000, 0x00000000ea000000|  0%| F|  |TAMS 0x00000000e9f00000| PB 0x00000000e9f00000| Untracked 
| 672|0x00000000ea000000, 0x00000000ea000000, 0x00000000ea100000|  0%| F|  |TAMS 0x00000000ea000000| PB 0x00000000ea000000| Untracked 
| 673|0x00000000ea100000, 0x00000000ea100000, 0x00000000ea200000|  0%| F|  |TAMS 0x00000000ea100000| PB 0x00000000ea100000| Untracked 
| 674|0x00000000ea200000, 0x00000000ea200000, 0x00000000ea300000|  0%| F|  |TAMS 0x00000000ea200000| PB 0x00000000ea200000| Untracked 
| 675|0x00000000ea300000, 0x00000000ea300000, 0x00000000ea400000|  0%| F|  |TAMS 0x00000000ea300000| PB 0x00000000ea300000| Untracked 
| 676|0x00000000ea400000, 0x00000000ea400000, 0x00000000ea500000|  0%| F|  |TAMS 0x00000000ea400000| PB 0x00000000ea400000| Untracked 
| 677|0x00000000ea500000, 0x00000000ea500000, 0x00000000ea600000|  0%| F|  |TAMS 0x00000000ea500000| PB 0x00000000ea500000| Untracked 
| 678|0x00000000ea600000, 0x00000000ea600000, 0x00000000ea700000|  0%| F|  |TAMS 0x00000000ea600000| PB 0x00000000ea600000| Untracked 
| 679|0x00000000ea700000, 0x00000000ea700000, 0x00000000ea800000|  0%| F|  |TAMS 0x00000000ea700000| PB 0x00000000ea700000| Untracked 
| 680|0x00000000ea800000, 0x00000000ea800000, 0x00000000ea900000|  0%| F|  |TAMS 0x00000000ea800000| PB 0x00000000ea800000| Untracked 
| 681|0x00000000ea900000, 0x00000000ea900000, 0x00000000eaa00000|  0%| F|  |TAMS 0x00000000ea900000| PB 0x00000000ea900000| Untracked 
| 682|0x00000000eaa00000, 0x00000000eaa00000, 0x00000000eab00000|  0%| F|  |TAMS 0x00000000eaa00000| PB 0x00000000eaa00000| Untracked 
| 683|0x00000000eab00000, 0x00000000eab00000, 0x00000000eac00000|  0%| F|  |TAMS 0x00000000eab00000| PB 0x00000000eab00000| Untracked 
| 684|0x00000000eac00000, 0x00000000eac00000, 0x00000000ead00000|  0%| F|  |TAMS 0x00000000eac00000| PB 0x00000000eac00000| Untracked 
| 685|0x00000000ead00000, 0x00000000ead00000, 0x00000000eae00000|  0%| F|  |TAMS 0x00000000ead00000| PB 0x00000000ead00000| Untracked 
| 686|0x00000000eae00000, 0x00000000eae00000, 0x00000000eaf00000|  0%| F|  |TAMS 0x00000000eae00000| PB 0x00000000eae00000| Untracked 
| 687|0x00000000eaf00000, 0x00000000eaf00000, 0x00000000eb000000|  0%| F|  |TAMS 0x00000000eaf00000| PB 0x00000000eaf00000| Untracked 
| 688|0x00000000eb000000, 0x00000000eb000000, 0x00000000eb100000|  0%| F|  |TAMS 0x00000000eb000000| PB 0x00000000eb000000| Untracked 
| 689|0x00000000eb100000, 0x00000000eb100000, 0x00000000eb200000|  0%| F|  |TAMS 0x00000000eb100000| PB 0x00000000eb100000| Untracked 
| 690|0x00000000eb200000, 0x00000000eb200000, 0x00000000eb300000|  0%| F|  |TAMS 0x00000000eb200000| PB 0x00000000eb200000| Untracked 
| 691|0x00000000eb300000, 0x00000000eb300000, 0x00000000eb400000|  0%| F|  |TAMS 0x00000000eb300000| PB 0x00000000eb300000| Untracked 
| 692|0x00000000eb400000, 0x00000000eb400000, 0x00000000eb500000|  0%| F|  |TAMS 0x00000000eb400000| PB 0x00000000eb400000| Untracked 
| 693|0x00000000eb500000, 0x00000000eb500000, 0x00000000eb600000|  0%| F|  |TAMS 0x00000000eb500000| PB 0x00000000eb500000| Untracked 
| 694|0x00000000eb600000, 0x00000000eb600000, 0x00000000eb700000|  0%| F|  |TAMS 0x00000000eb600000| PB 0x00000000eb600000| Untracked 
| 695|0x00000000eb700000, 0x00000000eb700000, 0x00000000eb800000|  0%| F|  |TAMS 0x00000000eb700000| PB 0x00000000eb700000| Untracked 
| 696|0x00000000eb800000, 0x00000000eb800000, 0x00000000eb900000|  0%| F|  |TAMS 0x00000000eb800000| PB 0x00000000eb800000| Untracked 
| 697|0x00000000eb900000, 0x00000000eb900000, 0x00000000eba00000|  0%| F|  |TAMS 0x00000000eb900000| PB 0x00000000eb900000| Untracked 
| 698|0x00000000eba00000, 0x00000000eba00000, 0x00000000ebb00000|  0%| F|  |TAMS 0x00000000eba00000| PB 0x00000000eba00000| Untracked 
| 699|0x00000000ebb00000, 0x00000000ebb00000, 0x00000000ebc00000|  0%| F|  |TAMS 0x00000000ebb00000| PB 0x00000000ebb00000| Untracked 
| 700|0x00000000ebc00000, 0x00000000ebc00000, 0x00000000ebd00000|  0%| F|  |TAMS 0x00000000ebc00000| PB 0x00000000ebc00000| Untracked 
| 701|0x00000000ebd00000, 0x00000000ebd00000, 0x00000000ebe00000|  0%| F|  |TAMS 0x00000000ebd00000| PB 0x00000000ebd00000| Untracked 
| 702|0x00000000ebe00000, 0x00000000ebe00000, 0x00000000ebf00000|  0%| F|  |TAMS 0x00000000ebe00000| PB 0x00000000ebe00000| Untracked 
| 703|0x00000000ebf00000, 0x00000000ebf00000, 0x00000000ec000000|  0%| F|  |TAMS 0x00000000ebf00000| PB 0x00000000ebf00000| Untracked 
| 704|0x00000000ec000000, 0x00000000ec000000, 0x00000000ec100000|  0%| F|  |TAMS 0x00000000ec000000| PB 0x00000000ec000000| Untracked 
| 705|0x00000000ec100000, 0x00000000ec100000, 0x00000000ec200000|  0%| F|  |TAMS 0x00000000ec100000| PB 0x00000000ec100000| Untracked 
| 706|0x00000000ec200000, 0x00000000ec200000, 0x00000000ec300000|  0%| F|  |TAMS 0x00000000ec200000| PB 0x00000000ec200000| Untracked 
| 707|0x00000000ec300000, 0x00000000ec300000, 0x00000000ec400000|  0%| F|  |TAMS 0x00000000ec300000| PB 0x00000000ec300000| Untracked 
| 708|0x00000000ec400000, 0x00000000ec400000, 0x00000000ec500000|  0%| F|  |TAMS 0x00000000ec400000| PB 0x00000000ec400000| Untracked 
| 709|0x00000000ec500000, 0x00000000ec500000, 0x00000000ec600000|  0%| F|  |TAMS 0x00000000ec500000| PB 0x00000000ec500000| Untracked 
| 710|0x00000000ec600000, 0x00000000ec600000, 0x00000000ec700000|  0%| F|  |TAMS 0x00000000ec600000| PB 0x00000000ec600000| Untracked 
| 711|0x00000000ec700000, 0x00000000ec700000, 0x00000000ec800000|  0%| F|  |TAMS 0x00000000ec700000| PB 0x00000000ec700000| Untracked 
| 712|0x00000000ec800000, 0x00000000ec800000, 0x00000000ec900000|  0%| F|  |TAMS 0x00000000ec800000| PB 0x00000000ec800000| Untracked 
| 713|0x00000000ec900000, 0x00000000ec900000, 0x00000000eca00000|  0%| F|  |TAMS 0x00000000ec900000| PB 0x00000000ec900000| Untracked 
| 714|0x00000000eca00000, 0x00000000eca00000, 0x00000000ecb00000|  0%| F|  |TAMS 0x00000000eca00000| PB 0x00000000eca00000| Untracked 
| 715|0x00000000ecb00000, 0x00000000ecb00000, 0x00000000ecc00000|  0%| F|  |TAMS 0x00000000ecb00000| PB 0x00000000ecb00000| Untracked 
| 716|0x00000000ecc00000, 0x00000000ecc00000, 0x00000000ecd00000|  0%| F|  |TAMS 0x00000000ecc00000| PB 0x00000000ecc00000| Untracked 
| 717|0x00000000ecd00000, 0x00000000ecd00000, 0x00000000ece00000|  0%| F|  |TAMS 0x00000000ecd00000| PB 0x00000000ecd00000| Untracked 
| 718|0x00000000ece00000, 0x00000000ece00000, 0x00000000ecf00000|  0%| F|  |TAMS 0x00000000ece00000| PB 0x00000000ece00000| Untracked 
| 719|0x00000000ecf00000, 0x00000000ecf00000, 0x00000000ed000000|  0%| F|  |TAMS 0x00000000ecf00000| PB 0x00000000ecf00000| Untracked 
| 720|0x00000000ed000000, 0x00000000ed000000, 0x00000000ed100000|  0%| F|  |TAMS 0x00000000ed000000| PB 0x00000000ed000000| Untracked 
| 721|0x00000000ed100000, 0x00000000ed100000, 0x00000000ed200000|  0%| F|  |TAMS 0x00000000ed100000| PB 0x00000000ed100000| Untracked 
| 722|0x00000000ed200000, 0x00000000ed200000, 0x00000000ed300000|  0%| F|  |TAMS 0x00000000ed200000| PB 0x00000000ed200000| Untracked 
| 723|0x00000000ed300000, 0x00000000ed300000, 0x00000000ed400000|  0%| F|  |TAMS 0x00000000ed300000| PB 0x00000000ed300000| Untracked 
| 724|0x00000000ed400000, 0x00000000ed400000, 0x00000000ed500000|  0%| F|  |TAMS 0x00000000ed400000| PB 0x00000000ed400000| Untracked 
| 725|0x00000000ed500000, 0x00000000ed500000, 0x00000000ed600000|  0%| F|  |TAMS 0x00000000ed500000| PB 0x00000000ed500000| Untracked 
| 916|0x00000000f9400000, 0x00000000f9500000, 0x00000000f9500000|100%| O|  |TAMS 0x00000000f9500000| PB 0x00000000f9400000| Complete 
| 917|0x00000000f9500000, 0x00000000f9500000, 0x00000000f9600000|  0%| F|  |TAMS 0x00000000f9500000| PB 0x00000000f9500000| Untracked 
| 918|0x00000000f9600000, 0x00000000f9600000, 0x00000000f9700000|  0%| F|  |TAMS 0x00000000f9600000| PB 0x00000000f9600000| Untracked 
| 919|0x00000000f9700000, 0x00000000f9700000, 0x00000000f9800000|  0%| F|  |TAMS 0x00000000f9700000| PB 0x00000000f9700000| Untracked 
| 920|0x00000000f9800000, 0x00000000f9800000, 0x00000000f9900000|  0%| F|  |TAMS 0x00000000f9800000| PB 0x00000000f9800000| Untracked 
| 921|0x00000000f9900000, 0x00000000f9900000, 0x00000000f9a00000|  0%| F|  |TAMS 0x00000000f9900000| PB 0x00000000f9900000| Untracked 
| 922|0x00000000f9a00000, 0x00000000f9a00000, 0x00000000f9b00000|  0%| F|  |TAMS 0x00000000f9a00000| PB 0x00000000f9a00000| Untracked 
| 923|0x00000000f9b00000, 0x00000000f9b00000, 0x00000000f9c00000|  0%| F|  |TAMS 0x00000000f9b00000| PB 0x00000000f9b00000| Untracked 
| 924|0x00000000f9c00000, 0x00000000f9c00000, 0x00000000f9d00000|  0%| F|  |TAMS 0x00000000f9c00000| PB 0x00000000f9c00000| Untracked 
| 925|0x00000000f9d00000, 0x00000000f9e00000, 0x00000000f9e00000|100%| O|Cm|TAMS 0x00000000f9d00000| PB 0x00000000f9d00000| Complete 
| 926|0x00000000f9e00000, 0x00000000f9f00000, 0x00000000f9f00000|100%| O|  |TAMS 0x00000000f9e00000| PB 0x00000000f9e00000| Untracked 
| 927|0x00000000f9f00000, 0x00000000fa000000, 0x00000000fa000000|100%| O|Cm|TAMS 0x00000000f9f00000| PB 0x00000000f9f00000| Complete 
| 928|0x00000000fa000000, 0x00000000fa000000, 0x00000000fa100000|  0%| F|  |TAMS 0x00000000fa000000| PB 0x00000000fa000000| Untracked 
| 929|0x00000000fa100000, 0x00000000fa100000, 0x00000000fa200000|  0%| F|  |TAMS 0x00000000fa100000| PB 0x00000000fa100000| Untracked 
| 930|0x00000000fa200000, 0x00000000fa300000, 0x00000000fa300000|100%| O|Cm|TAMS 0x00000000fa200000| PB 0x00000000fa200000| Complete 
| 931|0x00000000fa300000, 0x00000000fa300000, 0x00000000fa400000|  0%| F|  |TAMS 0x00000000fa300000| PB 0x00000000fa300000| Untracked 
| 932|0x00000000fa400000, 0x00000000fa500000, 0x00000000fa500000|100%| O|Cm|TAMS 0x00000000fa400000| PB 0x00000000fa400000| Complete 
| 933|0x00000000fa500000, 0x00000000fa600000, 0x00000000fa600000|100%| O|Cm|TAMS 0x00000000fa500000| PB 0x00000000fa500000| Complete 
| 934|0x00000000fa600000, 0x00000000fa700000, 0x00000000fa700000|100%| O|Cm|TAMS 0x00000000fa600000| PB 0x00000000fa600000| Complete 
| 935|0x00000000fa700000, 0x00000000fa800000, 0x00000000fa800000|100%| E|CS|TAMS 0x00000000fa700000| PB 0x00000000fa700000| Complete 
| 936|0x00000000fa800000, 0x00000000fa900000, 0x00000000fa900000|100%| O|Cm|TAMS 0x00000000fa800000| PB 0x00000000fa800000| Complete 
| 937|0x00000000fa900000, 0x00000000faa00000, 0x00000000faa00000|100%| O|Cm|TAMS 0x00000000fa900000| PB 0x00000000fa900000| Complete 
| 938|0x00000000faa00000, 0x00000000fab00000, 0x00000000fab00000|100%| O|Cm|TAMS 0x00000000faa00000| PB 0x00000000faa00000| Complete 
| 939|0x00000000fab00000, 0x00000000fac00000, 0x00000000fac00000|100%| E|CS|TAMS 0x00000000fab00000| PB 0x00000000fab00000| Complete 
| 940|0x00000000fac00000, 0x00000000fad00000, 0x00000000fad00000|100%| E|CS|TAMS 0x00000000fac00000| PB 0x00000000fac00000| Complete 
| 941|0x00000000fad00000, 0x00000000fae00000, 0x00000000fae00000|100%| E|CS|TAMS 0x00000000fad00000| PB 0x00000000fad00000| Complete 
| 942|0x00000000fae00000, 0x00000000faf00000, 0x00000000faf00000|100%| E|CS|TAMS 0x00000000fae00000| PB 0x00000000fae00000| Complete 
| 943|0x00000000faf00000, 0x00000000fb000000, 0x00000000fb000000|100%| E|CS|TAMS 0x00000000faf00000| PB 0x00000000faf00000| Complete 
| 944|0x00000000fb000000, 0x00000000fb100000, 0x00000000fb100000|100%| E|CS|TAMS 0x00000000fb000000| PB 0x00000000fb000000| Complete 
| 945|0x00000000fb100000, 0x00000000fb200000, 0x00000000fb200000|100%| E|CS|TAMS 0x00000000fb100000| PB 0x00000000fb100000| Complete 
| 946|0x00000000fb200000, 0x00000000fb300000, 0x00000000fb300000|100%| E|CS|TAMS 0x00000000fb200000| PB 0x00000000fb200000| Complete 
| 947|0x00000000fb300000, 0x00000000fb400000, 0x00000000fb400000|100%| E|CS|TAMS 0x00000000fb300000| PB 0x00000000fb300000| Complete 
| 948|0x00000000fb400000, 0x00000000fb500000, 0x00000000fb500000|100%| E|CS|TAMS 0x00000000fb400000| PB 0x00000000fb400000| Complete 
| 949|0x00000000fb500000, 0x00000000fb600000, 0x00000000fb600000|100%| E|CS|TAMS 0x00000000fb500000| PB 0x00000000fb500000| Complete 
| 950|0x00000000fb600000, 0x00000000fb700000, 0x00000000fb700000|100%| E|CS|TAMS 0x00000000fb600000| PB 0x00000000fb600000| Complete 
| 951|0x00000000fb700000, 0x00000000fb800000, 0x00000000fb800000|100%| E|CS|TAMS 0x00000000fb700000| PB 0x00000000fb700000| Complete 
| 952|0x00000000fb800000, 0x00000000fb900000, 0x00000000fb900000|100%| E|CS|TAMS 0x00000000fb800000| PB 0x00000000fb800000| Complete 
| 953|0x00000000fb900000, 0x00000000fba00000, 0x00000000fba00000|100%| E|CS|TAMS 0x00000000fb900000| PB 0x00000000fb900000| Complete 
| 954|0x00000000fba00000, 0x00000000fbb00000, 0x00000000fbb00000|100%| E|CS|TAMS 0x00000000fba00000| PB 0x00000000fba00000| Complete 
| 955|0x00000000fbb00000, 0x00000000fbc00000, 0x00000000fbc00000|100%| E|CS|TAMS 0x00000000fbb00000| PB 0x00000000fbb00000| Complete 
| 956|0x00000000fbc00000, 0x00000000fbd00000, 0x00000000fbd00000|100%| E|CS|TAMS 0x00000000fbc00000| PB 0x00000000fbc00000| Complete 
| 957|0x00000000fbd00000, 0x00000000fbdffff0, 0x00000000fbe00000| 99%| E|  |TAMS 0x00000000fbd00000| PB 0x00000000fbd00000| Complete 
| 958|0x00000000fbe00000, 0x00000000fbf00000, 0x00000000fbf00000|100%| E|CS|TAMS 0x00000000fbe00000| PB 0x00000000fbe00000| Complete 
| 959|0x00000000fbf00000, 0x00000000fc000000, 0x00000000fc000000|100%| E|CS|TAMS 0x00000000fbf00000| PB 0x00000000fbf00000| Complete 
| 960|0x00000000fc000000, 0x00000000fc100000, 0x00000000fc100000|100%| E|CS|TAMS 0x00000000fc000000| PB 0x00000000fc000000| Complete 
| 961|0x00000000fc100000, 0x00000000fc200000, 0x00000000fc200000|100%| E|CS|TAMS 0x00000000fc100000| PB 0x00000000fc100000| Complete 
| 962|0x00000000fc200000, 0x00000000fc300000, 0x00000000fc300000|100%| E|CS|TAMS 0x00000000fc200000| PB 0x00000000fc200000| Complete 
| 963|0x00000000fc300000, 0x00000000fc400000, 0x00000000fc400000|100%| E|CS|TAMS 0x00000000fc300000| PB 0x00000000fc300000| Complete 
| 964|0x00000000fc400000, 0x00000000fc500000, 0x00000000fc500000|100%| E|CS|TAMS 0x00000000fc400000| PB 0x00000000fc400000| Complete 
| 965|0x00000000fc500000, 0x00000000fc600000, 0x00000000fc600000|100%| E|CS|TAMS 0x00000000fc500000| PB 0x00000000fc500000| Complete 
| 966|0x00000000fc600000, 0x00000000fc700000, 0x00000000fc700000|100%| E|CS|TAMS 0x00000000fc600000| PB 0x00000000fc600000| Complete 
| 967|0x00000000fc700000, 0x00000000fc800000, 0x00000000fc800000|100%| E|CS|TAMS 0x00000000fc700000| PB 0x00000000fc700000| Complete 
| 968|0x00000000fc800000, 0x00000000fc900000, 0x00000000fc900000|100%| E|CS|TAMS 0x00000000fc800000| PB 0x00000000fc800000| Complete 
| 969|0x00000000fc900000, 0x00000000fca00000, 0x00000000fca00000|100%| E|CS|TAMS 0x00000000fc900000| PB 0x00000000fc900000| Complete 
| 970|0x00000000fca00000, 0x00000000fcb00000, 0x00000000fcb00000|100%| E|CS|TAMS 0x00000000fca00000| PB 0x00000000fca00000| Complete 
| 971|0x00000000fcb00000, 0x00000000fcc00000, 0x00000000fcc00000|100%| E|CS|TAMS 0x00000000fcb00000| PB 0x00000000fcb00000| Complete 
| 972|0x00000000fcc00000, 0x00000000fcd00000, 0x00000000fcd00000|100%| E|CS|TAMS 0x00000000fcc00000| PB 0x00000000fcc00000| Complete 
| 973|0x00000000fcd00000, 0x00000000fce00000, 0x00000000fce00000|100%| E|CS|TAMS 0x00000000fcd00000| PB 0x00000000fcd00000| Complete 
| 974|0x00000000fce00000, 0x00000000fcf00000, 0x00000000fcf00000|100%| E|CS|TAMS 0x00000000fce00000| PB 0x00000000fce00000| Complete 
| 975|0x00000000fcf00000, 0x00000000fd000000, 0x00000000fd000000|100%| E|CS|TAMS 0x00000000fcf00000| PB 0x00000000fcf00000| Complete 
| 976|0x00000000fd000000, 0x00000000fd100000, 0x00000000fd100000|100%| E|CS|TAMS 0x00000000fd000000| PB 0x00000000fd000000| Complete 
| 977|0x00000000fd100000, 0x00000000fd200000, 0x00000000fd200000|100%| E|CS|TAMS 0x00000000fd100000| PB 0x00000000fd100000| Complete 
| 978|0x00000000fd200000, 0x00000000fd300000, 0x00000000fd300000|100%| E|CS|TAMS 0x00000000fd200000| PB 0x00000000fd200000| Complete 
| 979|0x00000000fd300000, 0x00000000fd400000, 0x00000000fd400000|100%| E|CS|TAMS 0x00000000fd300000| PB 0x00000000fd300000| Complete 
| 980|0x00000000fd400000, 0x00000000fd500000, 0x00000000fd500000|100%| E|CS|TAMS 0x00000000fd400000| PB 0x00000000fd400000| Complete 
| 981|0x00000000fd500000, 0x00000000fd600000, 0x00000000fd600000|100%| E|CS|TAMS 0x00000000fd500000| PB 0x00000000fd500000| Complete 
| 982|0x00000000fd600000, 0x00000000fd700000, 0x00000000fd700000|100%| E|CS|TAMS 0x00000000fd600000| PB 0x00000000fd600000| Complete 
| 983|0x00000000fd700000, 0x00000000fd800000, 0x00000000fd800000|100%| E|CS|TAMS 0x00000000fd700000| PB 0x00000000fd700000| Complete 
| 984|0x00000000fd800000, 0x00000000fd900000, 0x00000000fd900000|100%| E|CS|TAMS 0x00000000fd800000| PB 0x00000000fd800000| Complete 
| 985|0x00000000fd900000, 0x00000000fda00000, 0x00000000fda00000|100%| E|CS|TAMS 0x00000000fd900000| PB 0x00000000fd900000| Complete 
| 986|0x00000000fda00000, 0x00000000fdb00000, 0x00000000fdb00000|100%| E|CS|TAMS 0x00000000fda00000| PB 0x00000000fda00000| Complete 
| 987|0x00000000fdb00000, 0x00000000fdc00000, 0x00000000fdc00000|100%| E|CS|TAMS 0x00000000fdb00000| PB 0x00000000fdb00000| Complete 
| 988|0x00000000fdc00000, 0x00000000fdd00000, 0x00000000fdd00000|100%| E|CS|TAMS 0x00000000fdc00000| PB 0x00000000fdc00000| Complete 
| 989|0x00000000fdd00000, 0x00000000fde00000, 0x00000000fde00000|100%| E|CS|TAMS 0x00000000fdd00000| PB 0x00000000fdd00000| Complete 
| 990|0x00000000fde00000, 0x00000000fdf00000, 0x00000000fdf00000|100%| E|CS|TAMS 0x00000000fde00000| PB 0x00000000fde00000| Complete 
| 991|0x00000000fdf00000, 0x00000000fe000000, 0x00000000fe000000|100%| E|CS|TAMS 0x00000000fdf00000| PB 0x00000000fdf00000| Complete 
| 992|0x00000000fe000000, 0x00000000fe100000, 0x00000000fe100000|100%| E|CS|TAMS 0x00000000fe000000| PB 0x00000000fe000000| Complete 
| 993|0x00000000fe100000, 0x00000000fe200000, 0x00000000fe200000|100%| E|CS|TAMS 0x00000000fe100000| PB 0x00000000fe100000| Complete 
| 994|0x00000000fe200000, 0x00000000fe300000, 0x00000000fe300000|100%| E|CS|TAMS 0x00000000fe200000| PB 0x00000000fe200000| Complete 
| 995|0x00000000fe300000, 0x00000000fe400000, 0x00000000fe400000|100%| E|CS|TAMS 0x00000000fe300000| PB 0x00000000fe300000| Complete 
| 996|0x00000000fe400000, 0x00000000fe500000, 0x00000000fe500000|100%| E|CS|TAMS 0x00000000fe400000| PB 0x00000000fe400000| Complete 
| 997|0x00000000fe500000, 0x00000000fe600000, 0x00000000fe600000|100%| E|CS|TAMS 0x00000000fe500000| PB 0x00000000fe500000| Complete 
| 998|0x00000000fe600000, 0x00000000fe700000, 0x00000000fe700000|100%| E|CS|TAMS 0x00000000fe600000| PB 0x00000000fe600000| Complete 
| 999|0x00000000fe700000, 0x00000000fe800000, 0x00000000fe800000|100%| E|CS|TAMS 0x00000000fe700000| PB 0x00000000fe700000| Complete 
|1000|0x00000000fe800000, 0x00000000fe900000, 0x00000000fe900000|100%| E|CS|TAMS 0x00000000fe800000| PB 0x00000000fe800000| Complete 
|1001|0x00000000fe900000, 0x00000000fea00000, 0x00000000fea00000|100%| O|  |TAMS 0x00000000fe900000| PB 0x00000000fe900000| Untracked 
|1002|0x00000000fea00000, 0x00000000feb00000, 0x00000000feb00000|100%| E|CS|TAMS 0x00000000fea00000| PB 0x00000000fea00000| Complete 
|1003|0x00000000feb00000, 0x00000000fec00000, 0x00000000fec00000|100%| O|  |TAMS 0x00000000feb00000| PB 0x00000000feb00000| Untracked 
|1004|0x00000000fec00000, 0x00000000fed00000, 0x00000000fed00000|100%| O|  |TAMS 0x00000000fec00000| PB 0x00000000fec00000| Untracked 
|1005|0x00000000fed00000, 0x00000000fee00000, 0x00000000fee00000|100%| O|  |TAMS 0x00000000fed00000| PB 0x00000000fed00000| Untracked 
|1006|0x00000000fee00000, 0x00000000fef00000, 0x00000000fef00000|100%| E|CS|TAMS 0x00000000fee00000| PB 0x00000000fee00000| Complete 
|1007|0x00000000fef00000, 0x00000000ff000000, 0x00000000ff000000|100%| O|  |TAMS 0x00000000fef00000| PB 0x00000000fef00000| Untracked 
|1008|0x00000000ff000000, 0x00000000ff100000, 0x00000000ff100000|100%| O|  |TAMS 0x00000000ff000000| PB 0x00000000ff000000| Untracked 
|1009|0x00000000ff100000, 0x00000000ff200000, 0x00000000ff200000|100%| E|CS|TAMS 0x00000000ff100000| PB 0x00000000ff100000| Complete 
|1010|0x00000000ff200000, 0x00000000ff300000, 0x00000000ff300000|100%| O|  |TAMS 0x00000000ff200000| PB 0x00000000ff200000| Untracked 
|1011|0x00000000ff300000, 0x00000000ff400000, 0x00000000ff400000|100%| O|  |TAMS 0x00000000ff300000| PB 0x00000000ff300000| Untracked 
|1012|0x00000000ff400000, 0x00000000ff500000, 0x00000000ff500000|100%| O|  |TAMS 0x00000000ff400000| PB 0x00000000ff400000| Untracked 
|1013|0x00000000ff500000, 0x00000000ff600000, 0x00000000ff600000|100%| O|  |TAMS 0x00000000ff500000| PB 0x00000000ff500000| Untracked 
|1014|0x00000000ff600000, 0x00000000ff700000, 0x00000000ff700000|100%| E|CS|TAMS 0x00000000ff600000| PB 0x00000000ff600000| Complete 
|1015|0x00000000ff700000, 0x00000000ff800000, 0x00000000ff800000|100%| O|  |TAMS 0x00000000ff700000| PB 0x00000000ff700000| Untracked 
|1016|0x00000000ff800000, 0x00000000ff900000, 0x00000000ff900000|100%| O|  |TAMS 0x00000000ff800000| PB 0x00000000ff800000| Untracked 
|1017|0x00000000ff900000, 0x00000000ffa00000, 0x00000000ffa00000|100%| O|  |TAMS 0x00000000ff900000| PB 0x00000000ff900000| Untracked 
|1018|0x00000000ffa00000, 0x00000000ffb00000, 0x00000000ffb00000|100%| E|CS|TAMS 0x00000000ffa00000| PB 0x00000000ffa00000| Complete 
|1019|0x00000000ffb00000, 0x00000000ffc00000, 0x00000000ffc00000|100%| E|CS|TAMS 0x00000000ffb00000| PB 0x00000000ffb00000| Complete 
|1020|0x00000000ffc00000, 0x00000000ffd00000, 0x00000000ffd00000|100%| O|  |TAMS 0x00000000ffc00000| PB 0x00000000ffc00000| Untracked 
|1021|0x00000000ffd00000, 0x00000000ffe00000, 0x00000000ffe00000|100%| O|  |TAMS 0x00000000ffd00000| PB 0x00000000ffd00000| Untracked 
|1022|0x00000000ffe00000, 0x00000000fff00000, 0x00000000fff00000|100%| O|  |TAMS 0x00000000ffe00000| PB 0x00000000ffe00000| Untracked 
|1023|0x00000000fff00000, 0x0000000100000000, 0x0000000100000000|100%| O|  |TAMS 0x00000000fff00000| PB 0x00000000fff00000| Untracked 

Card table byte_map: [0x0000020cad8b0000,0x0000020cadab0000] _byte_map_base: 0x0000020cad2b0000

Marking Bits: (CMBitMap*) 0x0000020c8981eda0
 Bits: [0x0000020cadab0000, 0x0000020caeab0000)

Polling page: 0x0000020c86ec0000

Metaspace:

Usage:
  Non-class:    299.69 MB used.
      Class:     42.67 MB used.
       Both:    342.36 MB used.

Virtual space:
  Non-class space:      320.00 MB reserved,     301.81 MB ( 94%) committed,  5 nodes.
      Class space:        1.00 GB reserved,      44.25 MB (  4%) committed,  1 nodes.
             Both:        1.31 GB reserved,     346.06 MB ( 26%) committed. 

Chunk freelists:
   Non-Class:  2.11 MB
       Class:  3.59 MB
        Both:  5.70 MB

MaxMetaspaceSize: unlimited
CompressedClassSpaceSize: 1.00 GB
Initial GC threshold: 21.00 MB
Current GC threshold: 576.81 MB
CDS: off
 - commit_granule_bytes: 65536.
 - commit_granule_words: 8192.
 - virtual_space_node_default_size: 8388608.
 - enlarge_chunks_in_place: 1.
 - use_allocation_guard: 0.


Internal statistics:

num_allocs_failed_limit: 13.
num_arena_births: 5670.
num_arena_deaths: 2166.
num_vsnodes_births: 6.
num_vsnodes_deaths: 0.
num_space_committed: 5532.
num_space_uncommitted: 0.
num_chunks_returned_to_freelist: 2732.
num_chunks_taken_from_freelist: 25497.
num_chunk_merges: 784.
num_chunk_splits: 13525.
num_chunks_enlarged: 6426.
num_inconsistent_stats: 0.

CodeHeap 'non-profiled nmethods': size=259328Kb used=12478Kb max_used=12659Kb free=246849Kb
 bounds [0x0000020c9cb90000, 0x0000020c9d800000, 0x0000020cac8d0000]
CodeHeap 'profiled nmethods': size=259264Kb used=61877Kb max_used=64393Kb free=197386Kb
 bounds [0x0000020c8c8d0000, 0x0000020c907f0000, 0x0000020c9c600000]
CodeHeap 'non-nmethods': size=5696Kb used=2978Kb max_used=3098Kb free=2718Kb
 bounds [0x0000020c9c600000, 0x0000020c9c920000, 0x0000020c9cb90000]
CodeCache: size=524288Kb, used=77333Kb, max_used=80150Kb, free=446953Kb
 total_blobs=35285, nmethods=33253, adapters=1931, full_count=0
Compilation: enabled, stopped_count=0, restarted_count=0

Compilation events (20 events):
Event: 99.767 Thread 0x0000020cb1db82c0 nmethod 43811 0x0000020c9cf72090 code [0x0000020c9cf72220, 0x0000020c9cf72478]
Event: 99.767 Thread 0x0000020cb1db82c0 43802       4       org.jetbrains.kotlin.psi.stubs.elements.KtNameReferenceExpressionElementType::serialize (10 bytes)
Event: 99.781 Thread 0x0000020cb1e0e860 43840 %     3       org.jetbrains.kotlin.analysis.decompiler.stub.ClsStubBuildingKt::createTargetedAnnotationStubs @ 39 (209 bytes)
Event: 99.787 Thread 0x0000020cb1e0e860 nmethod 43840% 0x0000020c902e8210 code [0x0000020c902e87c0, 0x0000020c902eb358]
Event: 99.788 Thread 0x0000020cb1e0e860 43841       3       java.util.LinkedList$ListItr::hasNext (20 bytes)
Event: 99.789 Thread 0x0000020cb1e0e860 nmethod 43841 0x0000020c9005bb10 code [0x0000020c9005bcc0, 0x0000020c9005be30]
Event: 99.790 Thread 0x0000020cb1e0e860 43842       3       org.jetbrains.kotlin.analysis.decompiler.stub.ClsStubBuildingKt::createTargetedAnnotationStubs (209 bytes)
Event: 99.795 Thread 0x0000020cb1e0e860 nmethod 43842 0x0000020c90510690 code [0x0000020c90510c40, 0x0000020c90513610]
Event: 99.795 Thread 0x0000020cb1db82c0 nmethod 43802 0x0000020c9ce10890 code [0x0000020c9ce10ae0, 0x0000020c9ce11320]
Event: 99.795 Thread 0x0000020cb1db82c0 43738       4       com.intellij.util.indexing.contentQueue.dev.IndexWriterKt::workerIndexFor (72 bytes)
Event: 99.796 Thread 0x0000020cb1db82c0 nmethod 43738 0x0000020c9cdc7890 code [0x0000020c9cdc7a20, 0x0000020c9cdc7ac8]
Event: 99.796 Thread 0x0000020cb1db82c0 43810       4       com.intellij.util.io.PagedFileStorage::getByteBuffer (74 bytes)
Event: 99.812 Thread 0x0000020cb1db82c0 nmethod 43810 0x0000020c9d5e5410 code [0x0000020c9d5e5640, 0x0000020c9d5e5c28]
Event: 99.812 Thread 0x0000020cb1db82c0 43575       4       io.opentelemetry.extension.kotlin.KotlinContextElement::updateThreadContext (6 bytes)
Event: 99.847 Thread 0x0000020cb1e0e860 43844       2       com.android.tools.idea.insights.events.actions.ActionDispatcher$batchFold$1::invokeSuspend (225 bytes)
Event: 99.849 Thread 0x0000020cb1e0e860 nmethod 43844 0x0000020c8f8ff610 code [0x0000020c8f8ff880, 0x0000020c8f900378]
Event: 99.849 Thread 0x0000020cb1e0e860 43845       2       com.android.tools.idea.insights.events.actions.ActionDispatcher$batchFold$1$1$1::<init> (17 bytes)
Event: 99.850 Thread 0x0000020cb1e0e860 nmethod 43845 0x0000020c8ede9b10 code [0x0000020c8ede9cc0, 0x0000020c8ede9fb8]
Event: 99.853 Thread 0x0000020cb1db82c0 nmethod 43575 0x0000020c9d62e790 code [0x0000020c9d62e9e0, 0x0000020c9d62f4a0]
Event: 99.853 Thread 0x0000020cb1db82c0 43843       4       com.intellij.lang.impl.MarkerProduction::findSameLexemeGroupStart (23 bytes)

GC Heap History (20 events):
Event: 82.000 GC heap before
{Heap before GC invocations=76 (full 0):
 garbage-first heap   total 773120K, used 713246K [0x00000000c0000000, 0x0000000100000000)
  region size 1024K, 303 young (310272K), 23 survivors (23552K)
 Metaspace       used 346182K, committed 350144K, reserved 1376256K
  class space    used 43207K, committed 44928K, reserved 1048576K
}
Event: 82.038 GC heap after
{Heap after GC invocations=77 (full 0):
 garbage-first heap   total 773120K, used 435966K [0x00000000c0000000, 0x0000000100000000)
  region size 1024K, 22 young (22528K), 22 survivors (22528K)
 Metaspace       used 346182K, committed 350144K, reserved 1376256K
  class space    used 43207K, committed 44928K, reserved 1048576K
}
Event: 85.425 GC heap before
{Heap before GC invocations=78 (full 0):
 garbage-first heap   total 773120K, used 710398K [0x00000000c0000000, 0x0000000100000000)
  region size 1024K, 297 young (304128K), 22 survivors (22528K)
 Metaspace       used 346655K, committed 350400K, reserved 1376256K
  class space    used 43219K, committed 44928K, reserved 1048576K
}
Event: 85.478 GC heap after
{Heap after GC invocations=79 (full 0):
 garbage-first heap   total 773120K, used 452493K [0x00000000c0000000, 0x0000000100000000)
  region size 1024K, 38 young (38912K), 38 survivors (38912K)
 Metaspace       used 346655K, committed 350400K, reserved 1376256K
  class space    used 43219K, committed 44928K, reserved 1048576K
}
Event: 86.835 GC heap before
{Heap before GC invocations=79 (full 0):
 garbage-first heap   total 773120K, used 706445K [0x00000000c0000000, 0x0000000100000000)
  region size 1024K, 287 young (293888K), 38 survivors (38912K)
 Metaspace       used 346887K, committed 350656K, reserved 1376256K
  class space    used 43261K, committed 44928K, reserved 1048576K
}
Event: 86.935 GC heap after
{Heap after GC invocations=80 (full 0):
 garbage-first heap   total 804864K, used 437061K [0x00000000c0000000, 0x0000000100000000)
  region size 1024K, 31 young (31744K), 31 survivors (31744K)
 Metaspace       used 346887K, committed 350656K, reserved 1376256K
  class space    used 43261K, committed 44928K, reserved 1048576K
}
Event: 87.663 GC heap before
{Heap before GC invocations=80 (full 0):
 garbage-first heap   total 804864K, used 528197K [0x00000000c0000000, 0x0000000100000000)
  region size 1024K, 122 young (124928K), 31 survivors (31744K)
 Metaspace       used 347725K, committed 351424K, reserved 1376256K
  class space    used 43399K, committed 44992K, reserved 1048576K
}
Event: 87.701 GC heap after
{Heap after GC invocations=81 (full 0):
 garbage-first heap   total 804864K, used 435969K [0x00000000c0000000, 0x0000000100000000)
  region size 1024K, 9 young (9216K), 9 survivors (9216K)
 Metaspace       used 347725K, committed 351424K, reserved 1376256K
  class space    used 43399K, committed 44992K, reserved 1048576K
}
Event: 90.400 GC heap before
{Heap before GC invocations=82 (full 0):
 garbage-first heap   total 804864K, used 741121K [0x00000000c0000000, 0x0000000100000000)
  region size 1024K, 302 young (309248K), 9 survivors (9216K)
 Metaspace       used 349015K, committed 352768K, reserved 1376256K
  class space    used 43559K, committed 45184K, reserved 1048576K
}
Event: 90.457 GC heap after
{Heap after GC invocations=83 (full 0):
 garbage-first heap   total 804864K, used 466222K [0x00000000c0000000, 0x0000000100000000)
  region size 1024K, 35 young (35840K), 35 survivors (35840K)
 Metaspace       used 349015K, committed 352768K, reserved 1376256K
  class space    used 43559K, committed 45184K, reserved 1048576K
}
Event: 92.615 GC heap before
{Heap before GC invocations=83 (full 0):
 garbage-first heap   total 804864K, used 730414K [0x00000000c0000000, 0x0000000100000000)
  region size 1024K, 293 young (300032K), 35 survivors (35840K)
 Metaspace       used 349126K, committed 352896K, reserved 1376256K
  class space    used 43564K, committed 45184K, reserved 1048576K
}
Event: 92.681 GC heap after
{Heap after GC invocations=84 (full 0):
 garbage-first heap   total 804864K, used 463163K [0x00000000c0000000, 0x0000000100000000)
  region size 1024K, 23 young (23552K), 23 survivors (23552K)
 Metaspace       used 349126K, committed 352896K, reserved 1376256K
  class space    used 43564K, committed 45184K, reserved 1048576K
}
Event: 93.624 GC heap before
{Heap before GC invocations=84 (full 0):
 garbage-first heap   total 804864K, used 563515K [0x00000000c0000000, 0x0000000100000000)
  region size 1024K, 123 young (125952K), 23 survivors (23552K)
 Metaspace       used 349173K, committed 352896K, reserved 1376256K
  class space    used 43565K, committed 45184K, reserved 1048576K
}
Event: 93.661 GC heap after
{Heap after GC invocations=85 (full 0):
 garbage-first heap   total 804864K, used 472195K [0x00000000c0000000, 0x0000000100000000)
  region size 1024K, 12 young (12288K), 12 survivors (12288K)
 Metaspace       used 349173K, committed 352896K, reserved 1376256K
  class space    used 43565K, committed 45184K, reserved 1048576K
}
Event: 96.383 GC heap before
{Heap before GC invocations=86 (full 0):
 garbage-first heap   total 804864K, used 713859K [0x00000000c0000000, 0x0000000100000000)
  region size 1024K, 255 young (261120K), 12 survivors (12288K)
 Metaspace       used 349339K, committed 353088K, reserved 1376256K
  class space    used 43570K, committed 45184K, reserved 1048576K
}
Event: 96.430 GC heap after
{Heap after GC invocations=87 (full 0):
 garbage-first heap   total 804864K, used 494248K [0x00000000c0000000, 0x0000000100000000)
  region size 1024K, 32 young (32768K), 32 survivors (32768K)
 Metaspace       used 349339K, committed 353088K, reserved 1376256K
  class space    used 43570K, committed 45184K, reserved 1048576K
}
Event: 97.225 GC heap before
{Heap before GC invocations=87 (full 0):
 garbage-first heap   total 804864K, used 760488K [0x00000000c0000000, 0x0000000100000000)
  region size 1024K, 255 young (261120K), 32 survivors (32768K)
 Metaspace       used 349881K, committed 353600K, reserved 1376256K
  class space    used 43642K, committed 45248K, reserved 1048576K
}
Event: 97.322 GC heap after
{Heap after GC invocations=88 (full 0):
 garbage-first heap   total 848896K, used 480359K [0x00000000c0000000, 0x0000000100000000)
  region size 1024K, 32 young (32768K), 32 survivors (32768K)
 Metaspace       used 349881K, committed 353600K, reserved 1376256K
  class space    used 43642K, committed 45248K, reserved 1048576K
}
Event: 98.383 GC heap before
{Heap before GC invocations=88 (full 0):
 garbage-first heap   total 848896K, used 745575K [0x00000000c0000000, 0x0000000100000000)
  region size 1024K, 292 young (299008K), 32 survivors (32768K)
 Metaspace       used 349923K, committed 353664K, reserved 1376256K
  class space    used 43647K, committed 45248K, reserved 1048576K
}
Event: 98.440 GC heap after
{Heap after GC invocations=89 (full 0):
 garbage-first heap   total 848896K, used 512344K [0x00000000c0000000, 0x0000000100000000)
  region size 1024K, 31 young (31744K), 31 survivors (31744K)
 Metaspace       used 349923K, committed 353664K, reserved 1376256K
  class space    used 43647K, committed 45248K, reserved 1048576K
}

Dll operation events (3 events):
Event: 0.349 Loaded shared library C:\Program Files\Android\Android Studio1\jbr\bin\java.dll
Event: 0.462 Loaded shared library C:\Program Files\Android\Android Studio1\jbr\bin\zip.dll
Event: 1.964 Loaded shared library C:\Program Files\Android\Android Studio1\jbr\bin\verify.dll

Deoptimization events (20 events):
Event: 99.243 Thread 0x0000020cdd141690 DEOPT PACKING pc=0x0000020c9d1f26dc sp=0x00000027353fb910
Event: 99.243 Thread 0x0000020cdd141690 DEOPT UNPACKING pc=0x0000020c9c6543a2 sp=0x00000027353fb8c0 mode 2
Event: 99.311 Thread 0x0000020cde05bd20 Uncommon trap: trap_request=0xffffffd6 fr.pc=0x0000020c9d761bc8 relative=0x00000000000007c8
Event: 99.311 Thread 0x0000020cde05bd20 Uncommon trap: reason=array_check action=maybe_recompile pc=0x0000020c9d761bc8 method=com.intellij.psi.stubs.StubBase.fillFilteredChildren(Lcom/intellij/psi/tree/IElementType;[Lcom/intellij/psi/PsiElement;Ljava/util/List;)V @ 56 c2
Event: 99.311 Thread 0x0000020cde05bd20 DEOPT PACKING pc=0x0000020c9d761bc8 sp=0x00000027383fbf20
Event: 99.311 Thread 0x0000020cde05bd20 DEOPT UNPACKING pc=0x0000020c9c6543a2 sp=0x00000027383fbec8 mode 2
Event: 99.314 Thread 0x0000020cde05bd20 Uncommon trap: trap_request=0xffffffd6 fr.pc=0x0000020c9d761bc8 relative=0x00000000000007c8
Event: 99.314 Thread 0x0000020cde05bd20 Uncommon trap: reason=array_check action=maybe_recompile pc=0x0000020c9d761bc8 method=com.intellij.psi.stubs.StubBase.fillFilteredChildren(Lcom/intellij/psi/tree/IElementType;[Lcom/intellij/psi/PsiElement;Ljava/util/List;)V @ 56 c2
Event: 99.314 Thread 0x0000020cde05bd20 DEOPT PACKING pc=0x0000020c9d761bc8 sp=0x00000027383fbe10
Event: 99.314 Thread 0x0000020cde05bd20 DEOPT UNPACKING pc=0x0000020c9c6543a2 sp=0x00000027383fbdb8 mode 2
Event: 99.314 Thread 0x0000020cde05bd20 Uncommon trap: trap_request=0xffffffd6 fr.pc=0x0000020c9d761bc8 relative=0x00000000000007c8
Event: 99.314 Thread 0x0000020cde05bd20 Uncommon trap: reason=array_check action=maybe_recompile pc=0x0000020c9d761bc8 method=com.intellij.psi.stubs.StubBase.fillFilteredChildren(Lcom/intellij/psi/tree/IElementType;[Lcom/intellij/psi/PsiElement;Ljava/util/List;)V @ 56 c2
Event: 99.314 Thread 0x0000020cde05bd20 DEOPT PACKING pc=0x0000020c9d761bc8 sp=0x00000027383fbf20
Event: 99.314 Thread 0x0000020cde05bd20 DEOPT UNPACKING pc=0x0000020c9c6543a2 sp=0x00000027383fbec8 mode 2
Event: 99.314 Thread 0x0000020cde05bd20 Uncommon trap: trap_request=0xffffffd6 fr.pc=0x0000020c9d761bc8 relative=0x00000000000007c8
Event: 99.314 Thread 0x0000020cde05bd20 Uncommon trap: reason=array_check action=maybe_recompile pc=0x0000020c9d761bc8 method=com.intellij.psi.stubs.StubBase.fillFilteredChildren(Lcom/intellij/psi/tree/IElementType;[Lcom/intellij/psi/PsiElement;Ljava/util/List;)V @ 56 c2
Event: 99.314 Thread 0x0000020cde05bd20 DEOPT PACKING pc=0x0000020c9d761bc8 sp=0x00000027383fbe10
Event: 99.314 Thread 0x0000020cde05bd20 DEOPT UNPACKING pc=0x0000020c9c6543a2 sp=0x00000027383fbdb8 mode 2
Event: 99.641 Thread 0x0000020d78c9a900 DEOPT PACKING pc=0x0000020c901955de sp=0x000000274f1fdd60
Event: 99.642 Thread 0x0000020d78c9a900 DEOPT UNPACKING pc=0x0000020c9c654b42 sp=0x000000274f1fd218 mode 0

Classes loaded (20 events):
Event: 96.759 Loading class com/intellij/platform/eel/EelPlatform$Posix
Event: 96.759 Loading class com/intellij/platform/eel/EelPlatform$Posix done
Event: 96.764 Loading class com/intellij/platform/eel/EelPlatform$Linux
Event: 96.764 Loading class com/intellij/platform/eel/EelPlatform$Linux done
Event: 96.765 Loading class com/intellij/openapi/projectRoots/impl/jdkDownloader/JdkPlatform
Event: 96.765 Loading class com/intellij/openapi/projectRoots/impl/jdkDownloader/JdkPlatform done
Event: 96.769 Loading class kotlin/jvm/functions/Function1
Event: 96.769 Loading class kotlin/jvm/functions/Function1 done
Event: 96.769 Loading class kotlin/jvm/functions/Function1
Event: 96.769 Loading class kotlin/jvm/functions/Function1 done
Event: 96.777 Loading class com/intellij/openapi/projectRoots/impl/jdkDownloader/JdkInstallerBase
Event: 96.777 Loading class com/intellij/openapi/projectRoots/impl/jdkDownloader/JdkInstallerBase done
Event: 96.777 Loading class com/intellij/openapi/projectRoots/impl/jdkDownloader/JdkInstallerBase
Event: 96.777 Loading class com/intellij/openapi/projectRoots/impl/jdkDownloader/JdkInstallerBase done
Event: 96.798 Loading class com/android/tools/idea/model/NamespaceRawText
Event: 96.798 Loading class com/android/tools/idea/model/NamespaceRawText done
Event: 97.326 Loading class com/intellij/openapi/projectRoots/impl/jdkDownloader/JdkUpdaterNotifications$doUpdate$lambda$0$$inlined$sortedBy$1
Event: 97.326 Loading class com/intellij/openapi/projectRoots/impl/jdkDownloader/JdkUpdaterNotifications$doUpdate$lambda$0$$inlined$sortedBy$1 done
Event: 97.327 Loading class com/intellij/openapi/projectRoots/impl/jdkDownloader/JdkUpdaterNotifications$doUpdate$2
Event: 97.327 Loading class com/intellij/openapi/projectRoots/impl/jdkDownloader/JdkUpdaterNotifications$doUpdate$2 done

Classes unloaded (20 events):
Event: 94.058 Thread 0x0000020cb1d6ba80 Unloading class 0x0000000102c38400 'java/lang/invoke/LambdaForm$MH+0x0000000102c38400'
Event: 98.874 Thread 0x0000020cb1d6ba80 Unloading class 0x0000000102398400 'java/lang/invoke/LambdaForm$MH+0x0000000102398400'
Event: 98.874 Thread 0x0000020cb1d6ba80 Unloading class 0x0000000102398800 'java/lang/invoke/LambdaForm$MH+0x0000000102398800'
Event: 98.874 Thread 0x0000020cb1d6ba80 Unloading class 0x00000001023ac400 'java/lang/invoke/LambdaForm$MH+0x00000001023ac400'
Event: 98.874 Thread 0x0000020cb1d6ba80 Unloading class 0x00000001023ac800 'java/lang/invoke/LambdaForm$MH+0x00000001023ac800'
Event: 98.874 Thread 0x0000020cb1d6ba80 Unloading class 0x00000001023ad800 'java/lang/invoke/LambdaForm$MH+0x00000001023ad800'
Event: 98.874 Thread 0x0000020cb1d6ba80 Unloading class 0x00000001023d4c00 'java/lang/invoke/LambdaForm$MH+0x00000001023d4c00'
Event: 98.874 Thread 0x0000020cb1d6ba80 Unloading class 0x0000000102420800 'java/lang/invoke/LambdaForm$MH+0x0000000102420800'
Event: 98.874 Thread 0x0000020cb1d6ba80 Unloading class 0x0000000102421400 'java/lang/invoke/LambdaForm$MH+0x0000000102421400'
Event: 98.874 Thread 0x0000020cb1d6ba80 Unloading class 0x0000000102422000 'java/lang/invoke/LambdaForm$MH+0x0000000102422000'
Event: 98.874 Thread 0x0000020cb1d6ba80 Unloading class 0x0000000102422800 'java/lang/invoke/LambdaForm$MH+0x0000000102422800'
Event: 98.874 Thread 0x0000020cb1d6ba80 Unloading class 0x00000001029bc000 'java/lang/invoke/LambdaForm$MH+0x00000001029bc000'
Event: 98.874 Thread 0x0000020cb1d6ba80 Unloading class 0x00000001029bc800 'java/lang/invoke/LambdaForm$MH+0x00000001029bc800'
Event: 98.874 Thread 0x0000020cb1d6ba80 Unloading class 0x00000001029bd000 'java/lang/invoke/LambdaForm$MH+0x00000001029bd000'
Event: 98.874 Thread 0x0000020cb1d6ba80 Unloading class 0x00000001029c1400 'java/lang/invoke/LambdaForm$MH+0x00000001029c1400'
Event: 98.874 Thread 0x0000020cb1d6ba80 Unloading class 0x00000001029c1c00 'java/lang/invoke/LambdaForm$MH+0x00000001029c1c00'
Event: 98.874 Thread 0x0000020cb1d6ba80 Unloading class 0x00000001029c2400 'java/lang/invoke/LambdaForm$MH+0x00000001029c2400'
Event: 98.874 Thread 0x0000020cb1d6ba80 Unloading class 0x00000001029c8000 'java/lang/invoke/LambdaForm$MH+0x00000001029c8000'
Event: 98.874 Thread 0x0000020cb1d6ba80 Unloading class 0x00000001029c9000 'java/lang/invoke/LambdaForm$MH+0x00000001029c9000'
Event: 98.874 Thread 0x0000020cb1d6ba80 Unloading class 0x00000001029cac00 'java/lang/invoke/LambdaForm$BMH+0x00000001029cac00'

Classes redefined (4 events):
Event: 2.217 Thread 0x0000020cb1d6ba80 redefined class name=java.math.BigInteger, count=1
Event: 2.233 Thread 0x0000020cb1d6ba80 redefined class name=java.net.InetAddress, count=1
Event: 2.240 Thread 0x0000020cb1d6ba80 redefined class name=sun.management.VMManagementImpl, count=1
Event: 2.274 Thread 0x0000020cb1d6ba80 redefined class name=java.lang.Class, count=1

Internal exceptions (20 events):
Event: 96.438 Thread 0x0000020d639983f0 Exception <a 'sun/nio/fs/WindowsException'{0x00000000fe849a00}> (0x00000000fe849a00) 
thrown [s\src\hotspot\share\prims\jni.cpp, line 537]
Event: 96.440 Thread 0x0000020d639983f0 Exception <a 'sun/nio/fs/WindowsException'{0x00000000fe8b56e8}> (0x00000000fe8b56e8) 
thrown [s\src\hotspot\share\prims\jni.cpp, line 537]
Event: 96.583 Thread 0x0000020cde05eb10 Exception <a 'java/lang/NoSuchMethodError'{0x00000000fbbbe5e0}: com.intellij.openapi.projectRoots.impl.jdkDownloader.JdkUpdaterNotifications: method 'void <init>()' not found> (0x00000000fbbbe5e0) 
thrown [s\src\hotspot\share\interpreter\linkResolver.cpp, line 1174]
Event: 96.782 Thread 0x0000020cde05eb10 Exception <a 'sun/nio/fs/WindowsException'{0x00000000e9047f30}> (0x00000000e9047f30) 
thrown [s\src\hotspot\share\prims\jni.cpp, line 537]
Event: 96.783 Thread 0x0000020cde05eb10 Exception <a 'sun/nio/fs/WindowsException'{0x00000000e90a25a8}> (0x00000000e90a25a8) 
thrown [s\src\hotspot\share\prims\jni.cpp, line 537]
Event: 96.784 Thread 0x0000020cde05eb10 Exception <a 'sun/nio/fs/WindowsException'{0x00000000e90ecc30}> (0x00000000e90ecc30) 
thrown [s\src\hotspot\share\prims\jni.cpp, line 537]
Event: 96.790 Thread 0x0000020cde05eb10 Exception <a 'sun/nio/fs/WindowsException'{0x00000000e8e00418}> (0x00000000e8e00418) 
thrown [s\src\hotspot\share\prims\jni.cpp, line 537]
Event: 96.956 Thread 0x0000020d639983f0 Exception <a 'sun/nio/fs/WindowsException'{0x00000000e60e8128}> (0x00000000e60e8128) 
thrown [s\src\hotspot\share\prims\jni.cpp, line 537]
Event: 96.957 Thread 0x0000020d639983f0 Exception <a 'sun/nio/fs/WindowsException'{0x00000000e5c8deb0}> (0x00000000e5c8deb0) 
thrown [s\src\hotspot\share\prims\jni.cpp, line 537]
Event: 97.071 Thread 0x0000020cdbf39cd0 Exception <a 'sun/nio/fs/WindowsException'{0x00000000e3cd7d30}> (0x00000000e3cd7d30) 
thrown [s\src\hotspot\share\prims\jni.cpp, line 537]
Event: 97.116 Thread 0x0000020d639983f0 Exception <a 'sun/nio/fs/WindowsException'{0x00000000e2e00528}> (0x00000000e2e00528) 
thrown [s\src\hotspot\share\prims\jni.cpp, line 537]
Event: 97.165 Thread 0x0000020d639983f0 Exception <a 'sun/nio/fs/WindowsException'{0x00000000e232a998}> (0x00000000e232a998) 
thrown [s\src\hotspot\share\prims\jni.cpp, line 537]
Event: 97.166 Thread 0x0000020d639983f0 Exception <a 'sun/nio/fs/WindowsException'{0x00000000e23aa930}> (0x00000000e23aa930) 
thrown [s\src\hotspot\share\prims\jni.cpp, line 537]
Event: 97.330 Thread 0x0000020d639983f0 Exception <a 'sun/nio/fs/WindowsException'{0x00000000fea4ab68}> (0x00000000fea4ab68) 
thrown [s\src\hotspot\share\prims\jni.cpp, line 537]
Event: 97.335 Thread 0x0000020d639983f0 Exception <a 'sun/nio/fs/WindowsException'{0x00000000fe808f90}> (0x00000000fe808f90) 
thrown [s\src\hotspot\share\prims\jni.cpp, line 537]
Event: 97.801 Thread 0x0000020d639983f0 Exception <a 'sun/nio/fs/WindowsException'{0x00000000e9dc1bb0}> (0x00000000e9dc1bb0) 
thrown [s\src\hotspot\share\prims\jni.cpp, line 537]
Event: 98.462 Thread 0x0000020d639983f0 Exception <a 'sun/nio/fs/WindowsException'{0x00000000fe7640a0}> (0x00000000fe7640a0) 
thrown [s\src\hotspot\share\prims\jni.cpp, line 537]
Event: 98.463 Thread 0x0000020d639983f0 Exception <a 'sun/nio/fs/WindowsException'{0x00000000fe765da0}> (0x00000000fe765da0) 
thrown [s\src\hotspot\share\prims\jni.cpp, line 537]
Event: 98.992 Thread 0x0000020d639983f0 Exception <a 'sun/nio/fs/WindowsException'{0x00000000fe797680}> (0x00000000fe797680) 
thrown [s\src\hotspot\share\prims\jni.cpp, line 537]
Event: 98.995 Thread 0x0000020d639983f0 Exception <a 'sun/nio/fs/WindowsException'{0x00000000fc04b210}> (0x00000000fc04b210) 
thrown [s\src\hotspot\share\prims\jni.cpp, line 537]

ZGC Phase Switch (0 events):
No events

VM Operations (20 events):
Event: 92.607 Executing safepoint VM operation: G1CollectForAllocation (G1 Evacuation Pause)
Event: 92.682 Executing safepoint VM operation: G1CollectForAllocation (G1 Evacuation Pause) done
Event: 93.607 Executing safepoint VM operation: G1TryInitiateConcMark (G1 Humongous Allocation)
Event: 93.619 Executing safepoint VM operation: G1TryInitiateConcMark (G1 Humongous Allocation) done
Event: 93.623 Executing safepoint VM operation: G1TryInitiateConcMark (G1 Humongous Allocation)
Event: 93.661 Executing safepoint VM operation: G1TryInitiateConcMark (G1 Humongous Allocation) done
Event: 94.054 Executing safepoint VM operation: G1PauseRemark
Event: 94.160 Executing safepoint VM operation: G1PauseRemark done
Event: 95.373 Executing safepoint VM operation: G1PauseCleanup
Event: 95.387 Executing safepoint VM operation: G1PauseCleanup done
Event: 96.376 Executing safepoint VM operation: G1CollectForAllocation (G1 Evacuation Pause)
Event: 96.377 Executing safepoint VM operation: G1CollectForAllocation (G1 Evacuation Pause) done
Event: 96.383 Executing safepoint VM operation: G1CollectForAllocation (GCLocker Initiated GC)
Event: 96.430 Executing safepoint VM operation: G1CollectForAllocation (GCLocker Initiated GC) done
Event: 97.224 Executing safepoint VM operation: G1CollectForAllocation (G1 Evacuation Pause)
Event: 97.322 Executing safepoint VM operation: G1CollectForAllocation (G1 Evacuation Pause) done
Event: 98.371 Executing safepoint VM operation: G1CollectForAllocation (G1 Evacuation Pause)
Event: 98.440 Executing safepoint VM operation: G1CollectForAllocation (G1 Evacuation Pause) done
Event: 98.859 Executing safepoint VM operation: G1PauseRemark
Event: 98.971 Executing safepoint VM operation: G1PauseRemark done

Memory protections (0 events):
No events

Nmethod flushes (20 events):
Event: 98.948 Thread 0x0000020cb1d6ba80 flushing  nmethod 0x0000020c90026b10
Event: 98.948 Thread 0x0000020cb1d6ba80 flushing  nmethod 0x0000020c9d6b3810
Event: 98.948 Thread 0x0000020cb1d6ba80 flushing  nmethod 0x0000020c8e111910
Event: 98.948 Thread 0x0000020cb1d6ba80 flushing  nmethod 0x0000020c8e3c6410
Event: 98.948 Thread 0x0000020cb1d6ba80 flushing  nmethod 0x0000020c8fb01b10
Event: 98.948 Thread 0x0000020cb1d6ba80 flushing  nmethod 0x0000020c8fb40c90
Event: 98.948 Thread 0x0000020cb1d6ba80 flushing  nmethod 0x0000020c8fe07910
Event: 98.948 Thread 0x0000020cb1d6ba80 flushing  nmethod 0x0000020c8ff37d90
Event: 98.948 Thread 0x0000020cb1d6ba80 flushing  nmethod 0x0000020c8ff3bb10
Event: 98.948 Thread 0x0000020cb1d6ba80 flushing  nmethod 0x0000020c8ff3be90
Event: 98.948 Thread 0x0000020cb1d6ba80 flushing  nmethod 0x0000020c8fdd6c10
Event: 98.948 Thread 0x0000020cb1d6ba80 flushing  nmethod 0x0000020c8ff60790
Event: 98.948 Thread 0x0000020cb1d6ba80 flushing  nmethod 0x0000020c8fac0590
Event: 98.948 Thread 0x0000020cb1d6ba80 flushing  nmethod 0x0000020c8fac1190
Event: 98.948 Thread 0x0000020cb1d6ba80 flushing  nmethod 0x0000020c8fac1910
Event: 98.948 Thread 0x0000020cb1d6ba80 flushing  nmethod 0x0000020c8fac2e90
Event: 98.948 Thread 0x0000020cb1d6ba80 flushing  nmethod 0x0000020c8fac4290
Event: 98.948 Thread 0x0000020cb1d6ba80 flushing  nmethod 0x0000020c8fac4690
Event: 98.948 Thread 0x0000020cb1d6ba80 flushing  nmethod 0x0000020c8fac4f90
Event: 98.948 Thread 0x0000020cb1d6ba80 flushing osr nmethod 0x0000020c900e5210

Events (20 events):
Event: 83.459 Thread 0x0000020d82bc6020 Thread exited: 0x0000020d82bc6020
Event: 84.342 Thread 0x0000020d74b4d820 Thread exited: 0x0000020d74b4d820
Event: 84.342 Thread 0x0000020d74b4c470 Thread exited: 0x0000020d74b4c470
Event: 84.343 Thread 0x0000020d74b4f260 Thread exited: 0x0000020d74b4f260
Event: 85.488 Thread 0x0000020cddfa09f0 Thread exited: 0x0000020cddfa09f0
Event: 86.084 Thread 0x0000020cdd141690 Thread added: 0x0000020d78c12c40
Event: 86.746 Thread 0x0000020cdbf0bef0 Thread exited: 0x0000020cdbf0bef0
Event: 88.236 Thread 0x0000020cde1638d0 Thread exited: 0x0000020cde1638d0
Event: 89.253 Thread 0x0000020d78c12c40 Thread exited: 0x0000020d78c12c40
Event: 90.458 Thread 0x0000020d6d2eae20 Thread exited: 0x0000020d6d2eae20
Event: 93.056 Thread 0x0000020cddfa4b90 Thread added: 0x0000020d841fab60
Event: 96.432 Thread 0x0000020d4f0e8580 Thread exited: 0x0000020d4f0e8580
Event: 96.438 Thread 0x0000020d4f0e8c10 Thread exited: 0x0000020d4f0e8c10
Event: 96.536 Thread 0x0000020cde161170 Thread exited: 0x0000020cde161170
Event: 96.648 Thread 0x0000020cde15c2b0 Thread exited: 0x0000020cde15c2b0
Event: 96.780 Thread 0x0000020cde161e90 Thread added: 0x0000020d8feb2550
Event: 96.947 Thread 0x0000020cddf9fcd0 Thread exited: 0x0000020cddf9fcd0
Event: 96.947 Thread 0x0000020cde1d7cc0 Thread exited: 0x0000020cde1d7cc0
Event: 97.078 Thread 0x0000020d8feb2550 Thread exited: 0x0000020d8feb2550
Event: 99.265 Thread 0x0000020d841fab60 Thread exited: 0x0000020d841fab60


Dynamic libraries:
0x00000000000a0000 - 0x000000000013f000 	C:\Program Files\Android\Android Studio1\bin\studio64.exe
0x00007ffb1a120000 - 0x00007ffb1a386000 	C:\WINDOWS\SYSTEM32\ntdll.dll
0x00007ffb183c0000 - 0x00007ffb18489000 	C:\WINDOWS\System32\KERNEL32.DLL
0x00007ffb175e0000 - 0x00007ffb179e0000 	C:\WINDOWS\System32\KERNELBASE.dll
0x00007ffb139d0000 - 0x00007ffb13a70000 	C:\WINDOWS\SYSTEM32\apphelp.dll
0x00007ffaa5c10000 - 0x00007ffaa5c8d000 	C:\WINDOWS\SYSTEM32\AcGenral.dll
0x00007ffb19a10000 - 0x00007ffb19ab9000 	C:\WINDOWS\System32\msvcrt.dll
0x00007ffb19ac0000 - 0x00007ffb19b6a000 	C:\WINDOWS\System32\sechost.dll
0x00007ffb19340000 - 0x00007ffb193a7000 	C:\WINDOWS\System32\SHLWAPI.dll
0x00007ffb17b40000 - 0x00007ffb17c8c000 	C:\WINDOWS\System32\ucrtbase.dll
0x00007ffb193b0000 - 0x00007ffb19577000 	C:\WINDOWS\System32\USER32.dll
0x00007ffb174f0000 - 0x00007ffb17517000 	C:\WINDOWS\System32\win32u.dll
0x00007ffb18490000 - 0x00007ffb184bb000 	C:\WINDOWS\System32\GDI32.dll
0x00007ffb173c0000 - 0x00007ffb174e9000 	C:\WINDOWS\System32\gdi32full.dll
0x00007ffb17310000 - 0x00007ffb173b3000 	C:\WINDOWS\System32\msvcp_win.dll
0x00007ffb184c0000 - 0x00007ffb18659000 	C:\WINDOWS\System32\ole32.dll
0x00007ffb19b70000 - 0x00007ffb19ef3000 	C:\WINDOWS\System32\combase.dll
0x00007ffb182a0000 - 0x00007ffb183b8000 	C:\WINDOWS\System32\RPCRT4.dll
0x00007ffb18100000 - 0x00007ffb181b7000 	C:\WINDOWS\System32\advapi32.dll
0x00007ffb19240000 - 0x00007ffb19337000 	C:\WINDOWS\System32\shcore.dll
0x00007ffb189b0000 - 0x00007ffb19142000 	C:\WINDOWS\System32\SHELL32.dll
0x00007ffaf9cb0000 - 0x00007ffaf9cbb000 	C:\WINDOWS\SYSTEM32\VERSION.dll
0x00007ffb16600000 - 0x00007ffb16632000 	C:\WINDOWS\SYSTEM32\USERENV.dll
0x00007ffaf9250000 - 0x00007ffaf9271000 	C:\WINDOWS\SYSTEM32\MPR.dll
0x00007ffb16260000 - 0x00007ffb162a9000 	C:\WINDOWS\SYSTEM32\SspiCli.dll
0x00007ffb19f00000 - 0x00007ffb19f32000 	C:\WINDOWS\System32\IMM32.DLL
0x00007ffb17a80000 - 0x00007ffb17b2c000 	C:\WINDOWS\System32\bcryptprimitives.dll
0x00007ffb18710000 - 0x00007ffb187e9000 	C:\WINDOWS\System32\oleaut32.dll
0x00007ffade3b0000 - 0x00007ffade42e000 	C:\WINDOWS\SYSTEM32\ninput.dll
0x00007ffb14d70000 - 0x00007ffb15602000 	C:\WINDOWS\SYSTEM32\windows.storage.dll
0x00007ffb17230000 - 0x00007ffb17259000 	C:\WINDOWS\SYSTEM32\profapi.dll
0x00007ffa95ab0000 - 0x00007ffa96746000 	C:\Program Files\Android\Android Studio1\jbr\bin\server\jvm.dll
0x00007ffb18680000 - 0x00007ffb18700000 	C:\WINDOWS\System32\WS2_32.dll
0x00007ffb17170000 - 0x00007ffb171ce000 	C:\WINDOWS\SYSTEM32\POWRPROF.dll
0x00007ffb147f0000 - 0x00007ffb14826000 	C:\WINDOWS\SYSTEM32\WINMM.dll
0x00007ffb0eba0000 - 0x00007ffb0ebac000 	C:\Program Files\Android\Android Studio1\jbr\bin\VCRUNTIME140_1.dll
0x00007ffaf1d20000 - 0x00007ffaf1d3b000 	C:\Program Files\Android\Android Studio1\jbr\bin\VCRUNTIME140.dll
0x00007ffb17150000 - 0x00007ffb17164000 	C:\WINDOWS\SYSTEM32\UMPDC.dll
0x00007ffb0e9f0000 - 0x00007ffb0e9fa000 	C:\Program Files\Android\Android Studio1\jbr\bin\jimage.dll
0x00007ffb143d0000 - 0x00007ffb14612000 	C:\WINDOWS\SYSTEM32\DBGHELP.DLL
0x00007ffb147b0000 - 0x00007ffb147eb000 	C:\WINDOWS\SYSTEM32\dbgcore.DLL
0x00007ffb00780000 - 0x00007ffb0078e000 	C:\Program Files\Android\Android Studio1\jbr\bin\instrument.dll
0x00007ffaeebe0000 - 0x00007ffaeec00000 	C:\Program Files\Android\Android Studio1\jbr\bin\java.dll
0x00007ffaee890000 - 0x00007ffaee8a8000 	C:\Program Files\Android\Android Studio1\jbr\bin\jli.dll
0x00007ffaf21b0000 - 0x00007ffaf2265000 	C:\WINDOWS\WinSxS\amd64_microsoft.windows.common-controls_6595b64144ccf1df_5.82.26100.8328_none_87eede957a2ccddd\COMCTL32.dll
0x00007ffaeb660000 - 0x00007ffaeb678000 	C:\Program Files\Android\Android Studio1\jbr\bin\zip.dll
0x00007ffb15fb0000 - 0x00007ffb15fcb000 	C:\WINDOWS\SYSTEM32\kernel.appcore.dll
0x00007ffb00750000 - 0x00007ffb00760000 	C:\Program Files\Android\Android Studio1\jbr\bin\net.dll
0x00007ffb0ac20000 - 0x00007ffb0ad49000 	C:\WINDOWS\SYSTEM32\WINHTTP.dll
0x00007ffb16540000 - 0x00007ffb165ac000 	C:\WINDOWS\system32\mswsock.dll
0x00007ffaeb330000 - 0x00007ffaeb346000 	C:\Program Files\Android\Android Studio1\jbr\bin\nio.dll
0x00007ffaf8ad0000 - 0x00007ffaf8ae0000 	C:\Program Files\Android\Android Studio1\jbr\bin\verify.dll
0x00007ffaf88a0000 - 0x00007ffaf88a9000 	C:\Program Files\Android\Android Studio1\jbr\bin\management.dll
0x00007ffaf66f0000 - 0x00007ffaf66fb000 	C:\Program Files\Android\Android Studio1\jbr\bin\management_ext.dll
0x00007ffb19170000 - 0x00007ffb19178000 	C:\WINDOWS\System32\PSAPI.DLL
0x00007ffaead40000 - 0x00007ffaead58000 	C:\WINDOWS\system32\napinsp.dll
0x00007ffb15a50000 - 0x00007ffb15ba5000 	C:\WINDOWS\SYSTEM32\DNSAPI.dll
0x00007ffb162f0000 - 0x00007ffb162fd000 	C:\WINDOWS\SYSTEM32\DSPARSE.dll
0x00007ffb15a10000 - 0x00007ffb15a43000 	C:\WINDOWS\SYSTEM32\IPHLPAPI.DLL
0x00007ffb18000000 - 0x00007ffb1800a000 	C:\WINDOWS\System32\NSI.dll
0x00007ffaead20000 - 0x00007ffaead33000 	C:\WINDOWS\System32\winrnr.dll
0x00007ffaeacf0000 - 0x00007ffaead12000 	C:\WINDOWS\system32\nlansp_c.dll
0x00007ffb01600000 - 0x00007ffb01616000 	C:\WINDOWS\system32\wshbth.dll
0x00007ffb0b390000 - 0x00007ffb0b39b000 	C:\Windows\System32\rasadhlp.dll
0x00007ffb0c760000 - 0x00007ffb0c7e6000 	C:\WINDOWS\System32\fwpuclnt.dll
0x00007ffb16970000 - 0x00007ffb1698b000 	C:\WINDOWS\SYSTEM32\CRYPTSP.dll
0x00007ffb15f10000 - 0x00007ffb15f49000 	C:\WINDOWS\system32\rsaenh.dll
0x00007ffb17200000 - 0x00007ffb1722a000 	C:\WINDOWS\SYSTEM32\bcrypt.dll
0x00007ffb167b0000 - 0x00007ffb167bc000 	C:\WINDOWS\SYSTEM32\CRYPTBASE.dll
0x00007ffa982b0000 - 0x00007ffa98449000 	C:\Program Files\Android\Android Studio1\jbr\bin\awt.dll
0x00007ffadc920000 - 0x00007ffadc993000 	C:\WINDOWS\SYSTEM32\OLEACC.dll
0x00007ffb13f00000 - 0x00007ffb13f2f000 	C:\WINDOWS\SYSTEM32\dwmapi.dll
0x00007ffab4070000 - 0x00007ffab40b4000 	C:\Program Files\Android\Android Studio1\jbr\bin\nvdaControllerClient64.dll
0x00007ffaa0c00000 - 0x00007ffaa0c8d000 	C:\Program Files\Android\Android Studio1\jbr\bin\MSVCP140.dll
0x00007ffb13ca0000 - 0x00007ffb13d49000 	C:\WINDOWS\system32\uxtheme.dll
0x00007ffb19f40000 - 0x00007ffb1a09d000 	C:\WINDOWS\System32\MSCTF.dll
0x00007ffa98220000 - 0x00007ffa982a7000 	C:\Program Files\Android\Android Studio1\jbr\bin\freetype.dll
0x00007ffa97f30000 - 0x00007ffa98023000 	C:\Program Files\Android\Android Studio1\jbr\bin\fontmanager.dll
0x00007ffb14780000 - 0x00007ffb147a9000 	C:\WINDOWS\system32\Wtsapi32.dll
0x00007ffb17ca0000 - 0x00007ffb17e18000 	C:\WINDOWS\System32\CRYPT32.dll
0x00007ffb16f00000 - 0x00007ffb16f61000 	C:\WINDOWS\SYSTEM32\WINSTA.dll
0x00007ffa97e10000 - 0x00007ffa97f1c000 	C:\WINDOWS\system32\opengl32.dll
0x00007ffab6f30000 - 0x00007ffab6f5d000 	C:\WINDOWS\SYSTEM32\GLU32.dll
0x00007ffb13f60000 - 0x00007ffb13fa6000 	C:\WINDOWS\SYSTEM32\dxcore.dll
0x00007ffaf4140000 - 0x00007ffaf4148000 	C:\WINDOWS\system32\wshunix.dll
0x00007ffaf58f0000 - 0x00007ffaf58f9000 	C:\Program Files\Android\Android Studio1\jbr\bin\extnet.dll
0x00007ffaa8de0000 - 0x00007ffaa8e29000 	C:\Program Files\Android\Android Studio1\lib\jna\amd64\jnidispatch.dll
0x00007ffaf96f0000 - 0x00007ffaf98c8000 	C:\WINDOWS\WinSxS\amd64_microsoft.windows.gdiplus_6595b64144ccf1df_1.1.26100.8737_none_6ef421943dc63140\gdiplus.dll
0x00007ffaf5670000 - 0x00007ffaf5679000 	C:\Program Files\Android\Android Studio1\jbr\bin\prefs.dll
0x00007ffaeb000000 - 0x00007ffaeb013000 	C:\Program Files\Android\Android Studio1\bin\WinShellIntegrationBridge.dll
0x00007ffb169e0000 - 0x00007ffb169f3000 	C:\WINDOWS\SYSTEM32\MSASN1.dll
0x00007ffb165c0000 - 0x00007ffb165ef000 	C:\WINDOWS\SYSTEM32\gpapi.dll
0x00007ffb19180000 - 0x00007ffb1922e000 	C:\WINDOWS\System32\clbcatq.dll
0x00007ffade440000 - 0x00007ffade4ec000 	C:\Windows\System32\appresolver.dll
0x00007ffb0f210000 - 0x00007ffb0f316000 	C:\WINDOWS\system32\propsys.dll
0x00007ffb00f70000 - 0x00007ffb00fce000 	C:\Windows\System32\Bcp47Langs.dll
0x00007ffb18010000 - 0x00007ffb1808c000 	C:\WINDOWS\System32\coml2.dll
0x00007ffb16e70000 - 0x00007ffb16ec1000 	C:\WINDOWS\SYSTEM32\CFGMGR32.dll
0x00007ffaf8500000 - 0x00007ffaf86dd000 	C:\Windows\System32\urlmon.dll
0x00007ffaf8230000 - 0x00007ffaf84f5000 	C:\Windows\System32\iertutil.dll
0x00007ffb035a0000 - 0x00007ffb035c9000 	C:\Windows\System32\srvcli.dll
0x00007ffb158e0000 - 0x00007ffb158ed000 	C:\Windows\System32\netutils.dll
0x00007ffae9f40000 - 0x00007ffae9f57000 	C:\WINDOWS\SYSTEM32\virtdisk.dll
0x00007ffad9e80000 - 0x00007ffad9e8f000 	C:\WINDOWS\SYSTEM32\LINKINFO.dll
0x00007ffada040000 - 0x00007ffada0e7000 	C:\WINDOWS\SYSTEM32\ntshrui.dll
0x00007ffaea1a0000 - 0x00007ffaea1b3000 	C:\WINDOWS\SYSTEM32\cscapi.dll
0x00007ffb12ea0000 - 0x00007ffb12f57000 	C:\WINDOWS\SYSTEM32\policymanager.dll
0x00007ffaeaf60000 - 0x00007ffaeaf9b000 	C:\WINDOWS\SYSTEM32\cryptnet.dll
0x00007ffb13c80000 - 0x00007ffb13c8e000 	C:\WINDOWS\SYSTEM32\WINNSI.DLL
0x00007ffb0b5a0000 - 0x00007ffb0b5bd000 	C:\WINDOWS\SYSTEM32\dhcpcsvc6.DLL
0x00007ffb0b400000 - 0x00007ffb0b425000 	C:\WINDOWS\SYSTEM32\dhcpcsvc.DLL
0x00007ffa94d50000 - 0x00007ffa95aa3000 	C:\Program Files\Android\Android Studio1\lib\skiko-awt-runtime-all\skiko-windows-x64.dll
0x00007ffb16ef0000 - 0x00007ffb16efa000 	C:\WINDOWS\SYSTEM32\DPAPI.dll
0x00007ffa9f340000 - 0x00007ffa9f3bf000 	C:\Program Files\Android\Android Studio1\jbr\bin\mlib_image.dll
0x00007ffaf6bc0000 - 0x00007ffaf6d07000 	C:\WINDOWS\SYSTEM32\textinputframework.dll
0x00007ffaf8e00000 - 0x00007ffaf9092000 	C:\WINDOWS\WinSxS\amd64_microsoft.windows.common-controls_6595b64144ccf1df_6.0.26100.8737_none_3e092eaee333b772\comctl32.dll
0x00007ffb12140000 - 0x00007ffb1236d000 	C:\WINDOWS\SYSTEM32\WindowsCodecs.dll
0x00007ffadcdf0000 - 0x00007ffadce4d000 	C:\WINDOWS\system32\dataexchange.dll
0x00007ffb04210000 - 0x00007ffb0445f000 	C:\WINDOWS\system32\twinapi.appcore.dll
0x00007ffb135d0000 - 0x00007ffb136f5000 	C:\WINDOWS\SYSTEM32\CoreMessaging.dll
0x00007ffb0df90000 - 0x00007ffb0e274000 	C:\WINDOWS\SYSTEM32\CoreUIComponents.dll
0x00007ffb0db70000 - 0x00007ffb0dcda000 	C:\WINDOWS\SYSTEM32\wintypes.dll
0x00007ffadc610000 - 0x00007ffadc911000 	C:\WINDOWS\system32\explorerframe.dll
0x00007ffaf6ba0000 - 0x00007ffaf6bb2000 	C:\WINDOWS\system32\wbem\wbemprox.dll
0x00007ffaf6b20000 - 0x00007ffaf6b9a000 	C:\WINDOWS\SYSTEM32\wbemcomn.dll
0x00007ffaf5da0000 - 0x00007ffaf5db5000 	C:\WINDOWS\system32\wbem\wbemsvc.dll
0x00007ffaf5de0000 - 0x00007ffaf5ed3000 	C:\WINDOWS\system32\wbem\fastprox.dll
0x00007ffaf6450000 - 0x00007ffaf646d000 	C:\WINDOWS\SYSTEM32\amsi.dll

JVMTI agents:
C:\Program Files\JetBrains\PhpStorm 2024.2.1\ja-netfilter.jar path:C:\Program Files\Android\Android Studio1\jbr\bin\instrument.dll, loaded, initialized, instrumentlib options:jetbrains

dbghelp: loaded successfully - version: 4.0.5 - missing functions: none
symbol engine: initialized successfully - sym options: 0x614 - pdb path: .;C:\Program Files\Android\Android Studio1\bin;C:\WINDOWS\SYSTEM32;C:\Program Files\Android\Android Studio1\jbr\bin\server;C:\Program Files\Android\Android Studio1\jbr\bin;C:\WINDOWS\WinSxS\amd64_microsoft.windows.common-controls_6595b64144ccf1df_5.82.26100.8328_none_87eede957a2ccddd;C:\Program Files\Android\Android Studio1\lib\jna\amd64;C:\WINDOWS\WinSxS\amd64_microsoft.windows.gdiplus_6595b64144ccf1df_1.1.26100.8737_none_6ef421943dc63140;C:\Program Files\Android\Android Studio1\lib\skiko-awt-runtime-all;C:\WINDOWS\WinSxS\amd64_microsoft.windows.common-controls_6595b64144ccf1df_6.0.26100.8737_none_3e092eaee333b772;C:\WINDOWS\system32\wbem;C:\Program Files (x86)\Kaspersky Lab\KES.12.12.0\x64;C:\Windows\Microsoft.NET\Framework64\v4.0.30319;C:\Program Files\Microsoft SQL Server\170\Shared

VM Arguments:
jvm_args: abort vfprintf -XX:ErrorFile=C:\Users\Traveltodo\java_error_in_studio_%p.log -XX:HeapDumpPath=C:\Users\Traveltodo\java_error_in_studio.hprof -Xms256m -Xmx2048m -XX:JbrShrinkingGcMaxHeapFreeRatio=40 -XX:ReservedCodeCacheSize=512m -XX:+HeapDumpOnOutOfMemoryError -XX:-OmitStackTraceInFastThrow -XX:CICompilerCount=2 -XX:+IgnoreUnrecognizedVMOptions -XX:+UnlockDiagnosticVMOptions -XX:TieredOldPercentage=100000 -ea -Dsun.io.useCanonCaches=false -Dsun.java2d.metal=true -Djbr.catch.SIGABRT=true -Djdk.http.auth.tunneling.disabledSchemes="" -Djdk.attach.allowAttachSelf=true -Djdk.module.illegalAccess.silent=true -Djdk.nio.maxCachedBufferSize=2097152 -Djava.util.zip.use.nio.for.zip.file.access=true -Dkotlinx.coroutines.debug=off -Dskiko.rendering.useScreenMenuBar=false -Djava.nio.file.spi.DefaultFileSystemProvider=com.intellij.platform.core.nio.fs.MultiRoutingFileSystemProvider -Dflags.configuration.level=COMPLETE -Dflags.debug.enabled=false -Xms128m -Xmx1024m -XX:ReservedCodeCacheSize=512m -XX:+IgnoreUnrecognizedVMOptions -XX:+UseG1GC -XX:SoftRefLRUPolicyMSPerMB=50 -XX:CICompilerCount=2 -XX:+HeapDumpOnOutOfMemoryError -XX:-OmitStackTraceInFastThrow -ea -Dsun.io.useCanonCaches=false -Djdk.http.auth.tunneling.disabledSchemes="" -Djdk.attach.allowAttachSelf=true -Djdk.module.illegalAccess.silent=true -Dkotlinx.coroutines.debug=off -XX:ErrorFile=$USER_HOME/java_error_in_idea_%p.log -XX:HeapDumpPath=$USER_HOME/java_error_in_idea.hprof --add-opens=java.base/jdk.internal.org.objectweb.asm=ALL-UNNAMED --add-opens=java.base/jdk.internal.org.objectweb.asm.tree=ALL-UNNAMED -javaagent:C:\Program Files\JetBrains\PhpStorm 2024.2.1\ja-netfilter.jar=jetbrains -Djb.vmOptionsFile=C:\Program Files\JetBrains\PhpStorm 2024.2.1\vmoptions\studio.vmoptions -Xbootclasspath/a:C:\Program Files\Android\Android Studio1\lib\nio-fs.jar -Djava.system.class.loader=com.intellij.util.lang.PathClassLoader -Didea.vendor.name=Google -Didea.paths.selector=AndroidStudio2026.1.1 -Djna.boot.library.path=C:\Program Files\Android\Android Studio1/lib/jna/amd64 -Djna.nosys=true -Djna.noclasspath=true -Dpty4j.preferred.native.folder=C:\Program Files\Android\Android Studio1/lib/pty4j -Dio.netty.allocator.type=pooled -Dskiko.library.path=C:\Program Files\Android\Android Studio1/lib/skiko-awt-runtime-all -Dintellij.platform.runtime.repository.path=C:\Program Files\Android\Android Studio1/modules/module-descriptors.dat -Didea.platform.prefix=AndroidStudio -XX:FlightRecorderOptions=stackdepth=256 --add-opens=java.base/sun.net.www.protocol.https=ALL-UNNAMED -Djava.security.manager=allow -XX:CompileCommand=exclude,org.jetbrains.kotlin.serialization.deserialization.TypeDeserializer::simpleType -XX:CompileCommand=exclude,org.jetbrains.kotlin.serialization.deserialization.TypeDeserializer::toAttributes -Dsplash=true -Daether.connector.resumeDownloads=false -Dcompose.swing.render.on.graphics=true --enable-native-access=ALL-UNNAMED --add-opens=java.base/java.io=ALL-UNNAMED --add-opens=java.base/java.lang=ALL-UNNAMED --add-opens=java.base/java.lang.ref=ALL-UNNAMED --add-opens=java.base/java.lang.reflect=ALL-UNNAMED --add-opens=java.base/java.net=ALL-UNNAMED --add-opens=java.base/java.nio=ALL-UNNAMED --add-opens=java.base/java.nio.charset=ALL-UNNAMED --add-opens=java.base/java.text=ALL-UNNAMED --add-opens=java.base/java.time=ALL-UNNAMED --add-opens=java.base/java.util=ALL-UNNAMED --add-opens=java.base/java.util.concurrent=ALL-UNNAMED --add-opens=java.base/java.util.concurrent.atomic=ALL-UNNAMED --add-opens=java.base/java.util.concurrent.locks=ALL-UNNAMED --add-opens=java.base/jdk.internal.ref=ALL-UNNAMED --add-opens=java.base/jdk.internal.vm=ALL-UNNAMED --add-opens=java.base/sun.net.dns=ALL-UNNAMED --add-opens=java.base/sun.nio=ALL-UNNAMED --add-opens=java.base/sun.nio.ch=ALL-UNNAMED --add-opens=java.base/sun.nio.fs=ALL-UNNAMED --add-opens=java.base/sun.security.ssl=ALL-UNNAMED --add-opens=java.base/sun.security.util=ALL-UNNAMED --add-opens=java.desktop/com.sun.java.swing=ALL-UNNAMED --add-opens=java.desktop/java.awt=ALL-UNNAMED --add-opens=java.desktop/java.awt.dnd.peer=ALL-UNNAMED --add-opens=java.desktop/java.awt.event=ALL-UNNAMED --add-opens=java.desktop/java.awt.font=ALL-UNNAMED --add-opens=java.desktop/java.awt.image=ALL-UNNAMED --add-opens=java.desktop/java.awt.peer=ALL-UNNAMED --add-opens=java.desktop/javax.swing=ALL-UNNAMED --add-opens=java.desktop/javax.swing.plaf.basic=ALL-UNNAMED --add-opens=java.desktop/javax.swing.text=ALL-UNNAMED --add-opens=java.desktop/javax.swing.text.html=ALL-UNNAMED --add-opens=java.desktop/javax.swing.text.html.parser=ALL-UNNAMED --add-opens=java.desktop/sun.awt=ALL-UNNAMED --add-opens=java.desktop/sun.awt.datatransfer=ALL-UNNAMED --add-opens=java.desktop/sun.awt.image=ALL-UNNAMED --add-opens=java.desktop/sun.awt.windows=ALL-UNNAMED --add-opens=java.desktop/sun.font=ALL-UNNAMED --add-opens=java.desktop/sun.java2d=ALL-UNNAMED --add-opens=java.desktop/sun.swing=ALL-UNNAMED --add-opens=java.management/sun.management=ALL-UNNAMED --add-opens=jdk.attach/sun.tools.attach=ALL-UNNAMED --add-opens=jdk.compiler/com.sun.tools.javac.api=ALL-UNNAMED --add-opens=jdk.internal.jvmstat/sun.jvmstat.monitor=ALL-UNNAMED --add-opens=jdk.jdi/com.sun.tools.jdi=ALL-UNNAMED -Dide.native.launcher=true 
java_command: com.android.tools.idea.MainWrapper C:\Users\Traveltodo\Desktop\Nouveau dossier\mr-burritos-mobile\manager-app\android
java_class_path (initial): C:\Program Files\Android\Android Studio1\lib\platform-loader.jar;C:\Program Files\Android\Android Studio1\lib\util-8.jar;C:\Program Files\Android\Android Studio1\lib\app.jar;C:\Program Files\Android\Android Studio1\lib\util.jar;C:\Program Files\Android\Android Studio1\lib\app-backend.jar;C:\Program Files\Android\Android Studio1\lib\annotations.jar;C:\Program Files\Android\Android Studio1\lib\eclipse.lsp4j.debug.jar;C:\Program Files\Android\Android Studio1\lib\eclipse.lsp4j.jar;C:\Program Files\Android\Android Studio1\lib\eclipse.lsp4j.jsonrpc.debug.jar;C:\Program Files\Android\Android Studio1\lib\eclipse.lsp4j.jsonrpc.jar;C:\Program Files\Android\Android Studio1\lib\external-system-rt.jar;C:\Program Files\Android\Android Studio1\lib\externalProcess-rt.jar;C:\Program Files\Android\Android Studio1\lib\fleet.andel.jar;C:\Program Files\Android\Android Studio1\lib\fleet.bifurcan.jar;C:\Program Files\Android\Android Studio1\lib\fleet.fastutil.jar;C:\Program Files\Android\Android Studio1\lib\fleet.kernel.jar;C:\Program Files\Android\Android Studio1\lib\fleet.multiplatform.shims.jar;C:\Program Files\Android\Android Studio1\lib\fleet.reporting.api.jar;C:\Program Files\Android\Android Studio1\lib\fleet.reporting.shared.jar;C:\Program Files\Android\Android Studio1\lib\fleet.rhizomedb.jar;C:\Program Files\Android\Android Studio1\lib\fleet.rhizomedb.transactor.jar;C:\Program Files\Android\Android Studio1\lib\fleet.rhizomedb.transactor.rebase.jar;C:\Program Files\Android\Android Studio1\lib\fleet.rpc.jar;C:\Program Files\Android\Android Studio1\lib\fleet.rpc.server.jar;C:\Program Files\Android\Android Studio1\lib\fleet.util.codepoints.jar;C:\Program Files\Android\Android Studio1\lib\fleet.util.core.jar;C:\Program Files\Android\Android Studio1\lib\fleet.util.logging.api.jar;C:\Program Files\Android\Android Studio1\lib\fleet.util.serialization.jar;C:\Program Files\Android\Android Studio1\lib\forms_rt.jar;C:\Program Files\Android\Android Studio1\lib\groovy.jar;C:\Program Files\Android\Android Studio1\lib\idea_rt.jar;C:\Program Files\Android\Android Studio1\lib\intellij-test-discovery.jar;C:\Program Files\Android\Android Studio1\lib\intellij.libraries.aalto.xml.jar;C:\Program Files\Android\Android Studio1\lib\intellij.libraries.asm.jar;C:\Program Files\Android\Android Studio1\lib\intellij.libraries.asm.tools.jar;C:\Program Files\Android\Android Studio1\lib\intellij.libraries.automaton.jar;C:\Program Files\Android\Android Studio1\lib\intellij.libraries.batik.jar;C:\Program Files\Android\Android Studio1\lib\intellij.libraries.blockmap.jar;C:\Program Files\Android\Android Studio1\lib\intellij.libraries.bouncy.castle.pgp.jar;C:\Program Files\Android\Android Studio1\lib\intellij.libraries.bouncy.castle.provider.jar;C:\Program Files\Android\Android Studio1\lib\intellij.libraries.caffeine.jar;C:\Program Files\Android\Android Studio1\lib\intellij.libraries.cglib.jar;C:\Program Files\Android\Android Studio1\lib\intellij.libraries.classgraph.jar;C:\Program Files\Android\Android Studio1\lib\intellij.libraries.cli.parser.jar;C:\Program Files\Android\Android Studio1\lib\intellij.libraries.commons.cli.jar;C:\Program Files\Android\Android Studio1\lib\intellij.libraries.commons.codec.jar;C:\Program Files\Android\Android Studio1\lib\intellij.libraries.commons.compress.jar;C:\Program Files\Android\Android Studio1\lib\intellij.libraries.commons.imaging.jar;C:\Program Files\Android\Android Studio1\lib\intellij.libraries.commons.io.jar;C:\Program Files\Android\Android Studio1\lib\intellij.libraries.commons.lang3.jar;C:\Program Files\Android\Android Studio1\lib\intellij.libraries.commons.logging.jar;C:\Program Files\Android\Android Studio1\lib\intellij.libraries.fastutil.jar;C:\Program Files\Android\Android Studio1\lib\intellij.libraries.gson.jar;C:\Program Files\Android\Android Studio1\lib\intellij.libraries.guava.jar;C:\Program Files\Android\Android Studio1\lib\intellij.libraries.hash4j.jar;C:\Program Files\Android\Android Studio1\lib\intellij.libraries.hdr.histogram.jar;C:\Program Files\Android\Android Studio1\lib\intellij.libraries.http.client.jar;C:\Program Files\Android\Android Studio1\lib\intellij.libraries.icu4j.jar;C:\Program Files\Android\Android Studio1\lib\intellij.libraries.imgscalr.jar;C:\Program Files\Android\Android Studio1\lib\intellij.libraries.ini4j.jar;C:\Program Files\Android\Android Studio1\lib\intellij.libraries.ion.jar;C:\Program Files\Android\Android Studio1\lib\intellij.libraries.jackson.databind.jar;C:\Program Files\Android\Android Studio1\lib\intellij.libraries.jackson.dataformat.yaml.jar;C:\Program Files\Android\Android Studio1\lib\intellij.libraries.jackson.jar;C:\Program Files\Android\Android Studio1\lib\intellij.libraries.jackson.jr.objects.jar;C:\Program Files\Android\Android Studio1\lib\intellij.libraries.jackson.module.kotlin.jar;C:\Program Files\Android\Android Studio1\lib\intellij.libraries.java.websocket.jar;C:\Program Files\Android\Android Studio1\lib\intellij.libraries.javax.annotation.jar;C:\Program Files\Android\Android Studio1\lib\intellij.libraries.jaxen.jar;C:\Program Files\Android\Android Studio1\lib\intellij.libraries.jbr.jar;C:\Program Files\Android\Android Studio1\lib\intellij.libraries.jcef.jar;C:\Program Files\Android\Android Studio1\lib\intellij.libraries.jcip.jar;C:\Program Files\Android\Android Studio1\lib\intellij.libraries.jediterm.core.jar;C:\Program Files\Android\Android Studio1\lib\intellij.libraries.jediterm.ui.jar;C:\Program Files\Android\Android Studio1\lib\intellij.libraries.jettison.jar;C:\Program Files\Android\Android Studio1\lib\intellij.libraries.jgoodies.common.jar;C:\Program Files\Android\Android Studio1\lib\intellij.libraries.jgoodies.forms.jar;C:\Program Files\Android\Android Studio1\lib\intellij.libraries.jsonpath.jar;C:\Program Files\Android\Android Studio1\lib\intellij.libraries.jsoup.jar;C:\Program Files\Android\Android Studio1\lib\intellij.libraries.jsvg.jar;C:\Program Files\Android\Android Studio1\lib\intellij.libraries.jvm.native.trusted.roots.jar;C:\Program Files\Android\Android Studio1\lib\intellij.libraries.jzlib.jar;C:\Program Files\Android\Android Studio1\lib\intellij.libraries.kotlin.reflect.jar;C:\Program Files\Android\Android Studio1\lib\intellij.libraries.kotlinx.collections.immutable.jar;C:\Program Files\Android\Android Studio1\lib\intellij.libraries.kotlinx.coroutines.core.jar;C:\Program Files\Android\Android Studio1\lib\intellij.libraries.kotlinx.coroutines.debug.jar;C:\Program Files\Android\Android Studio1\lib\intellij.libraries.kotlinx.coroutines.slf4j.jar;C:\Program Files\Android\Android Studio1\lib\intellij.libraries.kotlinx.datetime.jar;C:\Program Files\Android\Android Studio1\lib\intellij.libraries.kotlinx.html.jar;C:\Program Files\Android\Android Studio1\lib\intellij.libraries.kotlinx.io.jar;C:\Program Files\Android\Android Studio1\lib\intellij.libraries.kotlinx.serialization.cbor.jar;C:\Program Files\Android\Android Studio1\lib\intellij.libraries.kotlinx.serialization.core.jar;C:\Program Files\Android\Android Studio1\lib\intellij.libraries.kotlinx.serialization.json.jar;C:\Program Files\Android\Android Studio1\lib\intellij.libraries.kotlinx.serialization.protobuf.jar;C:\Program Files\Android\Android Studio1\lib\intellij.libraries.kryo5.jar;C:\Program Files\Android\Android Studio1\lib\intellij.libraries.ktor.client.cio.jar;C:\Program Files\Android\Android Studio1\lib\intellij.libraries.ktor.client.jar;C:\Program Files\Android\Android Studio1\lib\intellij.libraries.ktor.io.jar;C:\Program Files\Android\Android Studio1\lib\intellij.libraries.ktor.network.tls.jar;C:\Program Files\Android\Android Studio1\lib\intellij.libraries.ktor.server.cio.jar;C:\Program Files\Android\Android Studio1\lib\intellij.libraries.ktor.utils.jar;C:\Program Files\Android\Android Studio1\lib\intellij.libraries.lz4.jar;C:\Program Files\Android\Android Studio1\lib\intellij.libraries.markdown.jar;C:\Program Files\Android\Android Studio1\lib\intellij.libraries.miglayout.swing.jar;C:\Program Files\Android\Android Studio1\lib\intellij.libraries.mvstore.jar;C:\Program Files\Android\Android Studio1\lib\intellij.libraries.netty.buffer.jar;C:\Program Files\Android\Android Studio1\lib\intellij.libraries.netty.codec.compression.jar;C:\Program Files\Android\Android Studio1\lib\intellij.libraries.netty.codec.http.jar;C:\Program Files\Android\Android Studio1\lib\intellij.libraries.netty.handler.proxy.jar;C:\Program Files\Android\Android Studio1\lib\intellij.libraries.opentelemetry.exporter.sender.jdk.jar;C:\Program Files\Android\Android Studio1\lib\intellij.libraries.opentelemetry.sdk.autoconfigure.spi.jar;C:\Program Files\Android\Android Studio1\lib\intellij.libraries.oro.matcher.jar;C:\Program Files\Android\Android Studio1\lib\intellij.libraries.protobuf.jar;C:\Program Files\Android\Android Studio1\lib\intellij.libraries.proxy.vole.jar;C:\Program Files\Android\Android Studio1\lib\intellij.libraries.pty4j.jar;C:\Program Files\Android\Android Studio1\lib\intellij.libraries.rd.core.jar;C:\Program Files\Android\Android Studio1\lib\intellij.libraries.rd.framework.jar;C:\Program Files\Android\Android Studio1\lib\intellij.libraries.rd.swing.jar;C:\Program Files\Android\Android Studio1\lib\intellij.libraries.rd.text.jar;C:\Program Files\Android\Android Studio1\lib\intellij.libraries.rhino.jar;C:\Program Files\Android\Android Studio1\lib\intellij.libraries.snakeyaml.engine.jar;C:\Program Files\Android\Android Studio1\lib\intellij.libraries.snakeyaml.jar;C:\Program Files\Android\Android Studio1\lib\intellij.libraries.sshj.jar;C:\Program Files\Android\Android Studio1\lib\intellij.libraries.stream.jar;C:\Program Files\Android\Android Studio1\lib\intellij.libraries.swingx.jar;C:\Program Files\Android\Android Studio1\lib\intellij.libraries.velocity.jar;C:\Program Files\Android\Android Studio1\lib\intellij.libraries.winp.jar;C:\Program Files\Android\Android Studio1\lib\intellij.libraries.xerces.jar;C:\Program Files\Android\Android Studio1\lib\intellij.libraries.xstream.jar;C:\Program Files\Android\Android Studio1\lib\intellij.libraries.xtext.xbase.jar;C:\Program Files\Android\Android Studio1\lib\intellij.libraries.xz.jar;C:\Program Files\Android\Android Studio1\lib\intellij.platform.analysis.impl.jar;C:\Program Files\Android\Android Studio1\lib\intellij.platform.analysis.jar;C:\Program Files\Android\Android Studio1\lib\intellij.platform.builtInServer.impl.jar;C:\Program Files\Android\Android Studio1\lib\intellij.platform.builtInServer.jar;C:\Program Files\Android\Android Studio1\lib\intellij.platform.core.impl.jar;C:\Program Files\Android\Android Studio1\lib\intellij.platform.core.jar;C:\Program Files\Android\Android Studio1\lib\intellij.platform.core.ui.jar;C:\Program Files\Android\Android Studio1\lib\intellij.platform.credentialStore.impl.jar;C:\Program Files\Android\Android Studio1\lib\intellij.platform.credentialStore.ui.jar;C:\Program Files\Android\Android Studio1\lib\intellij.platform.debugger.impl.jar;C:\Program Files\Android\Android Studio1\lib\intellij.platform.debugger.impl.rpc.jar;C:\Program Files\Android\Android Studio1\lib\intellij.platform.debugger.impl.shared.jar;C:\Program Files\Android\Android Studio1\lib\intellij.platform.debugger.impl.ui.jar;C:\Program Files\Android\Android Studio1\lib\intellij.platform.debugger.jar;C:\Program Files\Android\Android Studio1\lib\intellij.platform.diff.impl.jar;C:\Program Files\Android\Android Studio1\lib\intellij.platform.diff.jar;C:\Program Files\Android\Android Studio1\lib\intellij.platform.duplicates.analysis.jar;C:\Program Files\Android\Android Studio1\lib\intellij.platform.eel.impl.jar;C:\Program Files\Android\Android Studio1\lib\intellij.platform.externalProcessAuthHelper.jar;C:\Program Files\Android\Android Studio1\lib\intellij.platform.externalSystem.dependencyUpdater.jar;C:\Program Files\Android\Android Studio1\lib\intellij.platform.externalSystem.impl.jar;C:\Program Files\Android\Android Studio1\lib\intellij.platform.externalSystem.jar;C:\Program Files\Android\Android Studio1\lib\intellij.platform.find.jar;C:\Program Files\Android\Android Studio1\lib\intellij.platform.ide.concurrency.jar;C:\Program Files\Android\Android Studio1\lib\intellij.platform.ide.core.jar;C:\Program Files\Android\Android Studio1\lib\intellij.platform.ide.impl.jar;C:\Program Files\Android\Android Studio1\lib\intellij.platform.ide.jar;C:\Program Files\Android\Android Studio1\lib\intellij.platform.kernel.jar;C:\Program Files\Android\Android Studio1\lib\intellij.platform.lang.core.jar;C:\Program Files\Android\Android Studio1\lib\intellij.platform.lang.impl.jar;C:\Program Files\Android\Android Studio1\lib\intellij.platform.lang.jar;C:\Program Files\Android\Android Studio1\lib\intellij.platform.locking.impl.jar;C:\Program Files\Android\Android Studio1\lib\intellij.platform.managed.cache.jar;C:\Program Files\Android\Android Studio1\lib\intellij.platform.polySymbols.backend.jar;C:\Program Files\Android\Android Studio1\lib\intellij.platform.polySymbols.jar;C:\Program Files\Android\Android Studio1\lib\intellij.platform.projectFrame.jar;C:\Program Files\Android\Android Studio1\lib\intellij.platform.projectModel.impl.jar;C:\Program Files\Android\Android Studio1\lib\intellij.platform.projectModel.jar;C:\Program Files\Android\Android Studio1\lib\intellij.platform.rpc.jar;C:\Program Files\Android\Android Studio1\lib\intellij.platform.rpc.topics.jar;C:\Program Files\Android\Android Studio1\lib\intellij.platform.scopes.jar;C:\Program Files\Android\Android Studio1\lib\intellij.platform.smRunner.jar;C:\Program Files\Android\Android Studio1\lib\intellij.platform.util.ex.jar;C:\Program Files\Android\Android Studio1\lib\intellij.platform.util.ui.jar;C:\Program Files\Android\Android Studio1\lib\intellij.platform.vcs.core.jar;C:\Program Files\Android\Android Studio1\lib\intellij.platform.vcs.jar;C:\Program Files\Android\Android Studio1\lib\intellij.platform.vcs.shared.jar;C:\Program Files\Android\Android Studio1\lib\intellij.platform.welcomeScreen.impl.jar;C:\Program Files\Android\Android Studio1\lib\intellij.platform.welcomeScreen.jar;C:\Program Files\Android\Android Studio1\lib\intellij.regexp.jar;C:\Program Files\Android\Android Studio1\lib\intellij.xml.analysis.impl.jar;C:\Program Files\Android\Android Studio1\lib\intellij.xml.analysis.jar;C:\Program Files\Android\Android Studio1\lib\intellij.xml.dom.impl.jar;C:\Program Files\Android\Android Studio1\lib\intellij.xml.dom.jar;C:\Program Files\Android\Android Studio1\lib\intellij.xml.impl.jar;C:\Program Files\Android\Android Studio1\lib\intellij.xml.parser.jar;C:\Program Files\Android\Android Studio1\lib\intellij.xml.psi.impl.jar;C:\Program Files\Android\Android Studio1\lib\intellij.xml.psi.jar;C:\Program Files\Android\Android Studio1\lib\intellij.xml.structureView.impl.jar;C:\Program Files\Android\Android Studio1\lib\intellij.xml.structureView.jar;C:\Program Files\Android\Android Studio1\lib\intellij.xml.syntax.jar;C:\Program Files\Android\Android Studio1\lib\intellij.xml.ui.common.jar;C:\Program Files\Android\Android Studio1\lib\javax.activation.jar;C:\Program Files\Android\Android Studio1\lib\javax.annotation-api.jar;C:\Program Files\Android\Android Studio1\lib\jaxb-api.jar;C:\Program Files\Android\Android Studio1\lib\jaxb-runtime.jar;C:\Program Files\Android\Android Studio1\lib\jps-model.jar;C:\Program Files\Android\Android Studio1\lib\junit4.jar;C:\Program Files\Android\Android Studio1\lib\kotlinx-coroutines-guava.jar;C:\Program Files\Android\Android Studio1\lib\lib.jar;C:\Program Files\Android\Android Studio1\lib\opentelemetry.jar;C:\Program Files\Android\Android Studio1\lib\rd-gen.jar;C:\Program Files\Android\Android Studio1\lib\resources.jar;C:\Program Files\Android\Android Studio1\lib\stats.jar;C:\Program Files\Android\Android Studio1\lib\trove.jar;C:\Program Files\Android\Android Studio1\lib\util_rt.jar
Launcher Type: generic

[Global flags]
     intx CICompilerCount                          = 2                                         {product} {command line}
ccstrlist CompileCommand                           = exclude,org.jetbrains.kotlin.serialization.deserialization.TypeDeserializer::simpleType
          CompileCommand                          += exclude,org.jetbrains.kotlin.serialization.deserialization.TypeDeserializer::toAttributes            {product} {command line}
     uint ConcGCThreads                            = 4                                         {product} {ergonomic}
    ccstr ErrorFile                                = $USER_HOME/java_error_in_idea_%p.log            {product} {command line}
    ccstr FlightRecorderOptions                    = stackdepth=256                            {product} {command line}
     uint G1ConcRefinementThreads                  = 15                                        {product} {ergonomic}
   size_t G1HeapRegionSize                         = 1048576                                   {product} {ergonomic}
    uintx GCDrainStackTargetSize                   = 64                                        {product} {ergonomic}
     bool HeapDumpOnOutOfMemoryError               = true                                   {manageable} {command line}
    ccstr HeapDumpPath                             = $USER_HOME/java_error_in_idea.hprof         {manageable} {command line}
     bool IgnoreUnrecognizedVMOptions              = true                                      {product} {command line}
   size_t InitialHeapSize                          = 134217728                                 {product} {command line}
    uintx JbrShrinkingGcMaxHeapFreeRatio           = 40                                     {manageable} {command line}
   size_t MarkStackSize                            = 4194304                                   {product} {ergonomic}
   size_t MaxHeapSize                              = 1073741824                                {product} {command line}
   size_t MaxNewSize                               = 643825664                                 {product} {ergonomic}
   size_t MinHeapDeltaBytes                        = 1048576                                   {product} {ergonomic}
   size_t MinHeapSize                              = 134217728                                 {product} {command line}
    uintx NonNMethodCodeHeapSize                   = 5826188                                {pd product} {ergonomic}
    uintx NonProfiledCodeHeapSize                  = 265522362                              {pd product} {ergonomic}
     bool OmitStackTraceInFastThrow                = false                                     {product} {command line}
    uintx ProfiledCodeHeapSize                     = 265522362                              {pd product} {ergonomic}
    uintx ReservedCodeCacheSize                    = 536870912                              {pd product} {command line}
     bool SegmentedCodeCache                       = true                                      {product} {ergonomic}
   size_t SoftMaxHeapSize                          = 1073741824                             {manageable} {ergonomic}
     intx SoftRefLRUPolicyMSPerMB                  = 50                                        {product} {command line}
     intx TieredOldPercentage                      = 100000                                 {diagnostic} {command line}
     bool UnlockDiagnosticVMOptions                = true                                   {diagnostic} {command line}
     bool UseCompressedOops                        = true                           {product lp64_product} {ergonomic}
     bool UseG1GC                                  = true                                      {product} {command line}
     bool UseLargePagesIndividualAllocation        = false                                  {pd product} {ergonomic}

Logging:
Log output configuration:
 #0: stdout all=warning uptime,level,tags foldmultilines=false (reconfigured)
 #1: stderr all=off uptime,level,tags foldmultilines=false

Release file:
JAVA_VERSION="21.0.10" 
MODULES="java.base java.compiler java.datatransfer java.xml java.prefs java.desktop java.instrument java.logging java.management java.security.sasl java.naming java.rmi java.management.rmi java.net.http java.scripting java.security.jgss java.transaction.xa java.sql java.sql.rowset java.xml.crypto java.se java.smartcardio jdk.accessibility jdk.internal.jvmstat jdk.attach jdk.charsets jdk.internal.opt jdk.zipfs jdk.compiler jdk.crypto.ec jdk.crypto.cryptoki jdk.dynalink jdk.hotspot.agent jdk.httpserver jdk.internal.ed jdk.internal.le jdk.internal.vm.ci jdk.jartool jdk.javadoc jdk.jcmd jdk.jdeps jdk.jdwp.agent jdk.jdi jdk.jfr jdk.jlink jdk.jsobject jdk.localedata jdk.management jdk.management.agent jdk.management.jfr jdk.naming.dns jdk.naming.rmi jdk.net jdk.sctp jdk.security.auth jdk.security.jgss jdk.unsupported jdk.unsupported.desktop jdk.xml.dom" 
IMPLEMENTOR="JetBrains s.r.o." 
JAVA_RUNTIME_VERSION="21.0.10+-14961533-b1163.108" 
LIBC="default" 
OS_ARCH="x86_64" 
OS_NAME="Windows" 
SOURCE=".:git:1351622c2ff2" 

Environment Variables:
JAVA_HOME=C:\Program Files\Eclipse Adoptium\jdk-21.0.11.10-hotspot\
PATH=C:\Users\Traveltodo\Desktop\Nouveau dossier\mr-burritos-mobile\manager-app\node_modules\.bin;C:\Users\Traveltodo\Desktop\Nouveau dossier\mr-burritos-mobile\manager-app\node_modules\.bin;C:\Users\Traveltodo\Desktop\Nouveau dossier\mr-burritos-mobile\node_modules\.bin;C:\Users\Traveltodo\Desktop\Nouveau dossier\node_modules\.bin;C:\Users\Traveltodo\Desktop\node_modules\.bin;C:\Users\Traveltodo\node_modules\.bin;C:\Users\node_modules\.bin;C:\node_modules\.bin;C:\Users\Traveltodo\AppData\Roaming\npm\node_modules\npm\node_modules\@npmcli\run-script\lib\node-gyp-bin;C:\Users\Traveltodo\bin;C:\Program Files\Git\mingw64\bin;C:\Program Files\Git\usr\local\bin;C:\Program Files\Git\usr\bin;C:\Program Files\Git\usr\bin;C:\Program Files\Git\mingw64\bin;C:\Program Files\Git\usr\bin;C:\Users\Traveltodo\bin;C:\Users\Traveltodo\AppData\Roaming\Code\User\globalStorage\github.copilot-chat\debugCommand;C:\Users\Traveltodo\AppData\Roaming\Code\User\globalStorage\github.copilot-chat\copilotCli;C:\Python314\Scripts;C:\Python314;C:\Program Files\SqlCmd;C:\Program Files\Eclipse Adoptium\jdk-21.0.11.10-hotspot\bin;C:\Program Files\Eclipse Adoptium\jdk-17.0.18.8-hotspot\bin;C:\WINDOWS\system32;C:\WINDOWS;C:\WINDOWS\System32\Wbem;C:\WINDOWS\System32\WindowsPowerShell\v1.0;C:\WINDOWS\System32\OpenSSH;C:\Program Files\Git\cmd;C:\xampp\php;C:\Program Files (x86)\Microsoft SQL Server\160\Tools\Binn;C:\Program Files\Microsoft SQL Server\160\Tools\Binn;C:\Program Files\Microsoft SQL Server\Client SDK\ODBC\170\Tools\Binn;C:\Program Files\Microsoft SQL Server\160\DTS\Binn;C:\Program Files\Ampps\php;C:\laragon\bin\php\php-8.3.28-Win32-vs16-x64;C:\ProgramData\ComposerSetup\bin;C:\Program Files (x86)\Microsoft SQL Server\170\Tools\Binn;C:\Program Files\Microsoft SQL Server\170\Tools\Binn;C:\Program Files\Microsoft SQL Server\Client SDK\ODBC\180\Tools\Binn;C:\Program Files\Microsoft SQL Server\170\DTS\Binn;C:\Program Files\nodejs;C:\ProgramData\chocolatey\bin;C:\Users\Traveltodo\AppData\Local\Programs\Python\Python313\Scripts;C:\Users\Traveltodo\AppData\Local\Programs\Python\Python313;C:\Users\Traveltodo\AppData\Local\Microsoft\WindowsApps;C:\Users\Traveltodo\AppData\Roaming\Composer\vendor\bin;C:\Users\Traveltodo\AppData\Local\Programs\cursor\resources\app\bin;C:\Users\Traveltodo\AppData\Local\Programs\Microsoft VS Code\bin;C:\Users\Traveltodo\AppData\Roaming\npm;C:\Program Files\Git\usr\bin\vendor_perl;C:\Program Files\Git\usr\bin\core_perl;C:\Users\Traveltodo\AppData\Local\Android\Sdk\platform-tools;C:\Users\Traveltodo\AppData\Local\Android\Sdk\emulator
USERNAME=Nabil Bedhyef
SHELL=C:\Program Files\Git\usr\bin\bash.exe
DISPLAY=needs-to-be-defined
LANG=en_US.UTF-8
TERM=xterm-256color
TMPDIR=C:\Users\TRAVEL~1\AppData\Local\Temp
OS=Windows_NT
PROCESSOR_IDENTIFIER=Intel64 Family 6 Model 186 Stepping 2, GenuineIntel
TMP=C:\Users\TRAVEL~1\AppData\Local\Temp
TEMP=C:\Users\TRAVEL~1\AppData\Local\Temp




Periodic native trim disabled

JNI global refs:
JNI global refs: 177, weak refs: 156

JNI global refs memory usage: 2099, weak refs: 4057

Process memory usage:
Resident Set Size: 2473984K (7% of 30963516K total physical memory with 10981300K free physical memory)

OOME stack traces (most recent first):
Classloader memory used:
Loader com.intellij.util.lang.PathClassLoader                                          : 170M
Loader com.intellij.ide.plugins.cl.PluginClassLoader                                   : 122M
Loader bootstrap                                                                       : 49437K
Loader jdk.internal.loader.ClassLoaders$PlatformClassLoader                            : 588K
Loader jdk.internal.loader.ClassLoaders$AppClassLoader                                 : 505K
Loader jdk.internal.jrtfs.JrtFileSystemProvider$JrtFsLoader                            : 363K
Loader sun.reflect.misc.MethodUtil                                                     : 4152B

Classes loaded by more than one classloader:
Class jdk.internal.jimage.BasicImageReader                                            : loaded 2 times (x 95B)
Class jdk.internal.jimage.decompressor.StringSharingDecompressorFactory               : loaded 2 times (x 74B)
Class fjm.ipy.jhennxxt                                                                : loaded 2 times (x 75B)
Class jdk.internal.jrtfs.JrtFileSystemProvider                                        : loaded 2 times (x 101B)
Class jdk.internal.jimage.ImageLocation                                               : loaded 2 times (x 90B)
Class yyds.sniarbtej.ᐧฅ                                                           : loaded 2 times (x 71B)
Class jdk.internal.jimage.ImageBufferCache$1                                          : loaded 2 times (x 83B)
Class jdk.internal.jimage.ImageBufferCache$2                                          : loaded 2 times (x 91B)
Class jdk.internal.jimage.ImageHeader                                                 : loaded 2 times (x 71B)
Class jdk.internal.jimage.decompressor.ResourceDecompressor                           : loaded 2 times (x 70B)
Class jdk.internal.jimage.ImageStringsReader                                          : loaded 2 times (x 80B)
Class jdk.internal.jimage.ImageReader                                                 : loaded 2 times (x 75B)
Class jdk.internal.jimage.ImageReader$SharedImageReader                               : loaded 2 times (x 95B)
Class jdk.internal.jimage.decompressor.ResourceDecompressorFactory                    : loaded 2 times (x 74B)
Class jdk.internal.jimage.ImageReader$Node                                            : loaded 2 times (x 84B)
Class jdk.internal.jimage.BasicImageReader$1                                          : loaded 2 times (x 77B)
Class jdk.internal.jimage.decompressor.Decompressor                                   : loaded 2 times (x 72B)
Class jdk.internal.jimage.ImageBufferCache                                            : loaded 2 times (x 71B)
Class jdk.internal.jrtfs.JrtPath                                                      : loaded 2 times (x 118B)
Class jdk.internal.jimage.decompressor.ResourceDecompressorRepository                 : loaded 2 times (x 71B)
Class jdk.internal.jimage.ImageReader$Directory                                       : loaded 2 times (x 84B)
Class jdk.internal.jimage.decompressor.ZipDecompressorFactory                         : loaded 2 times (x 74B)
Class jdk.internal.jimage.decompressor.ZipDecompressor                                : loaded 2 times (x 75B)
Class jdk.internal.jimage.ImageStrings                                                : loaded 2 times (x 70B)
Class yyds.sniarbtej.ﺋ$ﺛ                                                          : loaded 2 times (x 71B)
Class jdk.internal.jrtfs.JrtFileSystem                                                : loaded 2 times (x 102B)
Class jdk.internal.jimage.decompressor.CompressedResourceHeader                       : loaded 2 times (x 71B)
Class yyds.sniarbtej.ᐨױ$ˢ                                                         : loaded 2 times (x 71B)
Class jdk.internal.jimage.decompressor.ResourceDecompressor$StringsProvider           : loaded 2 times (x 70B)

---------------  S Y S T E M  ---------------

OS:
 Windows 11 , 64 bit Build 26100 (10.0.26100.8737)
OS uptime: 2 days 6:03 hours
Hyper-V role detected

CPU: total 20 (initial active 20) (10 cores per cpu, 2 threads per core) family 6 model 186 stepping 2 microcode 0x5102, cx8, cmov, fxsr, ht, mmx, 3dnowpref, sse, sse2, sse3, ssse3, sse4.1, sse4.2, popcnt, lzcnt, tsc, tscinvbit, avx, avx2, aes, erms, clmul, bmi1, bmi2, adx, sha, fma, vzeroupper, clflush, clflushopt, clwb, hv, serialize, rdtscp, rdpid, fsrm, f16c, cet_ibt, cet_ss
Processor Information for processor 0
  Max Mhz: 2400, Current Mhz: 2400, Mhz Limit: 2400
Processor Information for processor 1
  Max Mhz: 2400, Current Mhz: 2400, Mhz Limit: 2400
Processor Information for processor 2
  Max Mhz: 2400, Current Mhz: 2400, Mhz Limit: 2400
Processor Information for processor 3
  Max Mhz: 2400, Current Mhz: 2400, Mhz Limit: 2400
Processor Information for processor 4
  Max Mhz: 2400, Current Mhz: 2400, Mhz Limit: 2400
Processor Information for processor 5
  Max Mhz: 2400, Current Mhz: 2400, Mhz Limit: 2400
Processor Information for processor 6
  Max Mhz: 2400, Current Mhz: 2400, Mhz Limit: 2400
Processor Information for processor 7
  Max Mhz: 2400, Current Mhz: 2400, Mhz Limit: 2400
Processor Information for processor 8
  Max Mhz: 2400, Current Mhz: 2400, Mhz Limit: 2400
Processor Information for processor 9
  Max Mhz: 2400, Current Mhz: 2400, Mhz Limit: 2400
Processor Information for processor 10
  Max Mhz: 2400, Current Mhz: 1520, Mhz Limit: 2400
Processor Information for processor 11
  Max Mhz: 2400, Current Mhz: 2400, Mhz Limit: 2400
Processor Information for processor 12
  Max Mhz: 2400, Current Mhz: 1466, Mhz Limit: 2400
Processor Information for processor 13
  Max Mhz: 2400, Current Mhz: 1466, Mhz Limit: 2400
Processor Information for processor 14
  Max Mhz: 2400, Current Mhz: 1466, Mhz Limit: 2400
Processor Information for processor 15
  Max Mhz: 2400, Current Mhz: 1466, Mhz Limit: 2400
Processor Information for processor 16
  Max Mhz: 2400, Current Mhz: 1466, Mhz Limit: 2400
Processor Information for processor 17
  Max Mhz: 2400, Current Mhz: 1466, Mhz Limit: 2400
Processor Information for processor 18
  Max Mhz: 2400, Current Mhz: 1466, Mhz Limit: 2400
Processor Information for processor 19
  Max Mhz: 2400, Current Mhz: 1466, Mhz Limit: 2400

Memory: 4k page, system-wide physical 30237M (10700M free)
TotalPageFile size 51115M (AvailPageFile size 22389M)
current process WorkingSet (physical memory assigned to process): 2434M, peak: 2462M
current process commit charge ("private bytes"): 2164M, peak: 2198M

vm_info: OpenJDK 64-Bit Server VM (21.0.10+-14961533-b1163.108) for windows-amd64 JRE (21.0.10+-14961533-b1163.108), built on 2026-03-02T19:58:50Z by "builder" with MS VC++ 16.10 / 16.11 (VS2019)

END.
